alpha,seed,t,z,near_mass,U_L2,U_theory,U_minus_theory
0.25,20260917,0,1.000000000000,0.7490000000,3.326714800000e-03,3.333000000000e-03,-6.285200000010e-06
0.25,20260917,1,0.937500000000,0.7028700000,2.614734000000e-03,2.603785156250e-03,1.094884374999e-05
0.25,20260917,2,0.878906250000,0.6590400000,2.135138000000e-03,2.109343399048e-03,2.579460095214e-05
0.25,20260917,3,0.823974609375,0.6181400000,1.834388800000e-03,1.812090817034e-03,2.229798296574e-05
0.25,20260917,4,0.772476196289,0.5795800000,1.709848200000e-03,1.679566822985e-03,3.028137701458e-05
0.25,20260917,5,0.724196434021,0.5438900000,1.715707200000e-03,1.683777992071e-03,3.192920792945e-05
0.25,20260917,6,0.678934156895,0.5096600000,1.816271400000e-03,1.800623592146e-03,1.564780785423e-05
0.25,20260917,7,0.636500772089,0.4773300000,2.036645000000e-03,2.009392774005e-03,2.725222599453e-05
0.25,20260917,8,0.596719473833,0.4469800000,2.320792000000e-03,2.292324613064e-03,2.846738693634e-05
0.25,20260917,9,0.559424506719,0.4191500000,2.676384600000e-03,2.634223268781e-03,4.216133121944e-05
0.25,20260917,10,0.524460475049,0.3931600000,3.056397600000e-03,3.022121472324e-03,3.427612767639e-05
0.25,20260917,11,0.491681695358,0.3678400000,3.494243600000e-03,3.444986382313e-03,4.925721768720e-05
0.25,20260917,12,0.460951589398,0.3455000000,3.935290200000e-03,3.893462576981e-03,4.182762301877e-05
0.25,20260917,13,0.432142115061,0.3243200000,4.389382600000e-03,4.359647590926e-03,2.973500907358e-05
0.25,20260917,14,0.405133232870,0.3032900000,4.891921400000e-03,4.836895966597e-03,5.502543340310e-05
0.25,20260917,15,0.379812405815,0.2848300000,5.367903800000e-03,5.319648284205e-03,4.825551579485e-05
0.25,20260917,16,0.356074130452,0.2671100000,5.850924000000e-03,5.803282067193e-03,4.764193280719e-05
0.25,20260917,17,0.333819497299,0.2497100000,6.353869600000e-03,6.283981840997e-03,6.988775900338e-05
0.25,20260917,18,0.312955778717,0.2337600000,6.835703000000e-03,6.758625957090e-03,7.707704291038e-05
0.25,20260917,19,0.293396042548,0.2193400000,7.293138200000e-03,7.224688087740e-03,6.845011225996e-05
0.25,20260917,20,0.275058789888,0.2052300000,7.764403200000e-03,7.680151554592e-03,8.425164540810e-05
0.25,20260917,21,0.257867615520,0.1919600000,8.229439400000e-03,8.123434880381e-03,1.060045196189e-04
0.25,20260917,22,0.241750889550,0.1797000000,8.650683600000e-03,8.553327151682e-03,9.735644831837e-05
0.25,20260917,23,0.226641458953,0.1678500000,9.077419200000e-03,8.968931954889e-03,1.084872451111e-04
0.25,20260917,24,0.212476367769,0.1572200000,9.487964000000e-03,9.369618800646e-03,1.183451993535e-04
0.25,20260917,25,0.199196594783,0.1474600000,9.869825600000e-03,9.754981086196e-03,1.148445138038e-04
0.25,20260917,26,0.186746807609,0.1387200000,1.020851540000e-02,1.012479976297e-02,8.371563703171e-05
0.25,20260917,27,0.175075132134,0.1299400000,1.056220240000e-02,1.047901198012e-02,8.319041987994e-05
0.25,20260917,28,0.164132936375,0.1213300000,1.091746260000e-02,1.081768406545e-02,9.977853455193e-05
0.25,20260917,29,0.153874627852,0.1132000000,1.125740920000e-02,1.114098828467e-02,1.164209153251e-04
0.25,20260917,30,0.144257463611,0.1062000000,1.155867260000e-02,1.144918288992e-02,1.094897100845e-04
0.25,20260918,0,1.000000000000,0.7498200000,3.343119200000e-03,3.333000000000e-03,1.011919999999e-05
0.25,20260918,1,0.937500000000,0.7034000000,2.611422000000e-03,2.603785156250e-03,7.636843749990e-06
0.25,20260918,2,0.878906250000,0.6591300000,2.114983800000e-03,2.109343399048e-03,5.640400952139e-06
0.25,20260918,3,0.823974609375,0.6182300000,1.820437600000e-03,1.812090817034e-03,8.346782965745e-06
0.25,20260918,4,0.772476196289,0.5792700000,1.686489600000e-03,1.679566822985e-03,6.922777014577e-06
0.25,20260918,5,0.724196434021,0.5432100000,1.679304400000e-03,1.683777992071e-03,-4.473592070550e-06
0.25,20260918,6,0.678934156895,0.5094900000,1.784759600000e-03,1.800623592146e-03,-1.586399214577e-05
0.25,20260918,7,0.636500772089,0.4778800000,1.982349600000e-03,2.009392774005e-03,-2.704317400547e-05
0.25,20260918,8,0.596719473833,0.4480300000,2.277515600000e-03,2.292324613064e-03,-1.480901306366e-05
0.25,20260918,9,0.559424506719,0.4200000000,2.612432200000e-03,2.634223268781e-03,-2.179106878056e-05
0.25,20260918,10,0.524460475049,0.3940800000,2.994831600000e-03,3.022121472324e-03,-2.728987232361e-05
0.25,20260918,11,0.491681695358,0.3685200000,3.429103600000e-03,3.444986382313e-03,-1.588278231280e-05
0.25,20260918,12,0.460951589398,0.3450200000,3.889415200000e-03,3.893462576981e-03,-4.047376981225e-06
0.25,20260918,13,0.432142115061,0.3227900000,4.364592600000e-03,4.359647590926e-03,4.945009073583e-06
0.25,20260918,14,0.405133232870,0.3021900000,4.853783000000e-03,4.836895966597e-03,1.688703340310e-05
0.25,20260918,15,0.379812405815,0.2829000000,5.336073400000e-03,5.319648284205e-03,1.642511579485e-05
0.25,20260918,16,0.356074130452,0.2646800000,5.836866400000e-03,5.803282067193e-03,3.358433280719e-05
0.25,20260918,17,0.333819497299,0.2482000000,6.303724400000e-03,6.283981840997e-03,1.974255900338e-05
0.25,20260918,18,0.312955778717,0.2319400000,6.793092600000e-03,6.758625957090e-03,3.446664291038e-05
0.25,20260918,19,0.293396042548,0.2178500000,7.243145800000e-03,7.224688087740e-03,1.845771225996e-05
0.25,20260918,20,0.275058789888,0.2035600000,7.710290000000e-03,7.680151554592e-03,3.013844540810e-05
0.25,20260918,21,0.257867615520,0.1910600000,8.139235800000e-03,8.123434880381e-03,1.580091961887e-05
0.25,20260918,22,0.241750889550,0.1789800000,8.565354600000e-03,8.553327151682e-03,1.202744831838e-05
0.25,20260918,23,0.226641458953,0.1677400000,8.982017600000e-03,8.968931954889e-03,1.308564511109e-05
0.25,20260918,24,0.212476367769,0.1568900000,9.399225800000e-03,9.369618800646e-03,2.960699935351e-05
0.25,20260918,25,0.199196594783,0.1471200000,9.775074800000e-03,9.754981086196e-03,2.009371380376e-05
0.25,20260918,26,0.186746807609,0.1376900000,1.015556560000e-02,1.012479976297e-02,3.076583703171e-05
0.25,20260918,27,0.175075132134,0.1295300000,1.049232280000e-02,1.047901198012e-02,1.331081987994e-05
0.25,20260918,28,0.164132936375,0.1213700000,1.083044620000e-02,1.081768406545e-02,1.276213455193e-05
0.25,20260918,29,0.153874627852,0.1136300000,1.115771480000e-02,1.114098828467e-02,1.672651532509e-05
0.25,20260918,30,0.144257463611,0.1065000000,1.146108540000e-02,1.144918288992e-02,1.190251008445e-05
0.25,20260919,0,1.000000000000,0.7478900000,3.302857600000e-03,3.333000000000e-03,-3.014240000001e-05
0.25,20260919,1,0.937500000000,0.7018800000,2.589372600000e-03,2.603785156250e-03,-1.441255625001e-05
0.25,20260919,2,0.878906250000,0.6581800000,2.104253800000e-03,2.109343399048e-03,-5.089599047860e-06
0.25,20260919,3,0.823974609375,0.6170800000,1.811558400000e-03,1.812090817034e-03,-5.324170342549e-07
0.25,20260919,4,0.772476196289,0.5782800000,1.690766400000e-03,1.679566822985e-03,1.119957701458e-05
0.25,20260919,5,0.724196434021,0.5422300000,1.697507000000e-03,1.683777992071e-03,1.372900792945e-05
0.25,20260919,6,0.678934156895,0.5081100000,1.821298800000e-03,1.800623592146e-03,2.067520785423e-05
0.25,20260919,7,0.636500772089,0.4759200000,2.041667600000e-03,2.009392774005e-03,3.227482599453e-05
0.25,20260919,8,0.596719473833,0.4466000000,2.334251600000e-03,2.292324613064e-03,4.192698693634e-05
0.25,20260919,9,0.559424506719,0.4176900000,2.693164800000e-03,2.634223268781e-03,5.894153121944e-05
0.25,20260919,10,0.524460475049,0.3914700000,3.095668200000e-03,3.022121472324e-03,7.354672767639e-05
0.25,20260919,11,0.491681695358,0.3657200000,3.551060600000e-03,3.444986382313e-03,1.060742176872e-04
0.25,20260919,12,0.460951589398,0.3424600000,4.015442200000e-03,3.893462576981e-03,1.219796230188e-04
0.25,20260919,13,0.432142115061,0.3210700000,4.491452400000e-03,4.359647590926e-03,1.318048090736e-04
0.25,20260919,14,0.405133232870,0.3006700000,4.979068600000e-03,4.836895966597e-03,1.421726334031e-04
0.25,20260919,15,0.379812405815,0.2823000000,5.446468600000e-03,5.319648284205e-03,1.268203157949e-04
0.25,20260919,16,0.356074130452,0.2649700000,5.924948600000e-03,5.803282067193e-03,1.216665328072e-04
0.25,20260919,17,0.333819497299,0.2488200000,6.395198000000e-03,6.283981840997e-03,1.112161590034e-04
0.25,20260919,18,0.312955778717,0.2337900000,6.852175600000e-03,6.758625957090e-03,9.354964291038e-05
0.25,20260919,19,0.293396042548,0.2190900000,7.324791200000e-03,7.224688087740e-03,1.001031122600e-04
0.25,20260919,20,0.275058789888,0.2053100000,7.772636800000e-03,7.680151554592e-03,9.248524540810e-05
0.25,20260919,21,0.257867615520,0.1923500000,8.234284400000e-03,8.123434880381e-03,1.108495196189e-04
0.25,20260919,22,0.241750889550,0.1802800000,8.657909400000e-03,8.553327151682e-03,1.045822483184e-04
0.25,20260919,23,0.226641458953,0.1689800000,9.080242800000e-03,8.968931954889e-03,1.113108451111e-04
0.25,20260919,24,0.212476367769,0.1583300000,9.480994000000e-03,9.369618800646e-03,1.113751993535e-04
0.25,20260919,25,0.199196594783,0.1480900000,9.875759600000e-03,9.754981086196e-03,1.207785138038e-04
0.25,20260919,26,0.186746807609,0.1393900000,1.022212440000e-02,1.012479976297e-02,9.732463703171e-05
0.25,20260919,27,0.175075132134,0.1307600000,1.058347000000e-02,1.047901198012e-02,1.044580198799e-04
0.25,20260919,28,0.164132936375,0.1227300000,1.091030100000e-02,1.081768406545e-02,9.261693455193e-05
0.25,20260919,29,0.153874627852,0.1150600000,1.123064500000e-02,1.114098828467e-02,8.965671532509e-05
0.25,20260919,30,0.144257463611,0.1075400000,1.154638860000e-02,1.144918288992e-02,9.720571008445e-05
0.25,20260920,0,1.000000000000,0.7481000000,3.327188200000e-03,3.333000000000e-03,-5.811800000009e-06
0.25,20260920,1,0.937500000000,0.7019600000,2.617785800000e-03,2.603785156250e-03,1.400064374999e-05
0.25,20260920,2,0.878906250000,0.6578400000,2.127463000000e-03,2.109343399048e-03,1.811960095214e-05
0.25,20260920,3,0.823974609375,0.6165500000,1.847717200000e-03,1.812090817034e-03,3.562638296575e-05
0.25,20260920,4,0.772476196289,0.5775700000,1.713156200000e-03,1.679566822985e-03,3.358937701458e-05
0.25,20260920,5,0.724196434021,0.5409900000,1.719980000000e-03,1.683777992071e-03,3.620200792945e-05
0.25,20260920,6,0.678934156895,0.5069500000,1.844681800000e-03,1.800623592146e-03,4.405820785423e-05
0.25,20260920,7,0.636500772089,0.4748600000,2.064196200000e-03,2.009392774005e-03,5.480342599452e-05
0.25,20260920,8,0.596719473833,0.4450500000,2.348842200000e-03,2.292324613064e-03,5.651758693634e-05
0.25,20260920,9,0.559424506719,0.4173300000,2.680976800000e-03,2.634223268781e-03,4.675353121944e-05
0.25,20260920,10,0.524460475049,0.3912800000,3.068660600000e-03,3.022121472324e-03,4.653912767639e-05
0.25,20260920,11,0.491681695358,0.3672100000,3.486692400000e-03,3.444986382313e-03,4.170601768720e-05
0.25,20260920,12,0.460951589398,0.3443000000,3.934603000000e-03,3.893462576981e-03,4.114042301878e-05
0.25,20260920,13,0.432142115061,0.3220400000,4.422631000000e-03,4.359647590926e-03,6.298340907358e-05
0.25,20260920,14,0.405133232870,0.3022600000,4.890938800000e-03,4.836895966597e-03,5.404283340310e-05
0.25,20260920,15,0.379812405815,0.2834900000,5.372015400000e-03,5.319648284205e-03,5.236711579485e-05
0.25,20260920,16,0.356074130452,0.2652100000,5.888220200000e-03,5.803282067193e-03,8.493813280719e-05
0.25,20260920,17,0.333819497299,0.2491200000,6.357495400000e-03,6.283981840997e-03,7.351355900338e-05
0.25,20260920,18,0.312955778717,0.2334500000,6.826111600000e-03,6.758625957090e-03,6.748564291038e-05
0.25,20260920,19,0.293396042548,0.2186700000,7.298483000000e-03,7.224688087740e-03,7.379491225996e-05
0.25,20260920,20,0.275058789888,0.2051500000,7.745767000000e-03,7.680151554592e-03,6.561544540810e-05
0.25,20260920,21,0.257867615520,0.1921500000,8.193192800000e-03,8.123434880381e-03,6.975791961887e-05
0.25,20260920,22,0.241750889550,0.1802300000,8.612508200000e-03,8.553327151682e-03,5.918104831837e-05
0.25,20260920,23,0.226641458953,0.1688400000,9.031305000000e-03,8.968931954889e-03,6.237304511109e-05
0.25,20260920,24,0.212476367769,0.1581700000,9.444492200000e-03,9.369618800646e-03,7.487339935351e-05
0.25,20260920,25,0.199196594783,0.1479700000,9.845368400000e-03,9.754981086196e-03,9.038731380376e-05
0.25,20260920,26,0.186746807609,0.1383500000,1.022696880000e-02,1.012479976297e-02,1.021690370317e-04
0.25,20260920,27,0.175075132134,0.1301200000,1.056509240000e-02,1.047901198012e-02,8.608041987994e-05
0.25,20260920,28,0.164132936375,0.1220200000,1.090210760000e-02,1.081768406545e-02,8.442353455193e-05
0.25,20260920,29,0.153874627852,0.1144300000,1.122078720000e-02,1.114098828467e-02,7.979891532509e-05
0.25,20260920,30,0.144257463611,0.1071600000,1.152920140000e-02,1.144918288992e-02,8.001851008445e-05
0.25,20260921,0,1.000000000000,0.7510800000,3.385996800000e-03,3.333000000000e-03,5.299679999999e-05
0.25,20260921,1,0.937500000000,0.7027000000,2.638933200000e-03,2.603785156250e-03,3.514804374999e-05
0.25,20260921,2,0.878906250000,0.6589300000,2.172019600000e-03,2.109343399048e-03,6.267620095214e-05
0.25,20260921,3,0.823974609375,0.6178800000,1.879266600000e-03,1.812090817034e-03,6.717578296575e-05
0.25,20260921,4,0.772476196289,0.5786700000,1.724675600000e-03,1.679566822985e-03,4.510877701458e-05
0.25,20260921,5,0.724196434021,0.5426700000,1.725953600000e-03,1.683777992071e-03,4.217560792945e-05
0.25,20260921,6,0.678934156895,0.5095400000,1.832901400000e-03,1.800623592146e-03,3.227780785423e-05
0.25,20260921,7,0.636500772089,0.4782300000,2.037276400000e-03,2.009392774005e-03,2.788362599453e-05
0.25,20260921,8,0.596719473833,0.4484000000,2.317070400000e-03,2.292324613064e-03,2.474578693634e-05
0.25,20260921,9,0.559424506719,0.4207800000,2.651202000000e-03,2.634223268781e-03,1.697873121944e-05
0.25,20260921,10,0.524460475049,0.3947700000,3.041258600000e-03,3.022121472324e-03,1.913712767639e-05
0.25,20260921,11,0.491681695358,0.3699700000,3.464873200000e-03,3.444986382313e-03,1.988681768720e-05
0.25,20260921,12,0.460951589398,0.3474000000,3.897560000000e-03,3.893462576981e-03,4.097423018774e-06
0.25,20260921,13,0.432142115061,0.3258900000,4.369608000000e-03,4.359647590926e-03,9.960409073585e-06
0.25,20260921,14,0.405133232870,0.3056000000,4.836790800000e-03,4.836895966597e-03,-1.051665969006e-07
0.25,20260921,15,0.379812405815,0.2861400000,5.324678000000e-03,5.319648284205e-03,5.029715794854e-06
0.25,20260921,16,0.356074130452,0.2683900000,5.806388000000e-03,5.803282067193e-03,3.105932807190e-06
0.25,20260921,17,0.333819497299,0.2513000000,6.297165800000e-03,6.283981840997e-03,1.318395900338e-05
0.25,20260921,18,0.312955778717,0.2356000000,6.776394800000e-03,6.758625957090e-03,1.776884291038e-05
0.25,20260921,19,0.293396042548,0.2213500000,7.238237200000e-03,7.224688087740e-03,1.354911225996e-05
0.25,20260921,20,0.275058789888,0.2074000000,7.711368000000e-03,7.680151554592e-03,3.121644540810e-05
0.25,20260921,21,0.257867615520,0.1946300000,8.147251200000e-03,8.123434880381e-03,2.381631961887e-05
0.25,20260921,22,0.241750889550,0.1827300000,8.571877400000e-03,8.553327151682e-03,1.855024831838e-05
0.25,20260921,23,0.226641458953,0.1711700000,9.003728600000e-03,8.968931954889e-03,3.479664511109e-05
0.25,20260921,24,0.212476367769,0.1604700000,9.407342000000e-03,9.369618800646e-03,3.772319935351e-05
0.25,20260921,25,0.199196594783,0.1506200000,9.783472200000e-03,9.754981086196e-03,2.849111380376e-05
0.25,20260921,26,0.186746807609,0.1407600000,1.017510460000e-02,1.012479976297e-02,5.030483703171e-05
0.25,20260921,27,0.175075132134,0.1313000000,1.055742760000e-02,1.047901198012e-02,7.841561987994e-05
0.25,20260921,28,0.164132936375,0.1232500000,1.088772740000e-02,1.081768406545e-02,7.004333455193e-05
0.25,20260921,29,0.153874627852,0.1161100000,1.119265900000e-02,1.114098828467e-02,5.167071532509e-05
0.25,20260921,30,0.144257463611,0.1087000000,1.150750240000e-02,1.144918288992e-02,5.831951008445e-05
0.75,20260917,0,1.000000000000,0.7490000000,3.326714800000e-03,3.333000000000e-03,-6.285200000010e-06
0.75,20260917,1,0.812500000000,0.6091700000,1.793244000000e-03,1.770316406250e-03,2.292759375000e-05
0.75,20260917,2,0.660156250000,0.4951300000,1.905306000000e-03,1.881164932251e-03,2.414106774902e-05
0.75,20260917,3,0.536376953125,0.4029400000,2.894166800000e-03,2.882594171584e-03,1.157262841635e-05
0.75,20260917,4,0.435806274414,0.3269400000,4.330755400000e-03,4.297898605185e-03,3.285679481514e-05
0.75,20260917,5,0.354092597961,0.2662900000,5.846636800000e-03,5.845011960817e-03,1.624839183157e-06
0.75,20260917,6,0.287700235844,0.2162800000,7.378665800000e-03,7.364241433607e-03,1.442436639256e-05
0.75,20260917,7,0.233756441623,0.1746300000,8.846792800000e-03,8.771708264064e-03,7.508453593617e-05
0.75,20260917,8,0.189927108819,0.1431100000,1.007062100000e-02,1.002954341289e-02,4.107758710999e-05
0.75,20260917,9,0.154315775915,0.1165400000,1.116064960000e-02,1.112696943613e-02,3.368016386614e-05
0.75,20260917,10,0.125381567931,0.0948600000,1.211903220000e-02,1.206842694352e-02,5.060525648434e-05
0.75,20260917,11,0.101872523944,0.0771100000,1.292626240000e-02,1.286623619924e-02,6.002620075676e-05
0.75,20260917,12,0.082771425704,0.0626600000,1.359074160000e-02,1.353615887669e-02,5.458272330778e-05
0.75,20260917,13,0.067251783385,0.0503800000,1.418687640000e-02,1.409479819689e-02,9.207820310789e-05
0.75,20260917,14,0.054642074000,0.0406200000,1.467760920000e-02,1.455815079872e-02,1.194584012792e-04
0.75,20260917,15,0.044396685125,0.0326900000,1.506450600000e-02,1.494086864729e-02,1.236373527071e-04
0.75,20260917,16,0.036072306664,0.0264100000,1.537951500000e-02,1.525594882219e-02,1.235661778121e-04
0.75,20260917,17,0.029308749165,0.0213600000,1.563932640000e-02,1.551467257747e-02,1.246538225258e-04
0.75,20260917,18,0.023813358696,0.0175500000,1.583529660000e-02,1.572668198852e-02,1.086146114800e-04
0.75,20260917,19,0.019348353941,0.0144000000,1.600557340000e-02,1.590012551319e-02,1.054478868062e-04
0.75,20260917,20,0.015720537577,0.0117400000,1.614503260000e-02,1.604183124190e-02,1.032013581039e-04
0.75,20260917,21,0.012772936781,0.0095100000,1.626206460000e-02,1.615748395963e-02,1.045806403734e-04
0.75,20260917,22,0.010378011135,0.0077800000,1.635169720000e-02,1.625179297022e-02,9.990422977979e-05
0.75,20260917,23,0.008432134047,0.0063000000,1.642702580000e-02,1.632864427175e-02,9.838152825473e-05
0.75,20260917,24,0.006851108913,0.0051500000,1.648823000000e-02,1.639123464150e-02,9.699535849764e-05
0.75,20260917,25,0.005566525992,0.0043400000,1.652927140000e-02,1.644218747376e-02,8.708392624075e-05
0.75,20260917,26,0.004522802368,0.0034200000,1.657657520000e-02,1.648365144881e-02,9.292375118772e-05
0.75,20260917,27,0.003674776924,0.0027800000,1.660938960000e-02,1.651738370590e-02,9.200589409506e-05
0.75,20260917,28,0.002985756251,0.0023000000,1.663380780000e-02,1.654481940454e-02,8.898839546436e-05
0.75,20260917,29,0.002425926954,0.0018300000,1.665706360000e-02,1.656712955232e-02,8.993404768412e-05
0.75,20260917,30,0.001971065650,0.0015500000,1.667100740000e-02,1.658526885444e-02,8.573854555553e-05
0.75,20260918,0,1.000000000000,0.7498200000,3.343119200000e-03,3.333000000000e-03,1.011919999999e-05
0.75,20260918,1,0.812500000000,0.6086000000,1.781081200000e-03,1.770316406250e-03,1.076479375000e-05
0.75,20260918,2,0.660156250000,0.4947100000,1.883577600000e-03,1.881164932251e-03,2.412667749023e-06
0.75,20260918,3,0.536376953125,0.4026800000,2.868880000000e-03,2.882594171584e-03,-1.371417158365e-05
0.75,20260918,4,0.435806274414,0.3281300000,4.286525400000e-03,4.297898605185e-03,-1.137320518486e-05
0.75,20260918,5,0.354092597961,0.2675600000,5.802078600000e-03,5.845011960817e-03,-4.293336081684e-05
0.75,20260918,6,0.287700235844,0.2178300000,7.307629000000e-03,7.364241433607e-03,-5.661243360744e-05
0.75,20260918,7,0.233756441623,0.1769300000,8.737819400000e-03,8.771708264064e-03,-3.388886406383e-05
0.75,20260918,8,0.189927108819,0.1434200000,1.002078740000e-02,1.002954341289e-02,-8.756012890012e-06
0.75,20260918,9,0.154315775915,0.1157200000,1.116136660000e-02,1.112696943613e-02,3.439716386614e-05
0.75,20260918,10,0.125381567931,0.0937100000,1.212196360000e-02,1.206842694352e-02,5.353665648435e-05
0.75,20260918,11,0.101872523944,0.0759200000,1.292298520000e-02,1.286623619924e-02,5.674900075676e-05
0.75,20260918,12,0.082771425704,0.0617500000,1.358440480000e-02,1.353615887669e-02,4.824592330778e-05
0.75,20260918,13,0.067251783385,0.0500200000,1.415405240000e-02,1.409479819689e-02,5.925420310789e-05
0.75,20260918,14,0.054642074000,0.0404900000,1.461152940000e-02,1.455815079872e-02,5.337860127920e-05
0.75,20260918,15,0.044396685125,0.0329900000,1.499231840000e-02,1.494086864729e-02,5.144975270705e-05
0.75,20260918,16,0.036072306664,0.0267300000,1.531304380000e-02,1.525594882219e-02,5.709497781215e-05
0.75,20260918,17,0.029308749165,0.0216100000,1.557201500000e-02,1.551467257747e-02,5.734242252575e-05
0.75,20260918,18,0.023813358696,0.0172900000,1.578920940000e-02,1.572668198852e-02,6.252741147999e-05
0.75,20260918,19,0.019348353941,0.0137500000,1.596897660000e-02,1.590012551319e-02,6.885108680621e-05
0.75,20260918,20,0.015720537577,0.0112300000,1.610303080000e-02,1.604183124190e-02,6.119955810389e-05
0.75,20260918,21,0.012772936781,0.0091300000,1.621511120000e-02,1.615748395963e-02,5.762724037339e-05
0.75,20260918,22,0.010378011135,0.0073900000,1.630429680000e-02,1.625179297022e-02,5.250382977979e-05
0.75,20260918,23,0.008432134047,0.0059500000,1.637734800000e-02,1.632864427175e-02,4.870372825473e-05
0.75,20260918,24,0.006851108913,0.0047400000,1.644059640000e-02,1.639123464150e-02,4.936175849764e-05
0.75,20260918,25,0.005566525992,0.0037800000,1.649255840000e-02,1.644218747376e-02,5.037092624075e-05
0.75,20260918,26,0.004522802368,0.0030800000,1.652966560000e-02,1.648365144881e-02,4.601415118773e-05
0.75,20260918,27,0.003674776924,0.0024500000,1.656246260000e-02,1.651738370590e-02,4.507889409507e-05
0.75,20260918,28,0.002985756251,0.0019900000,1.658684760000e-02,1.654481940454e-02,4.202819546436e-05
0.75,20260918,29,0.002425926954,0.0016300000,1.660508440000e-02,1.656712955232e-02,3.795484768413e-05
0.75,20260918,30,0.001971065650,0.0014200000,1.661690780000e-02,1.658526885444e-02,3.163894555553e-05
0.75,20260919,0,1.000000000000,0.7478900000,3.302857600000e-03,3.333000000000e-03,-3.014240000001e-05
0.75,20260919,1,0.812500000000,0.6075300000,1.756603200000e-03,1.770316406250e-03,-1.371320625000e-05
0.75,20260919,2,0.660156250000,0.4942500000,1.881409400000e-03,1.881164932251e-03,2.444677490226e-07
0.75,20260919,3,0.536376953125,0.4016700000,2.897749600000e-03,2.882594171584e-03,1.515542841635e-05
0.75,20260919,4,0.435806274414,0.3284600000,4.274927000000e-03,4.297898605185e-03,-2.297160518486e-05
0.75,20260919,5,0.354092597961,0.2672400000,5.823947200000e-03,5.845011960817e-03,-2.106476081684e-05
0.75,20260919,6,0.287700235844,0.2164300000,7.384656800000e-03,7.364241433607e-03,2.041536639256e-05
0.75,20260919,7,0.233756441623,0.1761500000,8.792111000000e-03,8.771708264064e-03,2.040273593617e-05
0.75,20260919,8,0.189927108819,0.1429000000,1.007248980000e-02,1.002954341289e-02,4.294638710999e-05
0.75,20260919,9,0.154315775915,0.1163200000,1.115987960000e-02,1.112696943613e-02,3.291016386613e-05
0.75,20260919,10,0.125381567931,0.0948200000,1.208707660000e-02,1.206842694352e-02,1.864965648435e-05
0.75,20260919,11,0.101872523944,0.0772200000,1.289324000000e-02,1.286623619924e-02,2.700380075676e-05
0.75,20260919,12,0.082771425704,0.0627400000,1.356395740000e-02,1.353615887669e-02,2.779852330778e-05
0.75,20260919,13,0.067251783385,0.0504400000,1.414772300000e-02,1.409479819689e-02,5.292480310789e-05
0.75,20260919,14,0.054642074000,0.0408900000,1.460890320000e-02,1.455815079872e-02,5.075240127920e-05
0.75,20260919,15,0.044396685125,0.0330900000,1.499259780000e-02,1.494086864729e-02,5.172915270705e-05
0.75,20260919,16,0.036072306664,0.0268000000,1.531690280000e-02,1.525594882219e-02,6.095397781215e-05
0.75,20260919,17,0.029308749165,0.0218200000,1.557012200000e-02,1.551467257747e-02,5.544942252575e-05
0.75,20260919,18,0.023813358696,0.0178600000,1.576923140000e-02,1.572668198852e-02,4.254941147999e-05
0.75,20260919,19,0.019348353941,0.0147100000,1.593386220000e-02,1.590012551319e-02,3.373668680621e-05
0.75,20260919,20,0.015720537577,0.0120900000,1.606980120000e-02,1.604183124190e-02,2.796995810389e-05
0.75,20260919,21,0.012772936781,0.0098100000,1.619154480000e-02,1.615748395963e-02,3.406084037338e-05
0.75,20260919,22,0.010378011135,0.0079700000,1.628799440000e-02,1.625179297022e-02,3.620142977979e-05
0.75,20260919,23,0.008432134047,0.0064700000,1.636536080000e-02,1.632864427175e-02,3.671652825473e-05
0.75,20260919,24,0.006851108913,0.0052700000,1.642790060000e-02,1.639123464150e-02,3.666595849764e-05
0.75,20260919,25,0.005566525992,0.0044200000,1.647123720000e-02,1.644218747376e-02,2.904972624075e-05
0.75,20260919,26,0.004522802368,0.0036100000,1.651382980000e-02,1.648365144881e-02,3.017835118772e-05
0.75,20260919,27,0.003674776924,0.0029000000,1.655183620000e-02,1.651738370590e-02,3.445249409506e-05
0.75,20260919,28,0.002985756251,0.0022300000,1.658528460000e-02,1.654481940454e-02,4.046519546436e-05
0.75,20260919,29,0.002425926954,0.0017800000,1.661054280000e-02,1.656712955232e-02,4.341324768412e-05
0.75,20260919,30,0.001971065650,0.0014300000,1.662930360000e-02,1.658526885444e-02,4.403474555553e-05
0.75,20260920,0,1.000000000000,0.7481000000,3.327188200000e-03,3.333000000000e-03,-5.811800000009e-06
0.75,20260920,1,0.812500000000,0.6090200000,1.774887000000e-03,1.770316406250e-03,4.570593749997e-06
0.75,20260920,2,0.660156250000,0.4945400000,1.899990600000e-03,1.881164932251e-03,1.882566774902e-05
0.75,20260920,3,0.536376953125,0.4009700000,2.921549800000e-03,2.882594171584e-03,3.895562841635e-05
0.75,20260920,4,0.435806274414,0.3267900000,4.303046800000e-03,4.297898605185e-03,5.148194815137e-06
0.75,20260920,5,0.354092597961,0.2652900000,5.853671200000e-03,5.845011960817e-03,8.659239183157e-06
0.75,20260920,6,0.287700235844,0.2155900000,7.370667200000e-03,7.364241433607e-03,6.425766392565e-06
0.75,20260920,7,0.233756441623,0.1751200000,8.781164200000e-03,8.771708264064e-03,9.455935936171e-06
0.75,20260920,8,0.189927108819,0.1415200000,1.004871580000e-02,1.002954341289e-02,1.917238710999e-05
0.75,20260920,9,0.154315775915,0.1141100000,1.117227200000e-02,1.112696943613e-02,4.530256386613e-05
0.75,20260920,10,0.125381567931,0.0925700000,1.209941280000e-02,1.206842694352e-02,3.098585648435e-05
0.75,20260920,11,0.101872523944,0.0752500000,1.288206080000e-02,1.286623619924e-02,1.582460075676e-05
0.75,20260920,12,0.082771425704,0.0610200000,1.355418260000e-02,1.353615887669e-02,1.802372330778e-05
0.75,20260920,13,0.067251783385,0.0498200000,1.409704720000e-02,1.409479819689e-02,2.249003107890e-06
0.75,20260920,14,0.054642074000,0.0407300000,1.454154980000e-02,1.455815079872e-02,-1.660099872080e-05
0.75,20260920,15,0.044396685125,0.0331500000,1.492287420000e-02,1.494086864729e-02,-1.799444729295e-05
0.75,20260920,16,0.036072306664,0.0266500000,1.524277740000e-02,1.525594882219e-02,-1.317142218785e-05
0.75,20260920,17,0.029308749165,0.0215700000,1.550308240000e-02,1.551467257747e-02,-1.159017747425e-05
0.75,20260920,18,0.023813358696,0.0176600000,1.570085580000e-02,1.572668198852e-02,-2.582618852001e-05
0.75,20260920,19,0.019348353941,0.0142900000,1.587273700000e-02,1.590012551319e-02,-2.738851319379e-05
0.75,20260920,20,0.015720537577,0.0115500000,1.601498720000e-02,1.604183124190e-02,-2.684404189611e-05
0.75,20260920,21,0.012772936781,0.0091500000,1.614047680000e-02,1.615748395963e-02,-1.700715962662e-05
0.75,20260920,22,0.010378011135,0.0076200000,1.622106240000e-02,1.625179297022e-02,-3.073057022021e-05
0.75,20260920,23,0.008432134047,0.0063400000,1.628290760000e-02,1.632864427175e-02,-4.573667174527e-05
0.75,20260920,24,0.006851108913,0.0053100000,1.633751720000e-02,1.639123464150e-02,-5.371744150236e-05
0.75,20260920,25,0.005566525992,0.0044000000,1.638650020000e-02,1.644218747376e-02,-5.568727375925e-05
0.75,20260920,26,0.004522802368,0.0035900000,1.643074320000e-02,1.648365144881e-02,-5.290824881228e-05
0.75,20260920,27,0.003674776924,0.0028500000,1.647185560000e-02,1.651738370590e-02,-4.552810590493e-05
0.75,20260920,28,0.002985756251,0.0023700000,1.649714700000e-02,1.654481940454e-02,-4.767240453564e-05
0.75,20260920,29,0.002425926954,0.0018600000,1.652594420000e-02,1.656712955232e-02,-4.118535231588e-05
0.75,20260920,30,0.001971065650,0.0015000000,1.654305400000e-02,1.658526885444e-02,-4.221485444447e-05
0.75,20260921,0,1.000000000000,0.7510800000,3.385996800000e-03,3.333000000000e-03,5.299679999999e-05
0.75,20260921,1,0.812500000000,0.6085600000,1.803743400000e-03,1.770316406250e-03,3.342699375000e-05
0.75,20260921,2,0.660156250000,0.4956200000,1.934077200000e-03,1.881164932251e-03,5.291226774902e-05
0.75,20260921,3,0.536376953125,0.4032200000,2.946713200000e-03,2.882594171584e-03,6.411902841635e-05
0.75,20260921,4,0.435806274414,0.3278100000,4.356739600000e-03,4.297898605185e-03,5.884099481514e-05
0.75,20260921,5,0.354092597961,0.2670500000,5.883788200000e-03,5.845011960817e-03,3.877623918316e-05
0.75,20260921,6,0.287700235844,0.2169900000,7.424121200000e-03,7.364241433607e-03,5.987976639257e-05
0.75,20260921,7,0.233756441623,0.1764900000,8.823560800000e-03,8.771708264064e-03,5.185253593617e-05
0.75,20260921,8,0.189927108819,0.1437300000,1.008089860000e-02,1.002954341289e-02,5.135518710999e-05
0.75,20260921,9,0.154315775915,0.1176000000,1.114547540000e-02,1.112696943613e-02,1.850596386613e-05
0.75,20260921,10,0.125381567931,0.0951300000,1.212650140000e-02,1.206842694352e-02,5.807445648435e-05
0.75,20260921,11,0.101872523944,0.0781700000,1.287839900000e-02,1.286623619924e-02,1.216280075676e-05
0.75,20260921,12,0.082771425704,0.0633600000,1.357853700000e-02,1.353615887669e-02,4.237812330778e-05
0.75,20260921,13,0.067251783385,0.0512500000,1.414951360000e-02,1.409479819689e-02,5.471540310789e-05
0.75,20260921,14,0.054642074000,0.0412200000,1.464122760000e-02,1.455815079872e-02,8.307680127920e-05
0.75,20260921,15,0.044396685125,0.0337300000,1.502868580000e-02,1.494086864729e-02,8.781715270706e-05
0.75,20260921,16,0.036072306664,0.0269000000,1.537719200000e-02,1.525594882219e-02,1.212431778121e-04
0.75,20260921,17,0.029308749165,0.0217800000,1.563053960000e-02,1.551467257747e-02,1.158670225258e-04
0.75,20260921,18,0.023813358696,0.0177000000,1.584350240000e-02,1.572668198852e-02,1.168204114800e-04
0.75,20260921,19,0.019348353941,0.0142200000,1.602629620000e-02,1.590012551319e-02,1.261706868062e-04
0.75,20260921,20,0.015720537577,0.0115500000,1.616725480000e-02,1.604183124190e-02,1.254235581039e-04
0.75,20260921,21,0.012772936781,0.0092600000,1.628964700000e-02,1.615748395963e-02,1.321630403734e-04
0.75,20260921,22,0.010378011135,0.0076500000,1.637780620000e-02,1.625179297022e-02,1.260132297798e-04
0.75,20260921,23,0.008432134047,0.0061900000,1.645661000000e-02,1.632864427175e-02,1.279657282547e-04
0.75,20260921,24,0.006851108913,0.0050600000,1.651692620000e-02,1.639123464150e-02,1.256915584976e-04
0.75,20260921,25,0.005566525992,0.0041700000,1.656280080000e-02,1.644218747376e-02,1.206133262408e-04
0.75,20260921,26,0.004522802368,0.0033300000,1.660792120000e-02,1.648365144881e-02,1.242697511877e-04
0.75,20260921,27,0.003674776924,0.0028400000,1.663333980000e-02,1.651738370590e-02,1.159560940951e-04
0.75,20260921,28,0.002985756251,0.0021500000,1.666998100000e-02,1.654481940454e-02,1.251615954644e-04
0.75,20260921,29,0.002425926954,0.0016600000,1.669867560000e-02,1.656712955232e-02,1.315460476841e-04
0.75,20260921,30,0.001971065650,0.0013000000,1.671673900000e-02,1.658526885444e-02,1.314701455555e-04
1.0,20260917,0,1.000000000000,0.7490000000,3.326714800000e-03,3.333000000000e-03,-6.285200000010e-06
1.0,20260917,1,0.750000000000,0.5619400000,1.672822000000e-03,1.666062500000e-03,6.759499999995e-06
1.0,20260917,2,0.562500000000,0.4214000000,2.611337400000e-03,2.603222656250e-03,8.114743750000e-06
1.0,20260917,3,0.421875000000,0.3155600000,4.585169400000e-03,4.536484619141e-03,4.868478085938e-05
1.0,20260917,4,0.316406250000,0.2373900000,6.722167000000e-03,6.678526504517e-03,4.364049548340e-05
1.0,20260917,5,0.237304687500,0.1785200000,8.704465600000e-03,8.674361588478e-03,3.010401152192e-05
1.0,20260917,6,0.177978515625,0.1335200000,1.044130960000e-02,1.039022121578e-02,5.108838421545e-05
1.0,20260917,7,0.133483886719,0.1000000000,1.185521140000e-02,1.180029405058e-02,5.491734942198e-05
1.0,20260917,8,0.100112915039,0.0746300000,1.300086580000e-02,1.292713636597e-02,7.372943402545e-05
1.0,20260917,9,0.075084686279,0.0560300000,1.387098800000e-02,1.381124242775e-02,5.974557224601e-05
1.0,20260917,10,0.056313514709,0.0417000000,1.457345520000e-02,1.449624503203e-02,7.721016796840e-05
1.0,20260917,11,0.042235136032,0.0312800000,1.510227240000e-02,1.502232870533e-02,7.994369466724e-05
1.0,20260917,12,0.031676352024,0.0233400000,1.549701960000e-02,1.542382805286e-02,7.319154713908e-05
1.0,20260917,13,0.023757264018,0.0175300000,1.579849040000e-02,1.572885439682e-02,6.963600318231e-05
1.0,20260917,14,0.017817948014,0.0129200000,1.604253140000e-02,1.595981893602e-02,8.271246397748e-05
1.0,20260917,15,0.013363461010,0.0097300000,1.621152180000e-02,1.613427690487e-02,7.724489512790e-05
1.0,20260917,16,0.010022595758,0.0070300000,1.635308800000e-02,1.626581482401e-02,8.727317598987e-05
1.0,20260917,17,0.007516946818,0.0051400000,1.645452720000e-02,1.636485888727e-02,8.966831272962e-05
1.0,20260917,18,0.005637710114,0.0038800000,1.652331280000e-02,1.643936166066e-02,8.395113933691e-05
1.0,20260917,19,0.004228282585,0.0030400000,1.656733100000e-02,1.649536233655e-02,7.196866344688e-05
1.0,20260917,20,0.003171211939,0.0023400000,1.660681140000e-02,1.653743236613e-02,6.937903386627e-05
1.0,20260917,21,0.002378408954,0.0017200000,1.663894200000e-02,1.656902399482e-02,6.991800518283e-05
1.0,20260917,22,0.001783806716,0.0012100000,1.666473280000e-02,1.659273971373e-02,7.199308626513e-05
1.0,20260917,23,0.001337855037,0.0009600000,1.667799060000e-02,1.661053887646e-02,6.745172353648e-05
1.0,20260917,24,0.001003391278,0.0007600000,1.668825880000e-02,1.662389520863e-02,6.436359137353e-05
1.0,20260917,25,0.000752543458,0.0005600000,1.669953360000e-02,1.663391637281e-02,6.561722718580e-05
1.0,20260917,26,0.000564407594,0.0003700000,1.670929320000e-02,1.664143444818e-02,6.785875182066e-05
1.0,20260917,27,0.000423305695,0.0003100000,1.671337960000e-02,1.664707424345e-02,6.630535654560e-05
1.0,20260917,28,0.000317479271,0.0002300000,1.671717720000e-02,1.665130478671e-02,6.587241329177e-05
1.0,20260917,29,0.000238109454,0.0002100000,1.671858120000e-02,1.665447808610e-02,6.410311390277e-05
1.0,20260917,30,0.000178582090,0.0001400000,1.672224840000e-02,1.665685828111e-02,6.539011888992e-05
1.0,20260918,0,1.000000000000,0.7498200000,3.343119200000e-03,3.333000000000e-03,1.011919999999e-05
1.0,20260918,1,0.750000000000,0.5627700000,1.678973400000e-03,1.666062500000e-03,1.291090000000e-05
1.0,20260918,2,0.562500000000,0.4211900000,2.609682000000e-03,2.603222656250e-03,6.459343749998e-06
1.0,20260918,3,0.421875000000,0.3167900000,4.509264400000e-03,4.536484619141e-03,-2.722021914062e-05
1.0,20260918,4,0.316406250000,0.2376800000,6.634555000000e-03,6.678526504517e-03,-4.397150451660e-05
1.0,20260918,5,0.237304687500,0.1773800000,8.651378600000e-03,8.674361588478e-03,-2.298298847808e-05
1.0,20260918,6,0.177978515625,0.1332500000,1.035341420000e-02,1.039022121578e-02,-3.680701578455e-05
1.0,20260918,7,0.133483886719,0.0992200000,1.179345320000e-02,1.180029405058e-02,-6.840850578024e-06
1.0,20260918,8,0.100112915039,0.0746000000,1.288920140000e-02,1.292713636597e-02,-3.793496597455e-05
1.0,20260918,9,0.075084686279,0.0555900000,1.379114140000e-02,1.381124242775e-02,-2.010102775399e-05
1.0,20260918,10,0.056313514709,0.0416200000,1.446848040000e-02,1.449624503203e-02,-2.776463203160e-05
1.0,20260918,11,0.042235136032,0.0311800000,1.499690240000e-02,1.502232870533e-02,-2.542630533277e-05
1.0,20260918,12,0.031676352024,0.0230200000,1.540114820000e-02,1.542382805286e-02,-2.267985286092e-05
1.0,20260918,13,0.023757264018,0.0170700000,1.571031900000e-02,1.572885439682e-02,-1.853539681770e-05
1.0,20260918,14,0.017817948014,0.0130100000,1.591679700000e-02,1.595981893602e-02,-4.302193602253e-05
1.0,20260918,15,0.013363461010,0.0095900000,1.609622660000e-02,1.613427690487e-02,-3.805030487210e-05
1.0,20260918,16,0.010022595758,0.0073400000,1.621704020000e-02,1.626581482401e-02,-4.877462401013e-05
1.0,20260918,17,0.007516946818,0.0055900000,1.630844880000e-02,1.636485888727e-02,-5.641008727038e-05
1.0,20260918,18,0.005637710114,0.0040700000,1.638686700000e-02,1.643936166066e-02,-5.249466066309e-05
1.0,20260918,19,0.004228282585,0.0029700000,1.644474160000e-02,1.649536233655e-02,-5.062073655312e-05
1.0,20260918,20,0.003171211939,0.0021900000,1.648719020000e-02,1.653743236613e-02,-5.024216613373e-05
1.0,20260918,21,0.002378408954,0.0016000000,1.651994500000e-02,1.656902399482e-02,-4.907899481717e-05
1.0,20260918,22,0.001783806716,0.0012200000,1.654082880000e-02,1.659273971373e-02,-5.191091373487e-05
1.0,20260918,23,0.001337855037,0.0009700000,1.655224100000e-02,1.661053887646e-02,-5.829787646353e-05
1.0,20260918,24,0.001003391278,0.0007100000,1.656670980000e-02,1.662389520863e-02,-5.718540862648e-05
1.0,20260918,25,0.000752543458,0.0005000000,1.657732880000e-02,1.663391637281e-02,-5.658757281420e-05
1.0,20260918,26,0.000564407594,0.0003400000,1.658486300000e-02,1.664143444818e-02,-5.657144817935e-05
1.0,20260918,27,0.000423305695,0.0002600000,1.658932320000e-02,1.664707424345e-02,-5.775104345440e-05
1.0,20260918,28,0.000317479271,0.0002000000,1.659166520000e-02,1.665130478671e-02,-5.963958670824e-05
1.0,20260918,29,0.000238109454,0.0001200000,1.659585560000e-02,1.665447808610e-02,-5.862248609724e-05
1.0,20260918,30,0.000178582090,0.0000800000,1.659822260000e-02,1.665685828111e-02,-5.863568111009e-05
1.0,20260919,0,1.000000000000,0.7478900000,3.302857600000e-03,3.333000000000e-03,-3.014240000001e-05
1.0,20260919,1,0.750000000000,0.5612200000,1.660241800000e-03,1.666062500000e-03,-5.820700000004e-06
1.0,20260919,2,0.562500000000,0.4212400000,2.614847400000e-03,2.603222656250e-03,1.162474375000e-05
1.0,20260919,3,0.421875000000,0.3168700000,4.526007400000e-03,4.536484619141e-03,-1.047721914063e-05
1.0,20260919,4,0.316406250000,0.2381000000,6.664965800000e-03,6.678526504517e-03,-1.356070451660e-05
1.0,20260919,5,0.237304687500,0.1789200000,8.694926200000e-03,8.674361588478e-03,2.056461152192e-05
1.0,20260919,6,0.177978515625,0.1342800000,1.040502860000e-02,1.039022121578e-02,1.480738421546e-05
1.0,20260919,7,0.133483886719,0.0999700000,1.186045580000e-02,1.180029405058e-02,6.016174942198e-05
1.0,20260919,8,0.100112915039,0.0748100000,1.300374780000e-02,1.292713636597e-02,7.661143402545e-05
1.0,20260919,9,0.075084686279,0.0563800000,1.385875760000e-02,1.381124242775e-02,4.751517224601e-05
1.0,20260919,10,0.056313514709,0.0416200000,1.457786880000e-02,1.449624503203e-02,8.162376796840e-05
1.0,20260919,11,0.042235136032,0.0311800000,1.509666380000e-02,1.502232870533e-02,7.433509466724e-05
1.0,20260919,12,0.031676352024,0.0230300000,1.551193920000e-02,1.542382805286e-02,8.811114713908e-05
1.0,20260919,13,0.023757264018,0.0171000000,1.581833020000e-02,1.572885439682e-02,8.947580318231e-05
1.0,20260919,14,0.017817948014,0.0126100000,1.604891820000e-02,1.595981893602e-02,8.909926397747e-05
1.0,20260919,15,0.013363461010,0.0091700000,1.622972780000e-02,1.613427690487e-02,9.545089512790e-05
1.0,20260919,16,0.010022595758,0.0070500000,1.633737520000e-02,1.626581482401e-02,7.156037598987e-05
1.0,20260919,17,0.007516946818,0.0053700000,1.642509780000e-02,1.636485888727e-02,6.023891272962e-05
1.0,20260919,18,0.005637710114,0.0039700000,1.649672840000e-02,1.643936166066e-02,5.736673933690e-05
1.0,20260919,19,0.004228282585,0.0028800000,1.655276840000e-02,1.649536233655e-02,5.740606344688e-05
1.0,20260919,20,0.003171211939,0.0021900000,1.658691320000e-02,1.653743236613e-02,4.948083386627e-05
1.0,20260919,21,0.002378408954,0.0017200000,1.661177260000e-02,1.656902399482e-02,4.274860518283e-05
1.0,20260919,22,0.001783806716,0.0013000000,1.663563380000e-02,1.659273971373e-02,4.289408626513e-05
1.0,20260919,23,0.001337855037,0.0008900000,1.665582720000e-02,1.661053887646e-02,4.528832353648e-05
1.0,20260919,24,0.001003391278,0.0006600000,1.666675440000e-02,1.662389520863e-02,4.285919137352e-05
1.0,20260919,25,0.000752543458,0.0005000000,1.667422340000e-02,1.663391637281e-02,4.030702718580e-05
1.0,20260919,26,0.000564407594,0.0003600000,1.668130420000e-02,1.664143444818e-02,3.986975182066e-05
1.0,20260919,27,0.000423305695,0.0002800000,1.668586760000e-02,1.664707424345e-02,3.879335654560e-05
1.0,20260919,28,0.000317479271,0.0002100000,1.668984400000e-02,1.665130478671e-02,3.853921329176e-05
1.0,20260919,29,0.000238109454,0.0001700000,1.669229840000e-02,1.665447808610e-02,3.782031390277e-05
1.0,20260919,30,0.000178582090,0.0001300000,1.669452140000e-02,1.665685828111e-02,3.766311888991e-05
1.0,20260920,0,1.000000000000,0.7481000000,3.327188200000e-03,3.333000000000e-03,-5.811800000009e-06
1.0,20260920,1,0.750000000000,0.5628700000,1.682129000000e-03,1.666062500000e-03,1.606650000000e-05
1.0,20260920,2,0.562500000000,0.4221900000,2.600434800000e-03,2.603222656250e-03,-2.787856250001e-06
1.0,20260920,3,0.421875000000,0.3162200000,4.511563400000e-03,4.536484619141e-03,-2.492121914062e-05
1.0,20260920,4,0.316406250000,0.2374300000,6.655707600000e-03,6.678526504517e-03,-2.281890451660e-05
1.0,20260920,5,0.237304687500,0.1773400000,8.671960000000e-03,8.674361588478e-03,-2.401588478083e-06
1.0,20260920,6,0.177978515625,0.1344900000,1.030153160000e-02,1.039022121578e-02,-8.868961578454e-05
1.0,20260920,7,0.133483886719,0.1008500000,1.170393540000e-02,1.180029405058e-02,-9.635865057803e-05
1.0,20260920,8,0.100112915039,0.0751600000,1.286402160000e-02,1.292713636597e-02,-6.311476597455e-05
1.0,20260920,9,0.075084686279,0.0565700000,1.373870120000e-02,1.381124242775e-02,-7.254122775399e-05
1.0,20260920,10,0.056313514709,0.0423300000,1.443860440000e-02,1.449624503203e-02,-5.764063203160e-05
1.0,20260920,11,0.042235136032,0.0318000000,1.496233120000e-02,1.502232870533e-02,-5.999750533276e-05
1.0,20260920,12,0.031676352024,0.0235500000,1.537320980000e-02,1.542382805286e-02,-5.061825286092e-05
1.0,20260920,13,0.023757264018,0.0175900000,1.568546380000e-02,1.572885439682e-02,-4.339059681769e-05
1.0,20260920,14,0.017817948014,0.0130300000,1.591956640000e-02,1.595981893602e-02,-4.025253602252e-05
1.0,20260920,15,0.013363461010,0.0096100000,1.609536280000e-02,1.613427690487e-02,-3.891410487210e-05
1.0,20260920,16,0.010022595758,0.0073400000,1.621616640000e-02,1.626581482401e-02,-4.964842401012e-05
1.0,20260920,17,0.007516946818,0.0056900000,1.630136580000e-02,1.636485888727e-02,-6.349308727038e-05
1.0,20260920,18,0.005637710114,0.0043100000,1.637569940000e-02,1.643936166066e-02,-6.366226066309e-05
1.0,20260920,19,0.004228282585,0.0033200000,1.642765860000e-02,1.649536233655e-02,-6.770373655312e-05
1.0,20260920,20,0.003171211939,0.0024600000,1.647075980000e-02,1.653743236613e-02,-6.667256613373e-05
1.0,20260920,21,0.002378408954,0.0017400000,1.651142420000e-02,1.656902399482e-02,-5.759979481717e-05
1.0,20260920,22,0.001783806716,0.0012700000,1.653461920000e-02,1.659273971373e-02,-5.812051373487e-05
1.0,20260920,23,0.001337855037,0.0008700000,1.655715820000e-02,1.661053887646e-02,-5.338067646352e-05
1.0,20260920,24,0.001003391278,0.0006400000,1.656855800000e-02,1.662389520863e-02,-5.533720862648e-05
1.0,20260920,25,0.000752543458,0.0004500000,1.657810920000e-02,1.663391637281e-02,-5.580717281420e-05
1.0,20260920,26,0.000564407594,0.0003400000,1.658400280000e-02,1.664143444818e-02,-5.743164817934e-05
1.0,20260920,27,0.000423305695,0.0002300000,1.659048480000e-02,1.664707424345e-02,-5.658944345440e-05
1.0,20260920,28,0.000317479271,0.0001700000,1.659402440000e-02,1.665130478671e-02,-5.728038670824e-05
1.0,20260920,29,0.000238109454,0.0001500000,1.659530860000e-02,1.665447808610e-02,-5.916948609723e-05
1.0,20260920,30,0.000178582090,0.0001400000,1.659537820000e-02,1.665685828111e-02,-6.148008111008e-05
1.0,20260921,0,1.000000000000,0.7510800000,3.385996800000e-03,3.333000000000e-03,5.299679999999e-05
1.0,20260921,1,0.750000000000,0.5627200000,1.713578800000e-03,1.666062500000e-03,4.751630000000e-05
1.0,20260921,2,0.562500000000,0.4238800000,2.652462800000e-03,2.603222656250e-03,4.924014375000e-05
1.0,20260921,3,0.421875000000,0.3173600000,4.602858600000e-03,4.536484619141e-03,6.637398085937e-05
1.0,20260921,4,0.316406250000,0.2380600000,6.757641600000e-03,6.678526504517e-03,7.911509548340e-05
1.0,20260921,5,0.237304687500,0.1800600000,8.699142000000e-03,8.674361588478e-03,2.478041152192e-05
1.0,20260921,6,0.177978515625,0.1339300000,1.048324880000e-02,1.039022121578e-02,9.302758421545e-05
1.0,20260921,7,0.133483886719,0.1006000000,1.187885600000e-02,1.180029405058e-02,7.856194942198e-05
1.0,20260921,8,0.100112915039,0.0752800000,1.303079680000e-02,1.292713636597e-02,1.036604340255e-04
1.0,20260921,9,0.075084686279,0.0563700000,1.392245080000e-02,1.381124242775e-02,1.112083722460e-04
1.0,20260921,10,0.056313514709,0.0418900000,1.462941860000e-02,1.449624503203e-02,1.331735679684e-04
1.0,20260921,11,0.042235136032,0.0312500000,1.515731340000e-02,1.502232870533e-02,1.349846946672e-04
1.0,20260921,12,0.031676352024,0.0233800000,1.555956360000e-02,1.542382805286e-02,1.357355471391e-04
1.0,20260921,13,0.023757264018,0.0175000000,1.586376600000e-02,1.572885439682e-02,1.349116031823e-04
1.0,20260921,14,0.017817948014,0.0133100000,1.608748380000e-02,1.595981893602e-02,1.276648639775e-04
1.0,20260921,15,0.013363461010,0.0101200000,1.625938680000e-02,1.613427690487e-02,1.251098951279e-04
1.0,20260921,16,0.010022595758,0.0075500000,1.639330780000e-02,1.626581482401e-02,1.274929759899e-04
1.0,20260921,17,0.007516946818,0.0056000000,1.649736720000e-02,1.636485888727e-02,1.325083127296e-04
1.0,20260921,18,0.005637710114,0.0042600000,1.656624460000e-02,1.643936166066e-02,1.268829393369e-04
1.0,20260921,19,0.004228282585,0.0033700000,1.661203280000e-02,1.649536233655e-02,1.166704634469e-04
1.0,20260921,20,0.003171211939,0.0025800000,1.665530740000e-02,1.653743236613e-02,1.178750338663e-04
1.0,20260921,21,0.002378408954,0.0018100000,1.669461020000e-02,1.656902399482e-02,1.255862051828e-04
1.0,20260921,22,0.001783806716,0.0014100000,1.671600020000e-02,1.659273971373e-02,1.232604862651e-04
1.0,20260921,23,0.001337855037,0.0010500000,1.673327380000e-02,1.661053887646e-02,1.227349235365e-04
1.0,20260921,24,0.001003391278,0.0007900000,1.674677120000e-02,1.662389520863e-02,1.228759913735e-04
1.0,20260921,25,0.000752543458,0.0005800000,1.675707000000e-02,1.663391637281e-02,1.231536271858e-04
1.0,20260921,26,0.000564407594,0.0004800000,1.676258660000e-02,1.664143444818e-02,1.211521518207e-04
1.0,20260921,27,0.000423305695,0.0003800000,1.676833880000e-02,1.664707424345e-02,1.212645565456e-04
1.0,20260921,28,0.000317479271,0.0003100000,1.677220060000e-02,1.665130478671e-02,1.208958132918e-04
1.0,20260921,29,0.000238109454,0.0002400000,1.677692820000e-02,1.665447808610e-02,1.224501139028e-04
1.0,20260921,30,0.000178582090,0.0001900000,1.677945680000e-02,1.665685828111e-02,1.225985188899e-04
