z,U_discrete_exact,U_continuous
0.000000,1.666400000000e-02,1.666400000000e-02
0.000500,1.664400866625e-02,1.664400866625e-02
0.001000,1.662403066500e-02,1.662403066500e-02
0.001500,1.660406599625e-02,1.660406599625e-02
0.002000,1.658411466000e-02,1.658411466000e-02
0.002500,1.656417665625e-02,1.656417665625e-02
0.003000,1.654425198500e-02,1.654425198500e-02
0.003500,1.652434064625e-02,1.652434064625e-02
0.004000,1.650444264000e-02,1.650444264000e-02
0.004500,1.648455796625e-02,1.648455796625e-02
0.005000,1.646468662500e-02,1.646468662500e-02
0.005500,1.644482861625e-02,1.644482861625e-02
0.006000,1.642498394000e-02,1.642498394000e-02
0.006500,1.640515259625e-02,1.640515259625e-02
0.007000,1.638533458500e-02,1.638533458500e-02
0.007500,1.636552990625e-02,1.636552990625e-02
0.008000,1.634573856000e-02,1.634573856000e-02
0.008500,1.632596054625e-02,1.632596054625e-02
0.009000,1.630619586500e-02,1.630619586500e-02
0.009500,1.628644451625e-02,1.628644451625e-02
0.010000,1.626670650000e-02,1.626670650000e-02
0.010500,1.624698181625e-02,1.624698181625e-02
0.011000,1.622727046500e-02,1.622727046500e-02
0.011500,1.620757244625e-02,1.620757244625e-02
0.012000,1.618788776000e-02,1.618788776000e-02
0.012500,1.616821640625e-02,1.616821640625e-02
0.013000,1.614855838500e-02,1.614855838500e-02
0.013500,1.612891369625e-02,1.612891369625e-02
0.014000,1.610928234000e-02,1.610928234000e-02
0.014500,1.608966431625e-02,1.608966431625e-02
0.015000,1.607005962500e-02,1.607005962500e-02
0.015500,1.605046826625e-02,1.605046826625e-02
0.016000,1.603089024000e-02,1.603089024000e-02
0.016500,1.601132554625e-02,1.601132554625e-02
0.017000,1.599177418500e-02,1.599177418500e-02
0.017500,1.597223615625e-02,1.597223615625e-02
0.018000,1.595271146000e-02,1.595271146000e-02
0.018500,1.593320009625e-02,1.593320009625e-02
0.019000,1.591370206500e-02,1.591370206500e-02
0.019500,1.589421736625e-02,1.589421736625e-02
0.020000,1.587474600000e-02,1.587474600000e-02
0.020500,1.585528796625e-02,1.585528796625e-02
0.021000,1.583584326500e-02,1.583584326500e-02
0.021500,1.581641189625e-02,1.581641189625e-02
0.022000,1.579699386000e-02,1.579699386000e-02
0.022500,1.577758915625e-02,1.577758915625e-02
0.023000,1.575819778500e-02,1.575819778500e-02
0.023500,1.573881974625e-02,1.573881974625e-02
0.024000,1.571945504000e-02,1.571945504000e-02
0.024500,1.570010366625e-02,1.570010366625e-02
0.025000,1.568076562500e-02,1.568076562500e-02
0.025500,1.566144091625e-02,1.566144091625e-02
0.026000,1.564212954000e-02,1.564212954000e-02
0.026500,1.562283149625e-02,1.562283149625e-02
0.027000,1.560354678500e-02,1.560354678500e-02
0.027500,1.558427540625e-02,1.558427540625e-02
0.028000,1.556501736000e-02,1.556501736000e-02
0.028500,1.554577264625e-02,1.554577264625e-02
0.029000,1.552654126500e-02,1.552654126500e-02
0.029500,1.550732321625e-02,1.550732321625e-02
0.030000,1.548811850000e-02,1.548811850000e-02
0.030500,1.546892711625e-02,1.546892711625e-02
0.031000,1.544974906500e-02,1.544974906500e-02
0.031500,1.543058434625e-02,1.543058434625e-02
0.032000,1.541143296000e-02,1.541143296000e-02
0.032500,1.539229490625e-02,1.539229490625e-02
0.033000,1.537317018500e-02,1.537317018500e-02
0.033500,1.535405879625e-02,1.535405879625e-02
0.034000,1.533496074000e-02,1.533496074000e-02
0.034500,1.531587601625e-02,1.531587601625e-02
0.035000,1.529680462500e-02,1.529680462500e-02
0.035500,1.527774656625e-02,1.527774656625e-02
0.036000,1.525870184000e-02,1.525870184000e-02
0.036500,1.523967044625e-02,1.523967044625e-02
0.037000,1.522065238500e-02,1.522065238500e-02
0.037500,1.520164765625e-02,1.520164765625e-02
0.038000,1.518265626000e-02,1.518265626000e-02
0.038500,1.516367819625e-02,1.516367819625e-02
0.039000,1.514471346500e-02,1.514471346500e-02
0.039500,1.512576206625e-02,1.512576206625e-02
0.040000,1.510682400000e-02,1.510682400000e-02
0.040500,1.508789926625e-02,1.508789926625e-02
0.041000,1.506898786500e-02,1.506898786500e-02
0.041500,1.505008979625e-02,1.505008979625e-02
0.042000,1.503120506000e-02,1.503120506000e-02
0.042500,1.501233365625e-02,1.501233365625e-02
0.043000,1.499347558500e-02,1.499347558500e-02
0.043500,1.497463084625e-02,1.497463084625e-02
0.044000,1.495579944000e-02,1.495579944000e-02
0.044500,1.493698136625e-02,1.493698136625e-02
0.045000,1.491817662500e-02,1.491817662500e-02
0.045500,1.489938521625e-02,1.489938521625e-02
0.046000,1.488060714000e-02,1.488060714000e-02
0.046500,1.486184239625e-02,1.486184239625e-02
0.047000,1.484309098500e-02,1.484309098500e-02
0.047500,1.482435290625e-02,1.482435290625e-02
0.048000,1.480562816000e-02,1.480562816000e-02
0.048500,1.478691674625e-02,1.478691674625e-02
0.049000,1.476821866500e-02,1.476821866500e-02
0.049500,1.474953391625e-02,1.474953391625e-02
0.050000,1.473086250000e-02,1.473086250000e-02
0.050500,1.471220441625e-02,1.471220441625e-02
0.051000,1.469355966500e-02,1.469355966500e-02
0.051500,1.467492824625e-02,1.467492824625e-02
0.052000,1.465631016000e-02,1.465631016000e-02
0.052500,1.463770540625e-02,1.463770540625e-02
0.053000,1.461911398500e-02,1.461911398500e-02
0.053500,1.460053589625e-02,1.460053589625e-02
0.054000,1.458197114000e-02,1.458197114000e-02
0.054500,1.456341971625e-02,1.456341971625e-02
0.055000,1.454488162500e-02,1.454488162500e-02
0.055500,1.452635686625e-02,1.452635686625e-02
0.056000,1.450784544000e-02,1.450784544000e-02
0.056500,1.448934734625e-02,1.448934734625e-02
0.057000,1.447086258500e-02,1.447086258500e-02
0.057500,1.445239115625e-02,1.445239115625e-02
0.058000,1.443393306000e-02,1.443393306000e-02
0.058500,1.441548829625e-02,1.441548829625e-02
0.059000,1.439705686500e-02,1.439705686500e-02
0.059500,1.437863876625e-02,1.437863876625e-02
0.060000,1.436023400000e-02,1.436023400000e-02
0.060500,1.434184256625e-02,1.434184256625e-02
0.061000,1.432346446500e-02,1.432346446500e-02
0.061500,1.430509969625e-02,1.430509969625e-02
0.062000,1.428674826000e-02,1.428674826000e-02
0.062500,1.426841015625e-02,1.426841015625e-02
0.063000,1.425008538500e-02,1.425008538500e-02
0.063500,1.423177394625e-02,1.423177394625e-02
0.064000,1.421347584000e-02,1.421347584000e-02
0.064500,1.419519106625e-02,1.419519106625e-02
0.065000,1.417691962500e-02,1.417691962500e-02
0.065500,1.415866151625e-02,1.415866151625e-02
0.066000,1.414041674000e-02,1.414041674000e-02
0.066500,1.412218529625e-02,1.412218529625e-02
0.067000,1.410396718500e-02,1.410396718500e-02
0.067500,1.408576240625e-02,1.408576240625e-02
0.068000,1.406757096000e-02,1.406757096000e-02
0.068500,1.404939284625e-02,1.404939284625e-02
0.069000,1.403122806500e-02,1.403122806500e-02
0.069500,1.401307661625e-02,1.401307661625e-02
0.070000,1.399493850000e-02,1.399493850000e-02
0.070500,1.397681371625e-02,1.397681371625e-02
0.071000,1.395870226500e-02,1.395870226500e-02
0.071500,1.394060414625e-02,1.394060414625e-02
0.072000,1.392251936000e-02,1.392251936000e-02
0.072500,1.390444790625e-02,1.390444790625e-02
0.073000,1.388638978500e-02,1.388638978500e-02
0.073500,1.386834499625e-02,1.386834499625e-02
0.074000,1.385031354000e-02,1.385031354000e-02
0.074500,1.383229541625e-02,1.383229541625e-02
0.075000,1.381429062500e-02,1.381429062500e-02
0.075500,1.379629916625e-02,1.379629916625e-02
0.076000,1.377832104000e-02,1.377832104000e-02
0.076500,1.376035624625e-02,1.376035624625e-02
0.077000,1.374240478500e-02,1.374240478500e-02
0.077500,1.372446665625e-02,1.372446665625e-02
0.078000,1.370654186000e-02,1.370654186000e-02
0.078500,1.368863039625e-02,1.368863039625e-02
0.079000,1.367073226500e-02,1.367073226500e-02
0.079500,1.365284746625e-02,1.365284746625e-02
0.080000,1.363497600000e-02,1.363497600000e-02
0.080500,1.361711786625e-02,1.361711786625e-02
0.081000,1.359927306500e-02,1.359927306500e-02
0.081500,1.358144159625e-02,1.358144159625e-02
0.082000,1.356362346000e-02,1.356362346000e-02
0.082500,1.354581865625e-02,1.354581865625e-02
0.083000,1.352802718500e-02,1.352802718500e-02
0.083500,1.351024904625e-02,1.351024904625e-02
0.084000,1.349248424000e-02,1.349248424000e-02
0.084500,1.347473276625e-02,1.347473276625e-02
0.085000,1.345699462500e-02,1.345699462500e-02
0.085500,1.343926981625e-02,1.343926981625e-02
0.086000,1.342155834000e-02,1.342155834000e-02
0.086500,1.340386019625e-02,1.340386019625e-02
0.087000,1.338617538500e-02,1.338617538500e-02
0.087500,1.336850390625e-02,1.336850390625e-02
0.088000,1.335084576000e-02,1.335084576000e-02
0.088500,1.333320094625e-02,1.333320094625e-02
0.089000,1.331556946500e-02,1.331556946500e-02
0.089500,1.329795131625e-02,1.329795131625e-02
0.090000,1.328034650000e-02,1.328034650000e-02
0.090500,1.326275501625e-02,1.326275501625e-02
0.091000,1.324517686500e-02,1.324517686500e-02
0.091500,1.322761204625e-02,1.322761204625e-02
0.092000,1.321006056000e-02,1.321006056000e-02
0.092500,1.319252240625e-02,1.319252240625e-02
0.093000,1.317499758500e-02,1.317499758500e-02
0.093500,1.315748609625e-02,1.315748609625e-02
0.094000,1.313998794000e-02,1.313998794000e-02
0.094500,1.312250311625e-02,1.312250311625e-02
0.095000,1.310503162500e-02,1.310503162500e-02
0.095500,1.308757346625e-02,1.308757346625e-02
0.096000,1.307012864000e-02,1.307012864000e-02
0.096500,1.305269714625e-02,1.305269714625e-02
0.097000,1.303527898500e-02,1.303527898500e-02
0.097500,1.301787415625e-02,1.301787415625e-02
0.098000,1.300048266000e-02,1.300048266000e-02
0.098500,1.298310449625e-02,1.298310449625e-02
0.099000,1.296573966500e-02,1.296573966500e-02
0.099500,1.294838816625e-02,1.294838816625e-02
0.100000,1.293105000000e-02,1.293105000000e-02
0.100500,1.291372516625e-02,1.291372516625e-02
0.101000,1.289641366500e-02,1.289641366500e-02
0.101500,1.287911549625e-02,1.287911549625e-02
0.102000,1.286183066000e-02,1.286183066000e-02
0.102500,1.284455915625e-02,1.284455915625e-02
0.103000,1.282730098500e-02,1.282730098500e-02
0.103500,1.281005614625e-02,1.281005614625e-02
0.104000,1.279282464000e-02,1.279282464000e-02
0.104500,1.277560646625e-02,1.277560646625e-02
0.105000,1.275840162500e-02,1.275840162500e-02
0.105500,1.274121011625e-02,1.274121011625e-02
0.106000,1.272403194000e-02,1.272403194000e-02
0.106500,1.270686709625e-02,1.270686709625e-02
0.107000,1.268971558500e-02,1.268971558500e-02
0.107500,1.267257740625e-02,1.267257740625e-02
0.108000,1.265545256000e-02,1.265545256000e-02
0.108500,1.263834104625e-02,1.263834104625e-02
0.109000,1.262124286500e-02,1.262124286500e-02
0.109500,1.260415801625e-02,1.260415801625e-02
0.110000,1.258708650000e-02,1.258708650000e-02
0.110500,1.257002831625e-02,1.257002831625e-02
0.111000,1.255298346500e-02,1.255298346500e-02
0.111500,1.253595194625e-02,1.253595194625e-02
0.112000,1.251893376000e-02,1.251893376000e-02
0.112500,1.250192890625e-02,1.250192890625e-02
0.113000,1.248493738500e-02,1.248493738500e-02
0.113500,1.246795919625e-02,1.246795919625e-02
0.114000,1.245099434000e-02,1.245099434000e-02
0.114500,1.243404281625e-02,1.243404281625e-02
0.115000,1.241710462500e-02,1.241710462500e-02
0.115500,1.240017976625e-02,1.240017976625e-02
0.116000,1.238326824000e-02,1.238326824000e-02
0.116500,1.236637004625e-02,1.236637004625e-02
0.117000,1.234948518500e-02,1.234948518500e-02
0.117500,1.233261365625e-02,1.233261365625e-02
0.118000,1.231575546000e-02,1.231575546000e-02
0.118500,1.229891059625e-02,1.229891059625e-02
0.119000,1.228207906500e-02,1.228207906500e-02
0.119500,1.226526086625e-02,1.226526086625e-02
0.120000,1.224845600000e-02,1.224845600000e-02
0.120500,1.223166446625e-02,1.223166446625e-02
0.121000,1.221488626500e-02,1.221488626500e-02
0.121500,1.219812139625e-02,1.219812139625e-02
0.122000,1.218136986000e-02,1.218136986000e-02
0.122500,1.216463165625e-02,1.216463165625e-02
0.123000,1.214790678500e-02,1.214790678500e-02
0.123500,1.213119524625e-02,1.213119524625e-02
0.124000,1.211449704000e-02,1.211449704000e-02
0.124500,1.209781216625e-02,1.209781216625e-02
0.125000,1.208114062500e-02,1.208114062500e-02
0.125500,1.206448241625e-02,1.206448241625e-02
0.126000,1.204783754000e-02,1.204783754000e-02
0.126500,1.203120599625e-02,1.203120599625e-02
0.127000,1.201458778500e-02,1.201458778500e-02
0.127500,1.199798290625e-02,1.199798290625e-02
0.128000,1.198139136000e-02,1.198139136000e-02
0.128500,1.196481314625e-02,1.196481314625e-02
0.129000,1.194824826500e-02,1.194824826500e-02
0.129500,1.193169671625e-02,1.193169671625e-02
0.130000,1.191515850000e-02,1.191515850000e-02
0.130500,1.189863361625e-02,1.189863361625e-02
0.131000,1.188212206500e-02,1.188212206500e-02
0.131500,1.186562384625e-02,1.186562384625e-02
0.132000,1.184913896000e-02,1.184913896000e-02
0.132500,1.183266740625e-02,1.183266740625e-02
0.133000,1.181620918500e-02,1.181620918500e-02
0.133500,1.179976429625e-02,1.179976429625e-02
0.134000,1.178333274000e-02,1.178333274000e-02
0.134500,1.176691451625e-02,1.176691451625e-02
0.135000,1.175050962500e-02,1.175050962500e-02
0.135500,1.173411806625e-02,1.173411806625e-02
0.136000,1.171773984000e-02,1.171773984000e-02
0.136500,1.170137494625e-02,1.170137494625e-02
0.137000,1.168502338500e-02,1.168502338500e-02
0.137500,1.166868515625e-02,1.166868515625e-02
0.138000,1.165236026000e-02,1.165236026000e-02
0.138500,1.163604869625e-02,1.163604869625e-02
0.139000,1.161975046500e-02,1.161975046500e-02
0.139500,1.160346556625e-02,1.160346556625e-02
0.140000,1.158719400000e-02,1.158719400000e-02
0.140500,1.157093576625e-02,1.157093576625e-02
0.141000,1.155469086500e-02,1.155469086500e-02
0.141500,1.153845929625e-02,1.153845929625e-02
0.142000,1.152224106000e-02,1.152224106000e-02
0.142500,1.150603615625e-02,1.150603615625e-02
0.143000,1.148984458500e-02,1.148984458500e-02
0.143500,1.147366634625e-02,1.147366634625e-02
0.144000,1.145750144000e-02,1.145750144000e-02
0.144500,1.144134986625e-02,1.144134986625e-02
0.145000,1.142521162500e-02,1.142521162500e-02
0.145500,1.140908671625e-02,1.140908671625e-02
0.146000,1.139297514000e-02,1.139297514000e-02
0.146500,1.137687689625e-02,1.137687689625e-02
0.147000,1.136079198500e-02,1.136079198500e-02
0.147500,1.134472040625e-02,1.134472040625e-02
0.148000,1.132866216000e-02,1.132866216000e-02
0.148500,1.131261724625e-02,1.131261724625e-02
0.149000,1.129658566500e-02,1.129658566500e-02
0.149500,1.128056741625e-02,1.128056741625e-02
0.150000,1.126456250000e-02,1.126456250000e-02
0.150500,1.124857091625e-02,1.124857091625e-02
0.151000,1.123259266500e-02,1.123259266500e-02
0.151500,1.121662774625e-02,1.121662774625e-02
0.152000,1.120067616000e-02,1.120067616000e-02
0.152500,1.118473790625e-02,1.118473790625e-02
0.153000,1.116881298500e-02,1.116881298500e-02
0.153500,1.115290139625e-02,1.115290139625e-02
0.154000,1.113700314000e-02,1.113700314000e-02
0.154500,1.112111821625e-02,1.112111821625e-02
0.155000,1.110524662500e-02,1.110524662500e-02
0.155500,1.108938836625e-02,1.108938836625e-02
0.156000,1.107354344000e-02,1.107354344000e-02
0.156500,1.105771184625e-02,1.105771184625e-02
0.157000,1.104189358500e-02,1.104189358500e-02
0.157500,1.102608865625e-02,1.102608865625e-02
0.158000,1.101029706000e-02,1.101029706000e-02
0.158500,1.099451879625e-02,1.099451879625e-02
0.159000,1.097875386500e-02,1.097875386500e-02
0.159500,1.096300226625e-02,1.096300226625e-02
0.160000,1.094726400000e-02,1.094726400000e-02
0.160500,1.093153906625e-02,1.093153906625e-02
0.161000,1.091582746500e-02,1.091582746500e-02
0.161500,1.090012919625e-02,1.090012919625e-02
0.162000,1.088444426000e-02,1.088444426000e-02
0.162500,1.086877265625e-02,1.086877265625e-02
0.163000,1.085311438500e-02,1.085311438500e-02
0.163500,1.083746944625e-02,1.083746944625e-02
0.164000,1.082183784000e-02,1.082183784000e-02
0.164500,1.080621956625e-02,1.080621956625e-02
0.165000,1.079061462500e-02,1.079061462500e-02
0.165500,1.077502301625e-02,1.077502301625e-02
0.166000,1.075944474000e-02,1.075944474000e-02
0.166500,1.074387979625e-02,1.074387979625e-02
0.167000,1.072832818500e-02,1.072832818500e-02
0.167500,1.071278990625e-02,1.071278990625e-02
0.168000,1.069726496000e-02,1.069726496000e-02
0.168500,1.068175334625e-02,1.068175334625e-02
0.169000,1.066625506500e-02,1.066625506500e-02
0.169500,1.065077011625e-02,1.065077011625e-02
0.170000,1.063529850000e-02,1.063529850000e-02
0.170500,1.061984021625e-02,1.061984021625e-02
0.171000,1.060439526500e-02,1.060439526500e-02
0.171500,1.058896364625e-02,1.058896364625e-02
0.172000,1.057354536000e-02,1.057354536000e-02
0.172500,1.055814040625e-02,1.055814040625e-02
0.173000,1.054274878500e-02,1.054274878500e-02
0.173500,1.052737049625e-02,1.052737049625e-02
0.174000,1.051200554000e-02,1.051200554000e-02
0.174500,1.049665391625e-02,1.049665391625e-02
0.175000,1.048131562500e-02,1.048131562500e-02
0.175500,1.046599066625e-02,1.046599066625e-02
0.176000,1.045067904000e-02,1.045067904000e-02
0.176500,1.043538074625e-02,1.043538074625e-02
0.177000,1.042009578500e-02,1.042009578500e-02
0.177500,1.040482415625e-02,1.040482415625e-02
0.178000,1.038956586000e-02,1.038956586000e-02
0.178500,1.037432089625e-02,1.037432089625e-02
0.179000,1.035908926500e-02,1.035908926500e-02
0.179500,1.034387096625e-02,1.034387096625e-02
0.180000,1.032866600000e-02,1.032866600000e-02
0.180500,1.031347436625e-02,1.031347436625e-02
0.181000,1.029829606500e-02,1.029829606500e-02
0.181500,1.028313109625e-02,1.028313109625e-02
0.182000,1.026797946000e-02,1.026797946000e-02
0.182500,1.025284115625e-02,1.025284115625e-02
0.183000,1.023771618500e-02,1.023771618500e-02
0.183500,1.022260454625e-02,1.022260454625e-02
0.184000,1.020750624000e-02,1.020750624000e-02
0.184500,1.019242126625e-02,1.019242126625e-02
0.185000,1.017734962500e-02,1.017734962500e-02
0.185500,1.016229131625e-02,1.016229131625e-02
0.186000,1.014724634000e-02,1.014724634000e-02
0.186500,1.013221469625e-02,1.013221469625e-02
0.187000,1.011719638500e-02,1.011719638500e-02
0.187500,1.010219140625e-02,1.010219140625e-02
0.188000,1.008719976000e-02,1.008719976000e-02
0.188500,1.007222144625e-02,1.007222144625e-02
0.189000,1.005725646500e-02,1.005725646500e-02
0.189500,1.004230481625e-02,1.004230481625e-02
0.190000,1.002736650000e-02,1.002736650000e-02
0.190500,1.001244151625e-02,1.001244151625e-02
0.191000,9.997529865000e-03,9.997529865000e-03
0.191500,9.982631546250e-03,9.982631546250e-03
0.192000,9.967746560000e-03,9.967746560000e-03
0.192500,9.952874906250e-03,9.952874906250e-03
0.193000,9.938016585000e-03,9.938016585000e-03
0.193500,9.923171596250e-03,9.923171596250e-03
0.194000,9.908339940000e-03,9.908339940000e-03
0.194500,9.893521616250e-03,9.893521616250e-03
0.195000,9.878716625000e-03,9.878716625000e-03
0.195500,9.863924966250e-03,9.863924966250e-03
0.196000,9.849146640000e-03,9.849146640000e-03
0.196500,9.834381646250e-03,9.834381646250e-03
0.197000,9.819629985000e-03,9.819629985000e-03
0.197500,9.804891656250e-03,9.804891656250e-03
0.198000,9.790166660000e-03,9.790166660000e-03
0.198500,9.775454996250e-03,9.775454996250e-03
0.199000,9.760756665000e-03,9.760756665000e-03
0.199500,9.746071666250e-03,9.746071666250e-03
0.200000,9.731400000000e-03,9.731400000000e-03
0.200500,9.716741666250e-03,9.716741666250e-03
0.201000,9.702096665000e-03,9.702096665000e-03
0.201500,9.687464996250e-03,9.687464996250e-03
0.202000,9.672846660000e-03,9.672846660000e-03
0.202500,9.658241656250e-03,9.658241656250e-03
0.203000,9.643649985000e-03,9.643649985000e-03
0.203500,9.629071646250e-03,9.629071646250e-03
0.204000,9.614506640000e-03,9.614506640000e-03
0.204500,9.599954966250e-03,9.599954966250e-03
0.205000,9.585416625000e-03,9.585416625000e-03
0.205500,9.570891616250e-03,9.570891616250e-03
0.206000,9.556379940000e-03,9.556379940000e-03
0.206500,9.541881596250e-03,9.541881596250e-03
0.207000,9.527396585000e-03,9.527396585000e-03
0.207500,9.512924906250e-03,9.512924906250e-03
0.208000,9.498466560000e-03,9.498466560000e-03
0.208500,9.484021546250e-03,9.484021546250e-03
0.209000,9.469589865000e-03,9.469589865000e-03
0.209500,9.455171516250e-03,9.455171516250e-03
0.210000,9.440766500000e-03,9.440766500000e-03
0.210500,9.426374816250e-03,9.426374816250e-03
0.211000,9.411996465000e-03,9.411996465000e-03
0.211500,9.397631446250e-03,9.397631446250e-03
0.212000,9.383279760000e-03,9.383279760000e-03
0.212500,9.368941406250e-03,9.368941406250e-03
0.213000,9.354616385000e-03,9.354616385000e-03
0.213500,9.340304696250e-03,9.340304696250e-03
0.214000,9.326006340000e-03,9.326006340000e-03
0.214500,9.311721316250e-03,9.311721316250e-03
0.215000,9.297449625000e-03,9.297449625000e-03
0.215500,9.283191266250e-03,9.283191266250e-03
0.216000,9.268946240000e-03,9.268946240000e-03
0.216500,9.254714546250e-03,9.254714546250e-03
0.217000,9.240496185000e-03,9.240496185000e-03
0.217500,9.226291156250e-03,9.226291156250e-03
0.218000,9.212099460000e-03,9.212099460000e-03
0.218500,9.197921096250e-03,9.197921096250e-03
0.219000,9.183756065000e-03,9.183756065000e-03
0.219500,9.169604366250e-03,9.169604366250e-03
0.220000,9.155466000000e-03,9.155466000000e-03
0.220500,9.141340966250e-03,9.141340966250e-03
0.221000,9.127229265000e-03,9.127229265000e-03
0.221500,9.113130896250e-03,9.113130896250e-03
0.222000,9.099045860000e-03,9.099045860000e-03
0.222500,9.084974156250e-03,9.084974156250e-03
0.223000,9.070915785000e-03,9.070915785000e-03
0.223500,9.056870746250e-03,9.056870746250e-03
0.224000,9.042839040000e-03,9.042839040000e-03
0.224500,9.028820666250e-03,9.028820666250e-03
0.225000,9.014815625000e-03,9.014815625000e-03
0.225500,9.000823916250e-03,9.000823916250e-03
0.226000,8.986845540000e-03,8.986845540000e-03
0.226500,8.972880496250e-03,8.972880496250e-03
0.227000,8.958928785000e-03,8.958928785000e-03
0.227500,8.944990406250e-03,8.944990406250e-03
0.228000,8.931065360000e-03,8.931065360000e-03
0.228500,8.917153646250e-03,8.917153646250e-03
0.229000,8.903255265000e-03,8.903255265000e-03
0.229500,8.889370216250e-03,8.889370216250e-03
0.230000,8.875498500000e-03,8.875498500000e-03
0.230500,8.861640116250e-03,8.861640116250e-03
0.231000,8.847795065000e-03,8.847795065000e-03
0.231500,8.833963346250e-03,8.833963346250e-03
0.232000,8.820144960000e-03,8.820144960000e-03
0.232500,8.806339906250e-03,8.806339906250e-03
0.233000,8.792548185000e-03,8.792548185000e-03
0.233500,8.778769796250e-03,8.778769796250e-03
0.234000,8.765004740000e-03,8.765004740000e-03
0.234500,8.751253016250e-03,8.751253016250e-03
0.235000,8.737514625000e-03,8.737514625000e-03
0.235500,8.723789566250e-03,8.723789566250e-03
0.236000,8.710077840000e-03,8.710077840000e-03
0.236500,8.696379446250e-03,8.696379446250e-03
0.237000,8.682694385000e-03,8.682694385000e-03
0.237500,8.669022656250e-03,8.669022656250e-03
0.238000,8.655364260000e-03,8.655364260000e-03
0.238500,8.641719196250e-03,8.641719196250e-03
0.239000,8.628087465000e-03,8.628087465000e-03
0.239500,8.614469066250e-03,8.614469066250e-03
0.240000,8.600864000000e-03,8.600864000000e-03
0.240500,8.587272266250e-03,8.587272266250e-03
0.241000,8.573693865000e-03,8.573693865000e-03
0.241500,8.560128796250e-03,8.560128796250e-03
0.242000,8.546577060000e-03,8.546577060000e-03
0.242500,8.533038656250e-03,8.533038656250e-03
0.243000,8.519513585000e-03,8.519513585000e-03
0.243500,8.506001846250e-03,8.506001846250e-03
0.244000,8.492503440000e-03,8.492503440000e-03
0.244500,8.479018366250e-03,8.479018366250e-03
0.245000,8.465546625000e-03,8.465546625000e-03
0.245500,8.452088216250e-03,8.452088216250e-03
0.246000,8.438643140000e-03,8.438643140000e-03
0.246500,8.425211396250e-03,8.425211396250e-03
0.247000,8.411792985000e-03,8.411792985000e-03
0.247500,8.398387906250e-03,8.398387906250e-03
0.248000,8.384996160000e-03,8.384996160000e-03
0.248500,8.371617746250e-03,8.371617746250e-03
0.249000,8.358252665000e-03,8.358252665000e-03
0.249500,8.344900916250e-03,8.344900916250e-03
0.250000,8.331562500000e-03,8.331562500000e-03
0.250500,8.318237416250e-03,8.318237416250e-03
0.251000,8.304925665000e-03,8.304925665000e-03
0.251500,8.291627246250e-03,8.291627246250e-03
0.252000,8.278342160000e-03,8.278342160000e-03
0.252500,8.265070406250e-03,8.265070406250e-03
0.253000,8.251811985000e-03,8.251811985000e-03
0.253500,8.238566896250e-03,8.238566896250e-03
0.254000,8.225335140000e-03,8.225335140000e-03
0.254500,8.212116716250e-03,8.212116716250e-03
0.255000,8.198911625000e-03,8.198911625000e-03
0.255500,8.185719866250e-03,8.185719866250e-03
0.256000,8.172541440000e-03,8.172541440000e-03
0.256500,8.159376346250e-03,8.159376346250e-03
0.257000,8.146224585000e-03,8.146224585000e-03
0.257500,8.133086156250e-03,8.133086156250e-03
0.258000,8.119961060000e-03,8.119961060000e-03
0.258500,8.106849296250e-03,8.106849296250e-03
0.259000,8.093750865000e-03,8.093750865000e-03
0.259500,8.080665766250e-03,8.080665766250e-03
0.260000,8.067594000000e-03,8.067594000000e-03
0.260500,8.054535566250e-03,8.054535566250e-03
0.261000,8.041490465000e-03,8.041490465000e-03
0.261500,8.028458696250e-03,8.028458696250e-03
0.262000,8.015440260000e-03,8.015440260000e-03
0.262500,8.002435156250e-03,8.002435156250e-03
0.263000,7.989443385000e-03,7.989443385000e-03
0.263500,7.976464946250e-03,7.976464946250e-03
0.264000,7.963499840000e-03,7.963499840000e-03
0.264500,7.950548066250e-03,7.950548066250e-03
0.265000,7.937609625000e-03,7.937609625000e-03
0.265500,7.924684516250e-03,7.924684516250e-03
0.266000,7.911772740000e-03,7.911772740000e-03
0.266500,7.898874296250e-03,7.898874296250e-03
0.267000,7.885989185000e-03,7.885989185000e-03
0.267500,7.873117406250e-03,7.873117406250e-03
0.268000,7.860258960000e-03,7.860258960000e-03
0.268500,7.847413846250e-03,7.847413846250e-03
0.269000,7.834582065000e-03,7.834582065000e-03
0.269500,7.821763616250e-03,7.821763616250e-03
0.270000,7.808958500000e-03,7.808958500000e-03
0.270500,7.796166716250e-03,7.796166716250e-03
0.271000,7.783388265000e-03,7.783388265000e-03
0.271500,7.770623146250e-03,7.770623146250e-03
0.272000,7.757871360000e-03,7.757871360000e-03
0.272500,7.745132906250e-03,7.745132906250e-03
0.273000,7.732407785000e-03,7.732407785000e-03
0.273500,7.719695996250e-03,7.719695996250e-03
0.274000,7.706997540000e-03,7.706997540000e-03
0.274500,7.694312416250e-03,7.694312416250e-03
0.275000,7.681640625000e-03,7.681640625000e-03
0.275500,7.668982166250e-03,7.668982166250e-03
0.276000,7.656337040000e-03,7.656337040000e-03
0.276500,7.643705246250e-03,7.643705246250e-03
0.277000,7.631086785000e-03,7.631086785000e-03
0.277500,7.618481656250e-03,7.618481656250e-03
0.278000,7.605889860000e-03,7.605889860000e-03
0.278500,7.593311396250e-03,7.593311396250e-03
0.279000,7.580746265000e-03,7.580746265000e-03
0.279500,7.568194466250e-03,7.568194466250e-03
0.280000,7.555656000000e-03,7.555656000000e-03
0.280500,7.543130866250e-03,7.543130866250e-03
0.281000,7.530619065000e-03,7.530619065000e-03
0.281500,7.518120596250e-03,7.518120596250e-03
0.282000,7.505635460000e-03,7.505635460000e-03
0.282500,7.493163656250e-03,7.493163656250e-03
0.283000,7.480705185000e-03,7.480705185000e-03
0.283500,7.468260046250e-03,7.468260046250e-03
0.284000,7.455828240000e-03,7.455828240000e-03
0.284500,7.443409766250e-03,7.443409766250e-03
0.285000,7.431004625000e-03,7.431004625000e-03
0.285500,7.418612816250e-03,7.418612816250e-03
0.286000,7.406234340000e-03,7.406234340000e-03
0.286500,7.393869196250e-03,7.393869196250e-03
0.287000,7.381517385000e-03,7.381517385000e-03
0.287500,7.369178906250e-03,7.369178906250e-03
0.288000,7.356853760000e-03,7.356853760000e-03
0.288500,7.344541946250e-03,7.344541946250e-03
0.289000,7.332243465000e-03,7.332243465000e-03
0.289500,7.319958316250e-03,7.319958316250e-03
0.290000,7.307686500000e-03,7.307686500000e-03
0.290500,7.295428016250e-03,7.295428016250e-03
0.291000,7.283182865000e-03,7.283182865000e-03
0.291500,7.270951046250e-03,7.270951046250e-03
0.292000,7.258732560000e-03,7.258732560000e-03
0.292500,7.246527406250e-03,7.246527406250e-03
0.293000,7.234335585000e-03,7.234335585000e-03
0.293500,7.222157096250e-03,7.222157096250e-03
0.294000,7.209991940000e-03,7.209991940000e-03
0.294500,7.197840116250e-03,7.197840116250e-03
0.295000,7.185701625000e-03,7.185701625000e-03
0.295500,7.173576466250e-03,7.173576466250e-03
0.296000,7.161464640000e-03,7.161464640000e-03
0.296500,7.149366146250e-03,7.149366146250e-03
0.297000,7.137280985000e-03,7.137280985000e-03
0.297500,7.125209156250e-03,7.125209156250e-03
0.298000,7.113150660000e-03,7.113150660000e-03
0.298500,7.101105496250e-03,7.101105496250e-03
0.299000,7.089073665000e-03,7.089073665000e-03
0.299500,7.077055166250e-03,7.077055166250e-03
0.300000,7.065050000000e-03,7.065050000000e-03
0.300500,7.053058166250e-03,7.053058166250e-03
0.301000,7.041079665000e-03,7.041079665000e-03
0.301500,7.029114496250e-03,7.029114496250e-03
0.302000,7.017162660000e-03,7.017162660000e-03
0.302500,7.005224156250e-03,7.005224156250e-03
0.303000,6.993298985000e-03,6.993298985000e-03
0.303500,6.981387146250e-03,6.981387146250e-03
0.304000,6.969488640000e-03,6.969488640000e-03
0.304500,6.957603466250e-03,6.957603466250e-03
0.305000,6.945731625000e-03,6.945731625000e-03
0.305500,6.933873116250e-03,6.933873116250e-03
0.306000,6.922027940000e-03,6.922027940000e-03
0.306500,6.910196096250e-03,6.910196096250e-03
0.307000,6.898377585000e-03,6.898377585000e-03
0.307500,6.886572406250e-03,6.886572406250e-03
0.308000,6.874780560000e-03,6.874780560000e-03
0.308500,6.863002046250e-03,6.863002046250e-03
0.309000,6.851236865000e-03,6.851236865000e-03
0.309500,6.839485016250e-03,6.839485016250e-03
0.310000,6.827746500000e-03,6.827746500000e-03
0.310500,6.816021316250e-03,6.816021316250e-03
0.311000,6.804309465000e-03,6.804309465000e-03
0.311500,6.792610946250e-03,6.792610946250e-03
0.312000,6.780925760000e-03,6.780925760000e-03
0.312500,6.769253906250e-03,6.769253906250e-03
0.313000,6.757595385000e-03,6.757595385000e-03
0.313500,6.745950196250e-03,6.745950196250e-03
0.314000,6.734318340000e-03,6.734318340000e-03
0.314500,6.722699816250e-03,6.722699816250e-03
0.315000,6.711094625000e-03,6.711094625000e-03
0.315500,6.699502766250e-03,6.699502766250e-03
0.316000,6.687924240000e-03,6.687924240000e-03
0.316500,6.676359046250e-03,6.676359046250e-03
0.317000,6.664807185000e-03,6.664807185000e-03
0.317500,6.653268656250e-03,6.653268656250e-03
0.318000,6.641743460000e-03,6.641743460000e-03
0.318500,6.630231596250e-03,6.630231596250e-03
0.319000,6.618733065000e-03,6.618733065000e-03
0.319500,6.607247866250e-03,6.607247866250e-03
0.320000,6.595776000000e-03,6.595776000000e-03
0.320500,6.584317466250e-03,6.584317466250e-03
0.321000,6.572872265000e-03,6.572872265000e-03
0.321500,6.561440396250e-03,6.561440396250e-03
0.322000,6.550021860000e-03,6.550021860000e-03
0.322500,6.538616656250e-03,6.538616656250e-03
0.323000,6.527224785000e-03,6.527224785000e-03
0.323500,6.515846246250e-03,6.515846246250e-03
0.324000,6.504481040000e-03,6.504481040000e-03
0.324500,6.493129166250e-03,6.493129166250e-03
0.325000,6.481790625000e-03,6.481790625000e-03
0.325500,6.470465416250e-03,6.470465416250e-03
0.326000,6.459153540000e-03,6.459153540000e-03
0.326500,6.447854996250e-03,6.447854996250e-03
0.327000,6.436569785000e-03,6.436569785000e-03
0.327500,6.425297906250e-03,6.425297906250e-03
0.328000,6.414039360000e-03,6.414039360000e-03
0.328500,6.402794146250e-03,6.402794146250e-03
0.329000,6.391562265000e-03,6.391562265000e-03
0.329500,6.380343716250e-03,6.380343716250e-03
0.330000,6.369138500000e-03,6.369138500000e-03
0.330500,6.357946616250e-03,6.357946616250e-03
0.331000,6.346768065000e-03,6.346768065000e-03
0.331500,6.335602846250e-03,6.335602846250e-03
0.332000,6.324450960000e-03,6.324450960000e-03
0.332500,6.313312406250e-03,6.313312406250e-03
0.333000,6.302187185000e-03,6.302187185000e-03
0.333500,6.291075296250e-03,6.291075296250e-03
0.334000,6.279976740000e-03,6.279976740000e-03
0.334500,6.268891516250e-03,6.268891516250e-03
0.335000,6.257819625000e-03,6.257819625000e-03
0.335500,6.246761066250e-03,6.246761066250e-03
0.336000,6.235715840000e-03,6.235715840000e-03
0.336500,6.224683946250e-03,6.224683946250e-03
0.337000,6.213665385000e-03,6.213665385000e-03
0.337500,6.202660156250e-03,6.202660156250e-03
0.338000,6.191668260000e-03,6.191668260000e-03
0.338500,6.180689696250e-03,6.180689696250e-03
0.339000,6.169724465000e-03,6.169724465000e-03
0.339500,6.158772566250e-03,6.158772566250e-03
0.340000,6.147834000000e-03,6.147834000000e-03
0.340500,6.136908766250e-03,6.136908766250e-03
0.341000,6.125996865000e-03,6.125996865000e-03
0.341500,6.115098296250e-03,6.115098296250e-03
0.342000,6.104213060000e-03,6.104213060000e-03
0.342500,6.093341156250e-03,6.093341156250e-03
0.343000,6.082482585000e-03,6.082482585000e-03
0.343500,6.071637346250e-03,6.071637346250e-03
0.344000,6.060805440000e-03,6.060805440000e-03
0.344500,6.049986866250e-03,6.049986866250e-03
0.345000,6.039181625000e-03,6.039181625000e-03
0.345500,6.028389716250e-03,6.028389716250e-03
0.346000,6.017611140000e-03,6.017611140000e-03
0.346500,6.006845896250e-03,6.006845896250e-03
0.347000,5.996093985000e-03,5.996093985000e-03
0.347500,5.985355406250e-03,5.985355406250e-03
0.348000,5.974630160000e-03,5.974630160000e-03
0.348500,5.963918246250e-03,5.963918246250e-03
0.349000,5.953219665000e-03,5.953219665000e-03
0.349500,5.942534416250e-03,5.942534416250e-03
0.350000,5.931862500000e-03,5.931862500000e-03
0.350500,5.921203916250e-03,5.921203916250e-03
0.351000,5.910558665000e-03,5.910558665000e-03
0.351500,5.899926746250e-03,5.899926746250e-03
0.352000,5.889308160000e-03,5.889308160000e-03
0.352500,5.878702906250e-03,5.878702906250e-03
0.353000,5.868110985000e-03,5.868110985000e-03
0.353500,5.857532396250e-03,5.857532396250e-03
0.354000,5.846967140000e-03,5.846967140000e-03
0.354500,5.836415216250e-03,5.836415216250e-03
0.355000,5.825876625000e-03,5.825876625000e-03
0.355500,5.815351366250e-03,5.815351366250e-03
0.356000,5.804839440000e-03,5.804839440000e-03
0.356500,5.794340846250e-03,5.794340846250e-03
0.357000,5.783855585000e-03,5.783855585000e-03
0.357500,5.773383656250e-03,5.773383656250e-03
0.358000,5.762925060000e-03,5.762925060000e-03
0.358500,5.752479796250e-03,5.752479796250e-03
0.359000,5.742047865000e-03,5.742047865000e-03
0.359500,5.731629266250e-03,5.731629266250e-03
0.360000,5.721224000000e-03,5.721224000000e-03
0.360500,5.710832066250e-03,5.710832066250e-03
0.361000,5.700453465000e-03,5.700453465000e-03
0.361500,5.690088196250e-03,5.690088196250e-03
0.362000,5.679736260000e-03,5.679736260000e-03
0.362500,5.669397656250e-03,5.669397656250e-03
0.363000,5.659072385000e-03,5.659072385000e-03
0.363500,5.648760446250e-03,5.648760446250e-03
0.364000,5.638461840000e-03,5.638461840000e-03
0.364500,5.628176566250e-03,5.628176566250e-03
0.365000,5.617904625000e-03,5.617904625000e-03
0.365500,5.607646016250e-03,5.607646016250e-03
0.366000,5.597400740000e-03,5.597400740000e-03
0.366500,5.587168796250e-03,5.587168796250e-03
0.367000,5.576950185000e-03,5.576950185000e-03
0.367500,5.566744906250e-03,5.566744906250e-03
0.368000,5.556552960000e-03,5.556552960000e-03
0.368500,5.546374346250e-03,5.546374346250e-03
0.369000,5.536209065000e-03,5.536209065000e-03
0.369500,5.526057116250e-03,5.526057116250e-03
0.370000,5.515918500000e-03,5.515918500000e-03
0.370500,5.505793216250e-03,5.505793216250e-03
0.371000,5.495681265000e-03,5.495681265000e-03
0.371500,5.485582646250e-03,5.485582646250e-03
0.372000,5.475497360000e-03,5.475497360000e-03
0.372500,5.465425406250e-03,5.465425406250e-03
0.373000,5.455366785000e-03,5.455366785000e-03
0.373500,5.445321496250e-03,5.445321496250e-03
0.374000,5.435289540000e-03,5.435289540000e-03
0.374500,5.425270916250e-03,5.425270916250e-03
0.375000,5.415265625000e-03,5.415265625000e-03
0.375500,5.405273666250e-03,5.405273666250e-03
0.376000,5.395295040000e-03,5.395295040000e-03
0.376500,5.385329746250e-03,5.385329746250e-03
0.377000,5.375377785000e-03,5.375377785000e-03
0.377500,5.365439156250e-03,5.365439156250e-03
0.378000,5.355513860000e-03,5.355513860000e-03
0.378500,5.345601896250e-03,5.345601896250e-03
0.379000,5.335703265000e-03,5.335703265000e-03
0.379500,5.325817966250e-03,5.325817966250e-03
0.380000,5.315946000000e-03,5.315946000000e-03
0.380500,5.306087366250e-03,5.306087366250e-03
0.381000,5.296242065000e-03,5.296242065000e-03
0.381500,5.286410096250e-03,5.286410096250e-03
0.382000,5.276591460000e-03,5.276591460000e-03
0.382500,5.266786156250e-03,5.266786156250e-03
0.383000,5.256994185000e-03,5.256994185000e-03
0.383500,5.247215546250e-03,5.247215546250e-03
0.384000,5.237450240000e-03,5.237450240000e-03
0.384500,5.227698266250e-03,5.227698266250e-03
0.385000,5.217959625000e-03,5.217959625000e-03
0.385500,5.208234316250e-03,5.208234316250e-03
0.386000,5.198522340000e-03,5.198522340000e-03
0.386500,5.188823696250e-03,5.188823696250e-03
0.387000,5.179138385000e-03,5.179138385000e-03
0.387500,5.169466406250e-03,5.169466406250e-03
0.388000,5.159807760000e-03,5.159807760000e-03
0.388500,5.150162446250e-03,5.150162446250e-03
0.389000,5.140530465000e-03,5.140530465000e-03
0.389500,5.130911816250e-03,5.130911816250e-03
0.390000,5.121306500000e-03,5.121306500000e-03
0.390500,5.111714516250e-03,5.111714516250e-03
0.391000,5.102135865000e-03,5.102135865000e-03
0.391500,5.092570546250e-03,5.092570546250e-03
0.392000,5.083018560000e-03,5.083018560000e-03
0.392500,5.073479906250e-03,5.073479906250e-03
0.393000,5.063954585000e-03,5.063954585000e-03
0.393500,5.054442596250e-03,5.054442596250e-03
0.394000,5.044943940000e-03,5.044943940000e-03
0.394500,5.035458616250e-03,5.035458616250e-03
0.395000,5.025986625000e-03,5.025986625000e-03
0.395500,5.016527966250e-03,5.016527966250e-03
0.396000,5.007082640000e-03,5.007082640000e-03
0.396500,4.997650646250e-03,4.997650646250e-03
0.397000,4.988231985000e-03,4.988231985000e-03
0.397500,4.978826656250e-03,4.978826656250e-03
0.398000,4.969434660000e-03,4.969434660000e-03
0.398500,4.960055996250e-03,4.960055996250e-03
0.399000,4.950690665000e-03,4.950690665000e-03
0.399500,4.941338666250e-03,4.941338666250e-03
0.400000,4.932000000000e-03,4.932000000000e-03
0.400500,4.922674666250e-03,4.922674666250e-03
0.401000,4.913362665000e-03,4.913362665000e-03
0.401500,4.904063996250e-03,4.904063996250e-03
0.402000,4.894778660000e-03,4.894778660000e-03
0.402500,4.885506656250e-03,4.885506656250e-03
0.403000,4.876247985000e-03,4.876247985000e-03
0.403500,4.867002646250e-03,4.867002646250e-03
0.404000,4.857770640000e-03,4.857770640000e-03
0.404500,4.848551966250e-03,4.848551966250e-03
0.405000,4.839346625000e-03,4.839346625000e-03
0.405500,4.830154616250e-03,4.830154616250e-03
0.406000,4.820975940000e-03,4.820975940000e-03
0.406500,4.811810596250e-03,4.811810596250e-03
0.407000,4.802658585000e-03,4.802658585000e-03
0.407500,4.793519906250e-03,4.793519906250e-03
0.408000,4.784394560000e-03,4.784394560000e-03
0.408500,4.775282546250e-03,4.775282546250e-03
0.409000,4.766183865000e-03,4.766183865000e-03
0.409500,4.757098516250e-03,4.757098516250e-03
0.410000,4.748026500000e-03,4.748026500000e-03
0.410500,4.738967816250e-03,4.738967816250e-03
0.411000,4.729922465000e-03,4.729922465000e-03
0.411500,4.720890446250e-03,4.720890446250e-03
0.412000,4.711871760000e-03,4.711871760000e-03
0.412500,4.702866406250e-03,4.702866406250e-03
0.413000,4.693874385000e-03,4.693874385000e-03
0.413500,4.684895696250e-03,4.684895696250e-03
0.414000,4.675930340000e-03,4.675930340000e-03
0.414500,4.666978316250e-03,4.666978316250e-03
0.415000,4.658039625000e-03,4.658039625000e-03
0.415500,4.649114266250e-03,4.649114266250e-03
0.416000,4.640202240000e-03,4.640202240000e-03
0.416500,4.631303546250e-03,4.631303546250e-03
0.417000,4.622418185000e-03,4.622418185000e-03
0.417500,4.613546156250e-03,4.613546156250e-03
0.418000,4.604687460000e-03,4.604687460000e-03
0.418500,4.595842096250e-03,4.595842096250e-03
0.419000,4.587010065000e-03,4.587010065000e-03
0.419500,4.578191366250e-03,4.578191366250e-03
0.420000,4.569386000000e-03,4.569386000000e-03
0.420500,4.560593966250e-03,4.560593966250e-03
0.421000,4.551815265000e-03,4.551815265000e-03
0.421500,4.543049896250e-03,4.543049896250e-03
0.422000,4.534297860000e-03,4.534297860000e-03
0.422500,4.525559156250e-03,4.525559156250e-03
0.423000,4.516833785000e-03,4.516833785000e-03
0.423500,4.508121746250e-03,4.508121746250e-03
0.424000,4.499423040000e-03,4.499423040000e-03
0.424500,4.490737666250e-03,4.490737666250e-03
0.425000,4.482065625000e-03,4.482065625000e-03
0.425500,4.473406916250e-03,4.473406916250e-03
0.426000,4.464761540000e-03,4.464761540000e-03
0.426500,4.456129496250e-03,4.456129496250e-03
0.427000,4.447510785000e-03,4.447510785000e-03
0.427500,4.438905406250e-03,4.438905406250e-03
0.428000,4.430313360000e-03,4.430313360000e-03
0.428500,4.421734646250e-03,4.421734646250e-03
0.429000,4.413169265000e-03,4.413169265000e-03
0.429500,4.404617216250e-03,4.404617216250e-03
0.430000,4.396078500000e-03,4.396078500000e-03
0.430500,4.387553116250e-03,4.387553116250e-03
0.431000,4.379041065000e-03,4.379041065000e-03
0.431500,4.370542346250e-03,4.370542346250e-03
0.432000,4.362056960000e-03,4.362056960000e-03
0.432500,4.353584906250e-03,4.353584906250e-03
0.433000,4.345126185000e-03,4.345126185000e-03
0.433500,4.336680796250e-03,4.336680796250e-03
0.434000,4.328248740000e-03,4.328248740000e-03
0.434500,4.319830016250e-03,4.319830016250e-03
0.435000,4.311424625000e-03,4.311424625000e-03
0.435500,4.303032566250e-03,4.303032566250e-03
0.436000,4.294653840000e-03,4.294653840000e-03
0.436500,4.286288446250e-03,4.286288446250e-03
0.437000,4.277936385000e-03,4.277936385000e-03
0.437500,4.269597656250e-03,4.269597656250e-03
0.438000,4.261272260000e-03,4.261272260000e-03
0.438500,4.252960196250e-03,4.252960196250e-03
0.439000,4.244661465000e-03,4.244661465000e-03
0.439500,4.236376066250e-03,4.236376066250e-03
0.440000,4.228104000000e-03,4.228104000000e-03
0.440500,4.219845266250e-03,4.219845266250e-03
0.441000,4.211599865000e-03,4.211599865000e-03
0.441500,4.203367796250e-03,4.203367796250e-03
0.442000,4.195149060000e-03,4.195149060000e-03
0.442500,4.186943656250e-03,4.186943656250e-03
0.443000,4.178751585000e-03,4.178751585000e-03
0.443500,4.170572846250e-03,4.170572846250e-03
0.444000,4.162407440000e-03,4.162407440000e-03
0.444500,4.154255366250e-03,4.154255366250e-03
0.445000,4.146116625000e-03,4.146116625000e-03
0.445500,4.137991216250e-03,4.137991216250e-03
0.446000,4.129879140000e-03,4.129879140000e-03
0.446500,4.121780396250e-03,4.121780396250e-03
0.447000,4.113694985000e-03,4.113694985000e-03
0.447500,4.105622906250e-03,4.105622906250e-03
0.448000,4.097564160000e-03,4.097564160000e-03
0.448500,4.089518746250e-03,4.089518746250e-03
0.449000,4.081486665000e-03,4.081486665000e-03
0.449500,4.073467916250e-03,4.073467916250e-03
0.450000,4.065462500000e-03,4.065462500000e-03
0.450500,4.057470416250e-03,4.057470416250e-03
0.451000,4.049491665000e-03,4.049491665000e-03
0.451500,4.041526246250e-03,4.041526246250e-03
0.452000,4.033574160000e-03,4.033574160000e-03
0.452500,4.025635406250e-03,4.025635406250e-03
0.453000,4.017709985000e-03,4.017709985000e-03
0.453500,4.009797896250e-03,4.009797896250e-03
0.454000,4.001899140000e-03,4.001899140000e-03
0.454500,3.994013716250e-03,3.994013716250e-03
0.455000,3.986141625000e-03,3.986141625000e-03
0.455500,3.978282866250e-03,3.978282866250e-03
0.456000,3.970437440000e-03,3.970437440000e-03
0.456500,3.962605346250e-03,3.962605346250e-03
0.457000,3.954786585000e-03,3.954786585000e-03
0.457500,3.946981156250e-03,3.946981156250e-03
0.458000,3.939189060000e-03,3.939189060000e-03
0.458500,3.931410296250e-03,3.931410296250e-03
0.459000,3.923644865000e-03,3.923644865000e-03
0.459500,3.915892766250e-03,3.915892766250e-03
0.460000,3.908154000000e-03,3.908154000000e-03
0.460500,3.900428566250e-03,3.900428566250e-03
0.461000,3.892716465000e-03,3.892716465000e-03
0.461500,3.885017696250e-03,3.885017696250e-03
0.462000,3.877332260000e-03,3.877332260000e-03
0.462500,3.869660156250e-03,3.869660156250e-03
0.463000,3.862001385000e-03,3.862001385000e-03
0.463500,3.854355946250e-03,3.854355946250e-03
0.464000,3.846723840000e-03,3.846723840000e-03
0.464500,3.839105066250e-03,3.839105066250e-03
0.465000,3.831499625000e-03,3.831499625000e-03
0.465500,3.823907516250e-03,3.823907516250e-03
0.466000,3.816328740000e-03,3.816328740000e-03
0.466500,3.808763296250e-03,3.808763296250e-03
0.467000,3.801211185000e-03,3.801211185000e-03
0.467500,3.793672406250e-03,3.793672406250e-03
0.468000,3.786146960000e-03,3.786146960000e-03
0.468500,3.778634846250e-03,3.778634846250e-03
0.469000,3.771136065000e-03,3.771136065000e-03
0.469500,3.763650616250e-03,3.763650616250e-03
0.470000,3.756178500000e-03,3.756178500000e-03
0.470500,3.748719716250e-03,3.748719716250e-03
0.471000,3.741274265000e-03,3.741274265000e-03
0.471500,3.733842146250e-03,3.733842146250e-03
0.472000,3.726423360000e-03,3.726423360000e-03
0.472500,3.719017906250e-03,3.719017906250e-03
0.473000,3.711625785000e-03,3.711625785000e-03
0.473500,3.704246996250e-03,3.704246996250e-03
0.474000,3.696881540000e-03,3.696881540000e-03
0.474500,3.689529416250e-03,3.689529416250e-03
0.475000,3.682190625000e-03,3.682190625000e-03
0.475500,3.674865166250e-03,3.674865166250e-03
0.476000,3.667553040000e-03,3.667553040000e-03
0.476500,3.660254246250e-03,3.660254246250e-03
0.477000,3.652968785000e-03,3.652968785000e-03
0.477500,3.645696656250e-03,3.645696656250e-03
0.478000,3.638437860000e-03,3.638437860000e-03
0.478500,3.631192396250e-03,3.631192396250e-03
0.479000,3.623960265000e-03,3.623960265000e-03
0.479500,3.616741466250e-03,3.616741466250e-03
0.480000,3.609536000000e-03,3.609536000000e-03
0.480500,3.602343866250e-03,3.602343866250e-03
0.481000,3.595165065000e-03,3.595165065000e-03
0.481500,3.587999596250e-03,3.587999596250e-03
0.482000,3.580847460000e-03,3.580847460000e-03
0.482500,3.573708656250e-03,3.573708656250e-03
0.483000,3.566583185000e-03,3.566583185000e-03
0.483500,3.559471046250e-03,3.559471046250e-03
0.484000,3.552372240000e-03,3.552372240000e-03
0.484500,3.545286766250e-03,3.545286766250e-03
0.485000,3.538214625000e-03,3.538214625000e-03
0.485500,3.531155816250e-03,3.531155816250e-03
0.486000,3.524110340000e-03,3.524110340000e-03
0.486500,3.517078196250e-03,3.517078196250e-03
0.487000,3.510059385000e-03,3.510059385000e-03
0.487500,3.503053906250e-03,3.503053906250e-03
0.488000,3.496061760000e-03,3.496061760000e-03
0.488500,3.489082946250e-03,3.489082946250e-03
0.489000,3.482117465000e-03,3.482117465000e-03
0.489500,3.475165316250e-03,3.475165316250e-03
0.490000,3.468226500000e-03,3.468226500000e-03
0.490500,3.461301016250e-03,3.461301016250e-03
0.491000,3.454388865000e-03,3.454388865000e-03
0.491500,3.447490046250e-03,3.447490046250e-03
0.492000,3.440604560000e-03,3.440604560000e-03
0.492500,3.433732406250e-03,3.433732406250e-03
0.493000,3.426873585000e-03,3.426873585000e-03
0.493500,3.420028096250e-03,3.420028096250e-03
0.494000,3.413195940000e-03,3.413195940000e-03
0.494500,3.406377116250e-03,3.406377116250e-03
0.495000,3.399571625000e-03,3.399571625000e-03
0.495500,3.392779466250e-03,3.392779466250e-03
0.496000,3.386000640000e-03,3.386000640000e-03
0.496500,3.379235146250e-03,3.379235146250e-03
0.497000,3.372482985000e-03,3.372482985000e-03
0.497500,3.365744156250e-03,3.365744156250e-03
0.498000,3.359018660000e-03,3.359018660000e-03
0.498500,3.352306496250e-03,3.352306496250e-03
0.499000,3.345607665000e-03,3.345607665000e-03
0.499500,3.338922166250e-03,3.338922166250e-03
0.500000,3.332250000000e-03,3.332250000000e-03
0.500500,3.325591166250e-03,3.325591166250e-03
0.501000,3.318945665000e-03,3.318945665000e-03
0.501500,3.312313496250e-03,3.312313496250e-03
0.502000,3.305694660000e-03,3.305694660000e-03
0.502500,3.299089156250e-03,3.299089156250e-03
0.503000,3.292496985000e-03,3.292496985000e-03
0.503500,3.285918146250e-03,3.285918146250e-03
0.504000,3.279352640000e-03,3.279352640000e-03
0.504500,3.272800466250e-03,3.272800466250e-03
0.505000,3.266261625000e-03,3.266261625000e-03
0.505500,3.259736116250e-03,3.259736116250e-03
0.506000,3.253223940000e-03,3.253223940000e-03
0.506500,3.246725096250e-03,3.246725096250e-03
0.507000,3.240239585000e-03,3.240239585000e-03
0.507500,3.233767406250e-03,3.233767406250e-03
0.508000,3.227308560000e-03,3.227308560000e-03
0.508500,3.220863046250e-03,3.220863046250e-03
0.509000,3.214430865000e-03,3.214430865000e-03
0.509500,3.208012016250e-03,3.208012016250e-03
0.510000,3.201606500000e-03,3.201606500000e-03
0.510500,3.195214316250e-03,3.195214316250e-03
0.511000,3.188835465000e-03,3.188835465000e-03
0.511500,3.182469946250e-03,3.182469946250e-03
0.512000,3.176117760000e-03,3.176117760000e-03
0.512500,3.169778906250e-03,3.169778906250e-03
0.513000,3.163453385000e-03,3.163453385000e-03
0.513500,3.157141196250e-03,3.157141196250e-03
0.514000,3.150842340000e-03,3.150842340000e-03
0.514500,3.144556816250e-03,3.144556816250e-03
0.515000,3.138284625000e-03,3.138284625000e-03
0.515500,3.132025766250e-03,3.132025766250e-03
0.516000,3.125780240000e-03,3.125780240000e-03
0.516500,3.119548046250e-03,3.119548046250e-03
0.517000,3.113329185000e-03,3.113329185000e-03
0.517500,3.107123656250e-03,3.107123656250e-03
0.518000,3.100931460000e-03,3.100931460000e-03
0.518500,3.094752596250e-03,3.094752596250e-03
0.519000,3.088587065000e-03,3.088587065000e-03
0.519500,3.082434866250e-03,3.082434866250e-03
0.520000,3.076296000000e-03,3.076296000000e-03
0.520500,3.070170466250e-03,3.070170466250e-03
0.521000,3.064058265000e-03,3.064058265000e-03
0.521500,3.057959396250e-03,3.057959396250e-03
0.522000,3.051873860000e-03,3.051873860000e-03
0.522500,3.045801656250e-03,3.045801656250e-03
0.523000,3.039742785000e-03,3.039742785000e-03
0.523500,3.033697246250e-03,3.033697246250e-03
0.524000,3.027665040000e-03,3.027665040000e-03
0.524500,3.021646166250e-03,3.021646166250e-03
0.525000,3.015640625000e-03,3.015640625000e-03
0.525500,3.009648416250e-03,3.009648416250e-03
0.526000,3.003669540000e-03,3.003669540000e-03
0.526500,2.997703996250e-03,2.997703996250e-03
0.527000,2.991751785000e-03,2.991751785000e-03
0.527500,2.985812906250e-03,2.985812906250e-03
0.528000,2.979887360000e-03,2.979887360000e-03
0.528500,2.973975146250e-03,2.973975146250e-03
0.529000,2.968076265000e-03,2.968076265000e-03
0.529500,2.962190716250e-03,2.962190716250e-03
0.530000,2.956318500000e-03,2.956318500000e-03
0.530500,2.950459616250e-03,2.950459616250e-03
0.531000,2.944614065000e-03,2.944614065000e-03
0.531500,2.938781846250e-03,2.938781846250e-03
0.532000,2.932962960000e-03,2.932962960000e-03
0.532500,2.927157406250e-03,2.927157406250e-03
0.533000,2.921365185000e-03,2.921365185000e-03
0.533500,2.915586296250e-03,2.915586296250e-03
0.534000,2.909820740000e-03,2.909820740000e-03
0.534500,2.904068516250e-03,2.904068516250e-03
0.535000,2.898329625000e-03,2.898329625000e-03
0.535500,2.892604066250e-03,2.892604066250e-03
0.536000,2.886891840000e-03,2.886891840000e-03
0.536500,2.881192946250e-03,2.881192946250e-03
0.537000,2.875507385000e-03,2.875507385000e-03
0.537500,2.869835156250e-03,2.869835156250e-03
0.538000,2.864176260000e-03,2.864176260000e-03
0.538500,2.858530696250e-03,2.858530696250e-03
0.539000,2.852898465000e-03,2.852898465000e-03
0.539500,2.847279566250e-03,2.847279566250e-03
0.540000,2.841674000000e-03,2.841674000000e-03
0.540500,2.836081766250e-03,2.836081766250e-03
0.541000,2.830502865000e-03,2.830502865000e-03
0.541500,2.824937296250e-03,2.824937296250e-03
0.542000,2.819385060000e-03,2.819385060000e-03
0.542500,2.813846156250e-03,2.813846156250e-03
0.543000,2.808320585000e-03,2.808320585000e-03
0.543500,2.802808346250e-03,2.802808346250e-03
0.544000,2.797309440000e-03,2.797309440000e-03
0.544500,2.791823866250e-03,2.791823866250e-03
0.545000,2.786351625000e-03,2.786351625000e-03
0.545500,2.780892716250e-03,2.780892716250e-03
0.546000,2.775447140000e-03,2.775447140000e-03
0.546500,2.770014896250e-03,2.770014896250e-03
0.547000,2.764595985000e-03,2.764595985000e-03
0.547500,2.759190406250e-03,2.759190406250e-03
0.548000,2.753798160000e-03,2.753798160000e-03
0.548500,2.748419246250e-03,2.748419246250e-03
0.549000,2.743053665000e-03,2.743053665000e-03
0.549500,2.737701416250e-03,2.737701416250e-03
0.550000,2.732362500000e-03,2.732362500000e-03
0.550500,2.727036916250e-03,2.727036916250e-03
0.551000,2.721724665000e-03,2.721724665000e-03
0.551500,2.716425746250e-03,2.716425746250e-03
0.552000,2.711140160000e-03,2.711140160000e-03
0.552500,2.705867906250e-03,2.705867906250e-03
0.553000,2.700608985000e-03,2.700608985000e-03
0.553500,2.695363396250e-03,2.695363396250e-03
0.554000,2.690131140000e-03,2.690131140000e-03
0.554500,2.684912216250e-03,2.684912216250e-03
0.555000,2.679706625000e-03,2.679706625000e-03
0.555500,2.674514366250e-03,2.674514366250e-03
0.556000,2.669335440000e-03,2.669335440000e-03
0.556500,2.664169846250e-03,2.664169846250e-03
0.557000,2.659017585000e-03,2.659017585000e-03
0.557500,2.653878656250e-03,2.653878656250e-03
0.558000,2.648753060000e-03,2.648753060000e-03
0.558500,2.643640796250e-03,2.643640796250e-03
0.559000,2.638541865000e-03,2.638541865000e-03
0.559500,2.633456266250e-03,2.633456266250e-03
0.560000,2.628384000000e-03,2.628384000000e-03
0.560500,2.623325066250e-03,2.623325066250e-03
0.561000,2.618279465000e-03,2.618279465000e-03
0.561500,2.613247196250e-03,2.613247196250e-03
0.562000,2.608228260000e-03,2.608228260000e-03
0.562500,2.603222656250e-03,2.603222656250e-03
0.563000,2.598230385000e-03,2.598230385000e-03
0.563500,2.593251446250e-03,2.593251446250e-03
0.564000,2.588285840000e-03,2.588285840000e-03
0.564500,2.583333566250e-03,2.583333566250e-03
0.565000,2.578394625000e-03,2.578394625000e-03
0.565500,2.573469016250e-03,2.573469016250e-03
0.566000,2.568556740000e-03,2.568556740000e-03
0.566500,2.563657796250e-03,2.563657796250e-03
0.567000,2.558772185000e-03,2.558772185000e-03
0.567500,2.553899906250e-03,2.553899906250e-03
0.568000,2.549040960000e-03,2.549040960000e-03
0.568500,2.544195346250e-03,2.544195346250e-03
0.569000,2.539363065000e-03,2.539363065000e-03
0.569500,2.534544116250e-03,2.534544116250e-03
0.570000,2.529738500000e-03,2.529738500000e-03
0.570500,2.524946216250e-03,2.524946216250e-03
0.571000,2.520167265000e-03,2.520167265000e-03
0.571500,2.515401646250e-03,2.515401646250e-03
0.572000,2.510649360000e-03,2.510649360000e-03
0.572500,2.505910406250e-03,2.505910406250e-03
0.573000,2.501184785000e-03,2.501184785000e-03
0.573500,2.496472496250e-03,2.496472496250e-03
0.574000,2.491773540000e-03,2.491773540000e-03
0.574500,2.487087916250e-03,2.487087916250e-03
0.575000,2.482415625000e-03,2.482415625000e-03
0.575500,2.477756666250e-03,2.477756666250e-03
0.576000,2.473111040000e-03,2.473111040000e-03
0.576500,2.468478746250e-03,2.468478746250e-03
0.577000,2.463859785000e-03,2.463859785000e-03
0.577500,2.459254156250e-03,2.459254156250e-03
0.578000,2.454661860000e-03,2.454661860000e-03
0.578500,2.450082896250e-03,2.450082896250e-03
0.579000,2.445517265000e-03,2.445517265000e-03
0.579500,2.440964966250e-03,2.440964966250e-03
0.580000,2.436426000000e-03,2.436426000000e-03
0.580500,2.431900366250e-03,2.431900366250e-03
0.581000,2.427388065000e-03,2.427388065000e-03
0.581500,2.422889096250e-03,2.422889096250e-03
0.582000,2.418403460000e-03,2.418403460000e-03
0.582500,2.413931156250e-03,2.413931156250e-03
0.583000,2.409472185000e-03,2.409472185000e-03
0.583500,2.405026546250e-03,2.405026546250e-03
0.584000,2.400594240000e-03,2.400594240000e-03
0.584500,2.396175266250e-03,2.396175266250e-03
0.585000,2.391769625000e-03,2.391769625000e-03
0.585500,2.387377316250e-03,2.387377316250e-03
0.586000,2.382998340000e-03,2.382998340000e-03
0.586500,2.378632696250e-03,2.378632696250e-03
0.587000,2.374280385000e-03,2.374280385000e-03
0.587500,2.369941406250e-03,2.369941406250e-03
0.588000,2.365615760000e-03,2.365615760000e-03
0.588500,2.361303446250e-03,2.361303446250e-03
0.589000,2.357004465000e-03,2.357004465000e-03
0.589500,2.352718816250e-03,2.352718816250e-03
0.590000,2.348446500000e-03,2.348446500000e-03
0.590500,2.344187516250e-03,2.344187516250e-03
0.591000,2.339941865000e-03,2.339941865000e-03
0.591500,2.335709546250e-03,2.335709546250e-03
0.592000,2.331490560000e-03,2.331490560000e-03
0.592500,2.327284906250e-03,2.327284906250e-03
0.593000,2.323092585000e-03,2.323092585000e-03
0.593500,2.318913596250e-03,2.318913596250e-03
0.594000,2.314747940000e-03,2.314747940000e-03
0.594500,2.310595616250e-03,2.310595616250e-03
0.595000,2.306456625000e-03,2.306456625000e-03
0.595500,2.302330966250e-03,2.302330966250e-03
0.596000,2.298218640000e-03,2.298218640000e-03
0.596500,2.294119646250e-03,2.294119646250e-03
0.597000,2.290033985000e-03,2.290033985000e-03
0.597500,2.285961656250e-03,2.285961656250e-03
0.598000,2.281902660000e-03,2.281902660000e-03
0.598500,2.277856996250e-03,2.277856996250e-03
0.599000,2.273824665000e-03,2.273824665000e-03
0.599500,2.269805666250e-03,2.269805666250e-03
0.600000,2.265800000000e-03,2.265800000000e-03
0.600500,2.261807666250e-03,2.261807666250e-03
0.601000,2.257828665000e-03,2.257828665000e-03
0.601500,2.253862996250e-03,2.253862996250e-03
0.602000,2.249910660000e-03,2.249910660000e-03
0.602500,2.245971656250e-03,2.245971656250e-03
0.603000,2.242045985000e-03,2.242045985000e-03
0.603500,2.238133646250e-03,2.238133646250e-03
0.604000,2.234234640000e-03,2.234234640000e-03
0.604500,2.230348966250e-03,2.230348966250e-03
0.605000,2.226476625000e-03,2.226476625000e-03
0.605500,2.222617616250e-03,2.222617616250e-03
0.606000,2.218771940000e-03,2.218771940000e-03
0.606500,2.214939596250e-03,2.214939596250e-03
0.607000,2.211120585000e-03,2.211120585000e-03
0.607500,2.207314906250e-03,2.207314906250e-03
0.608000,2.203522560000e-03,2.203522560000e-03
0.608500,2.199743546250e-03,2.199743546250e-03
0.609000,2.195977865000e-03,2.195977865000e-03
0.609500,2.192225516250e-03,2.192225516250e-03
0.610000,2.188486500000e-03,2.188486500000e-03
0.610500,2.184760816250e-03,2.184760816250e-03
0.611000,2.181048465000e-03,2.181048465000e-03
0.611500,2.177349446250e-03,2.177349446250e-03
0.612000,2.173663760000e-03,2.173663760000e-03
0.612500,2.169991406250e-03,2.169991406250e-03
0.613000,2.166332385000e-03,2.166332385000e-03
0.613500,2.162686696250e-03,2.162686696250e-03
0.614000,2.159054340000e-03,2.159054340000e-03
0.614500,2.155435316250e-03,2.155435316250e-03
0.615000,2.151829625000e-03,2.151829625000e-03
0.615500,2.148237266250e-03,2.148237266250e-03
0.616000,2.144658240000e-03,2.144658240000e-03
0.616500,2.141092546250e-03,2.141092546250e-03
0.617000,2.137540185000e-03,2.137540185000e-03
0.617500,2.134001156250e-03,2.134001156250e-03
0.618000,2.130475460000e-03,2.130475460000e-03
0.618500,2.126963096250e-03,2.126963096250e-03
0.619000,2.123464065000e-03,2.123464065000e-03
0.619500,2.119978366250e-03,2.119978366250e-03
0.620000,2.116506000000e-03,2.116506000000e-03
0.620500,2.113046966250e-03,2.113046966250e-03
0.621000,2.109601265000e-03,2.109601265000e-03
0.621500,2.106168896250e-03,2.106168896250e-03
0.622000,2.102749860000e-03,2.102749860000e-03
0.622500,2.099344156250e-03,2.099344156250e-03
0.623000,2.095951785000e-03,2.095951785000e-03
0.623500,2.092572746250e-03,2.092572746250e-03
0.624000,2.089207040000e-03,2.089207040000e-03
0.624500,2.085854666250e-03,2.085854666250e-03
0.625000,2.082515625000e-03,2.082515625000e-03
0.625500,2.079189916250e-03,2.079189916250e-03
0.626000,2.075877540000e-03,2.075877540000e-03
0.626500,2.072578496250e-03,2.072578496250e-03
0.627000,2.069292785000e-03,2.069292785000e-03
0.627500,2.066020406250e-03,2.066020406250e-03
0.628000,2.062761360000e-03,2.062761360000e-03
0.628500,2.059515646250e-03,2.059515646250e-03
0.629000,2.056283265000e-03,2.056283265000e-03
0.629500,2.053064216250e-03,2.053064216250e-03
0.630000,2.049858500000e-03,2.049858500000e-03
0.630500,2.046666116250e-03,2.046666116250e-03
0.631000,2.043487065000e-03,2.043487065000e-03
0.631500,2.040321346250e-03,2.040321346250e-03
0.632000,2.037168960000e-03,2.037168960000e-03
0.632500,2.034029906250e-03,2.034029906250e-03
0.633000,2.030904185000e-03,2.030904185000e-03
0.633500,2.027791796250e-03,2.027791796250e-03
0.634000,2.024692740000e-03,2.024692740000e-03
0.634500,2.021607016250e-03,2.021607016250e-03
0.635000,2.018534625000e-03,2.018534625000e-03
0.635500,2.015475566250e-03,2.015475566250e-03
0.636000,2.012429840000e-03,2.012429840000e-03
0.636500,2.009397446250e-03,2.009397446250e-03
0.637000,2.006378385000e-03,2.006378385000e-03
0.637500,2.003372656250e-03,2.003372656250e-03
0.638000,2.000380260000e-03,2.000380260000e-03
0.638500,1.997401196250e-03,1.997401196250e-03
0.639000,1.994435465000e-03,1.994435465000e-03
0.639500,1.991483066250e-03,1.991483066250e-03
0.640000,1.988544000000e-03,1.988544000000e-03
0.640500,1.985618266250e-03,1.985618266250e-03
0.641000,1.982705865000e-03,1.982705865000e-03
0.641500,1.979806796250e-03,1.979806796250e-03
0.642000,1.976921060000e-03,1.976921060000e-03
0.642500,1.974048656250e-03,1.974048656250e-03
0.643000,1.971189585000e-03,1.971189585000e-03
0.643500,1.968343846250e-03,1.968343846250e-03
0.644000,1.965511440000e-03,1.965511440000e-03
0.644500,1.962692366250e-03,1.962692366250e-03
0.645000,1.959886625000e-03,1.959886625000e-03
0.645500,1.957094216250e-03,1.957094216250e-03
0.646000,1.954315140000e-03,1.954315140000e-03
0.646500,1.951549396250e-03,1.951549396250e-03
0.647000,1.948796985000e-03,1.948796985000e-03
0.647500,1.946057906250e-03,1.946057906250e-03
0.648000,1.943332160000e-03,1.943332160000e-03
0.648500,1.940619746250e-03,1.940619746250e-03
0.649000,1.937920665000e-03,1.937920665000e-03
0.649500,1.935234916250e-03,1.935234916250e-03
0.650000,1.932562500000e-03,1.932562500000e-03
0.650500,1.929903416250e-03,1.929903416250e-03
0.651000,1.927257665000e-03,1.927257665000e-03
0.651500,1.924625246250e-03,1.924625246250e-03
0.652000,1.922006160000e-03,1.922006160000e-03
0.652500,1.919400406250e-03,1.919400406250e-03
0.653000,1.916807985000e-03,1.916807985000e-03
0.653500,1.914228896250e-03,1.914228896250e-03
0.654000,1.911663140000e-03,1.911663140000e-03
0.654500,1.909110716250e-03,1.909110716250e-03
0.655000,1.906571625000e-03,1.906571625000e-03
0.655500,1.904045866250e-03,1.904045866250e-03
0.656000,1.901533440000e-03,1.901533440000e-03
0.656500,1.899034346250e-03,1.899034346250e-03
0.657000,1.896548585000e-03,1.896548585000e-03
0.657500,1.894076156250e-03,1.894076156250e-03
0.658000,1.891617060000e-03,1.891617060000e-03
0.658500,1.889171296250e-03,1.889171296250e-03
0.659000,1.886738865000e-03,1.886738865000e-03
0.659500,1.884319766250e-03,1.884319766250e-03
0.660000,1.881914000000e-03,1.881914000000e-03
0.660500,1.879521566250e-03,1.879521566250e-03
0.661000,1.877142465000e-03,1.877142465000e-03
0.661500,1.874776696250e-03,1.874776696250e-03
0.662000,1.872424260000e-03,1.872424260000e-03
0.662500,1.870085156250e-03,1.870085156250e-03
0.663000,1.867759385000e-03,1.867759385000e-03
0.663500,1.865446946250e-03,1.865446946250e-03
0.664000,1.863147840000e-03,1.863147840000e-03
0.664500,1.860862066250e-03,1.860862066250e-03
0.665000,1.858589625000e-03,1.858589625000e-03
0.665500,1.856330516250e-03,1.856330516250e-03
0.666000,1.854084740000e-03,1.854084740000e-03
0.666500,1.851852296250e-03,1.851852296250e-03
0.667000,1.849633185000e-03,1.849633185000e-03
0.667500,1.847427406250e-03,1.847427406250e-03
0.668000,1.845234960000e-03,1.845234960000e-03
0.668500,1.843055846250e-03,1.843055846250e-03
0.669000,1.840890065000e-03,1.840890065000e-03
0.669500,1.838737616250e-03,1.838737616250e-03
0.670000,1.836598500000e-03,1.836598500000e-03
0.670500,1.834472716250e-03,1.834472716250e-03
0.671000,1.832360265000e-03,1.832360265000e-03
0.671500,1.830261146250e-03,1.830261146250e-03
0.672000,1.828175360000e-03,1.828175360000e-03
0.672500,1.826102906250e-03,1.826102906250e-03
0.673000,1.824043785000e-03,1.824043785000e-03
0.673500,1.821997996250e-03,1.821997996250e-03
0.674000,1.819965540000e-03,1.819965540000e-03
0.674500,1.817946416250e-03,1.817946416250e-03
0.675000,1.815940625000e-03,1.815940625000e-03
0.675500,1.813948166250e-03,1.813948166250e-03
0.676000,1.811969040000e-03,1.811969040000e-03
0.676500,1.810003246250e-03,1.810003246250e-03
0.677000,1.808050785000e-03,1.808050785000e-03
0.677500,1.806111656250e-03,1.806111656250e-03
0.678000,1.804185860000e-03,1.804185860000e-03
0.678500,1.802273396250e-03,1.802273396250e-03
0.679000,1.800374265000e-03,1.800374265000e-03
0.679500,1.798488466250e-03,1.798488466250e-03
0.680000,1.796616000000e-03,1.796616000000e-03
0.680500,1.794756866250e-03,1.794756866250e-03
0.681000,1.792911065000e-03,1.792911065000e-03
0.681500,1.791078596250e-03,1.791078596250e-03
0.682000,1.789259460000e-03,1.789259460000e-03
0.682500,1.787453656250e-03,1.787453656250e-03
0.683000,1.785661185000e-03,1.785661185000e-03
0.683500,1.783882046250e-03,1.783882046250e-03
0.684000,1.782116240000e-03,1.782116240000e-03
0.684500,1.780363766250e-03,1.780363766250e-03
0.685000,1.778624625000e-03,1.778624625000e-03
0.685500,1.776898816250e-03,1.776898816250e-03
0.686000,1.775186340000e-03,1.775186340000e-03
0.686500,1.773487196250e-03,1.773487196250e-03
0.687000,1.771801385000e-03,1.771801385000e-03
0.687500,1.770128906250e-03,1.770128906250e-03
0.688000,1.768469760000e-03,1.768469760000e-03
0.688500,1.766823946250e-03,1.766823946250e-03
0.689000,1.765191465000e-03,1.765191465000e-03
0.689500,1.763572316250e-03,1.763572316250e-03
0.690000,1.761966500000e-03,1.761966500000e-03
0.690500,1.760374016250e-03,1.760374016250e-03
0.691000,1.758794865000e-03,1.758794865000e-03
0.691500,1.757229046250e-03,1.757229046250e-03
0.692000,1.755676560000e-03,1.755676560000e-03
0.692500,1.754137406250e-03,1.754137406250e-03
0.693000,1.752611585000e-03,1.752611585000e-03
0.693500,1.751099096250e-03,1.751099096250e-03
0.694000,1.749599940000e-03,1.749599940000e-03
0.694500,1.748114116250e-03,1.748114116250e-03
0.695000,1.746641625000e-03,1.746641625000e-03
0.695500,1.745182466250e-03,1.745182466250e-03
0.696000,1.743736640000e-03,1.743736640000e-03
0.696500,1.742304146250e-03,1.742304146250e-03
0.697000,1.740884985000e-03,1.740884985000e-03
0.697500,1.739479156250e-03,1.739479156250e-03
0.698000,1.738086660000e-03,1.738086660000e-03
0.698500,1.736707496250e-03,1.736707496250e-03
0.699000,1.735341665000e-03,1.735341665000e-03
0.699500,1.733989166250e-03,1.733989166250e-03
0.700000,1.732650000000e-03,1.732650000000e-03
0.700500,1.731324166250e-03,1.731324166250e-03
0.701000,1.730011665000e-03,1.730011665000e-03
0.701500,1.728712496250e-03,1.728712496250e-03
0.702000,1.727426660000e-03,1.727426660000e-03
0.702500,1.726154156250e-03,1.726154156250e-03
0.703000,1.724894985000e-03,1.724894985000e-03
0.703500,1.723649146250e-03,1.723649146250e-03
0.704000,1.722416640000e-03,1.722416640000e-03
0.704500,1.721197466250e-03,1.721197466250e-03
0.705000,1.719991625000e-03,1.719991625000e-03
0.705500,1.718799116250e-03,1.718799116250e-03
0.706000,1.717619940000e-03,1.717619940000e-03
0.706500,1.716454096250e-03,1.716454096250e-03
0.707000,1.715301585000e-03,1.715301585000e-03
0.707500,1.714162406250e-03,1.714162406250e-03
0.708000,1.713036560000e-03,1.713036560000e-03
0.708500,1.711924046250e-03,1.711924046250e-03
0.709000,1.710824865000e-03,1.710824865000e-03
0.709500,1.709739016250e-03,1.709739016250e-03
0.710000,1.708666500000e-03,1.708666500000e-03
0.710500,1.707607316250e-03,1.707607316250e-03
0.711000,1.706561465000e-03,1.706561465000e-03
0.711500,1.705528946250e-03,1.705528946250e-03
0.712000,1.704509760000e-03,1.704509760000e-03
0.712500,1.703503906250e-03,1.703503906250e-03
0.713000,1.702511385000e-03,1.702511385000e-03
0.713500,1.701532196250e-03,1.701532196250e-03
0.714000,1.700566340000e-03,1.700566340000e-03
0.714500,1.699613816250e-03,1.699613816250e-03
0.715000,1.698674625000e-03,1.698674625000e-03
0.715500,1.697748766250e-03,1.697748766250e-03
0.716000,1.696836240000e-03,1.696836240000e-03
0.716500,1.695937046250e-03,1.695937046250e-03
0.717000,1.695051185000e-03,1.695051185000e-03
0.717500,1.694178656250e-03,1.694178656250e-03
0.718000,1.693319460000e-03,1.693319460000e-03
0.718500,1.692473596250e-03,1.692473596250e-03
0.719000,1.691641065000e-03,1.691641065000e-03
0.719500,1.690821866250e-03,1.690821866250e-03
0.720000,1.690016000000e-03,1.690016000000e-03
0.720500,1.689223466250e-03,1.689223466250e-03
0.721000,1.688444265000e-03,1.688444265000e-03
0.721500,1.687678396250e-03,1.687678396250e-03
0.722000,1.686925860000e-03,1.686925860000e-03
0.722500,1.686186656250e-03,1.686186656250e-03
0.723000,1.685460785000e-03,1.685460785000e-03
0.723500,1.684748246250e-03,1.684748246250e-03
0.724000,1.684049040000e-03,1.684049040000e-03
0.724500,1.683363166250e-03,1.683363166250e-03
0.725000,1.682690625000e-03,1.682690625000e-03
0.725500,1.682031416250e-03,1.682031416250e-03
0.726000,1.681385540000e-03,1.681385540000e-03
0.726500,1.680752996250e-03,1.680752996250e-03
0.727000,1.680133785000e-03,1.680133785000e-03
0.727500,1.679527906250e-03,1.679527906250e-03
0.728000,1.678935360000e-03,1.678935360000e-03
0.728500,1.678356146250e-03,1.678356146250e-03
0.729000,1.677790265000e-03,1.677790265000e-03
0.729500,1.677237716250e-03,1.677237716250e-03
0.730000,1.676698500000e-03,1.676698500000e-03
0.730500,1.676172616250e-03,1.676172616250e-03
0.731000,1.675660065000e-03,1.675660065000e-03
0.731500,1.675160846250e-03,1.675160846250e-03
0.732000,1.674674960000e-03,1.674674960000e-03
0.732500,1.674202406250e-03,1.674202406250e-03
0.733000,1.673743185000e-03,1.673743185000e-03
0.733500,1.673297296250e-03,1.673297296250e-03
0.734000,1.672864740000e-03,1.672864740000e-03
0.734500,1.672445516250e-03,1.672445516250e-03
0.735000,1.672039625000e-03,1.672039625000e-03
0.735500,1.671647066250e-03,1.671647066250e-03
0.736000,1.671267840000e-03,1.671267840000e-03
0.736500,1.670901946250e-03,1.670901946250e-03
0.737000,1.670549385000e-03,1.670549385000e-03
0.737500,1.670210156250e-03,1.670210156250e-03
0.738000,1.669884260000e-03,1.669884260000e-03
0.738500,1.669571696250e-03,1.669571696250e-03
0.739000,1.669272465000e-03,1.669272465000e-03
0.739500,1.668986566250e-03,1.668986566250e-03
0.740000,1.668714000000e-03,1.668714000000e-03
0.740500,1.668454766250e-03,1.668454766250e-03
0.741000,1.668208865000e-03,1.668208865000e-03
0.741500,1.667976296250e-03,1.667976296250e-03
0.742000,1.667757060000e-03,1.667757060000e-03
0.742500,1.667551156250e-03,1.667551156250e-03
0.743000,1.667358585000e-03,1.667358585000e-03
0.743500,1.667179346250e-03,1.667179346250e-03
0.744000,1.667013440000e-03,1.667013440000e-03
0.744500,1.666860866250e-03,1.666860866250e-03
0.745000,1.666721625000e-03,1.666721625000e-03
0.745500,1.666595716250e-03,1.666595716250e-03
0.746000,1.666483140000e-03,1.666483140000e-03
0.746500,1.666383896250e-03,1.666383896250e-03
0.747000,1.666297985000e-03,1.666297985000e-03
0.747500,1.666225406250e-03,1.666225406250e-03
0.748000,1.666166160000e-03,1.666166160000e-03
0.748500,1.666120246250e-03,1.666120246250e-03
0.749000,1.666087665000e-03,1.666087665000e-03
0.749500,1.666068416250e-03,1.666068416250e-03
0.750000,1.666062500000e-03,1.666062500000e-03
0.750500,1.666069916250e-03,1.666069916250e-03
0.751000,1.666090665000e-03,1.666090665000e-03
0.751500,1.666124746250e-03,1.666124746250e-03
0.752000,1.666172160000e-03,1.666172160000e-03
0.752500,1.666232906250e-03,1.666232906250e-03
0.753000,1.666306985000e-03,1.666306985000e-03
0.753500,1.666394396250e-03,1.666394396250e-03
0.754000,1.666495140000e-03,1.666495140000e-03
0.754500,1.666609216250e-03,1.666609216250e-03
0.755000,1.666736625000e-03,1.666736625000e-03
0.755500,1.666877366250e-03,1.666877366250e-03
0.756000,1.667031440000e-03,1.667031440000e-03
0.756500,1.667198846250e-03,1.667198846250e-03
0.757000,1.667379585000e-03,1.667379585000e-03
0.757500,1.667573656250e-03,1.667573656250e-03
0.758000,1.667781060000e-03,1.667781060000e-03
0.758500,1.668001796250e-03,1.668001796250e-03
0.759000,1.668235865000e-03,1.668235865000e-03
0.759500,1.668483266250e-03,1.668483266250e-03
0.760000,1.668744000000e-03,1.668744000000e-03
0.760500,1.669018066250e-03,1.669018066250e-03
0.761000,1.669305465000e-03,1.669305465000e-03
0.761500,1.669606196250e-03,1.669606196250e-03
0.762000,1.669920260000e-03,1.669920260000e-03
0.762500,1.670247656250e-03,1.670247656250e-03
0.763000,1.670588385000e-03,1.670588385000e-03
0.763500,1.670942446250e-03,1.670942446250e-03
0.764000,1.671309840000e-03,1.671309840000e-03
0.764500,1.671690566250e-03,1.671690566250e-03
0.765000,1.672084625000e-03,1.672084625000e-03
0.765500,1.672492016250e-03,1.672492016250e-03
0.766000,1.672912740000e-03,1.672912740000e-03
0.766500,1.673346796250e-03,1.673346796250e-03
0.767000,1.673794185000e-03,1.673794185000e-03
0.767500,1.674254906250e-03,1.674254906250e-03
0.768000,1.674728960000e-03,1.674728960000e-03
0.768500,1.675216346250e-03,1.675216346250e-03
0.769000,1.675717065000e-03,1.675717065000e-03
0.769500,1.676231116250e-03,1.676231116250e-03
0.770000,1.676758500000e-03,1.676758500000e-03
0.770500,1.677299216250e-03,1.677299216250e-03
0.771000,1.677853265000e-03,1.677853265000e-03
0.771500,1.678420646250e-03,1.678420646250e-03
0.772000,1.679001360000e-03,1.679001360000e-03
0.772500,1.679595406250e-03,1.679595406250e-03
0.773000,1.680202785000e-03,1.680202785000e-03
0.773500,1.680823496250e-03,1.680823496250e-03
0.774000,1.681457540000e-03,1.681457540000e-03
0.774500,1.682104916250e-03,1.682104916250e-03
0.775000,1.682765625000e-03,1.682765625000e-03
0.775500,1.683439666250e-03,1.683439666250e-03
0.776000,1.684127040000e-03,1.684127040000e-03
0.776500,1.684827746250e-03,1.684827746250e-03
0.777000,1.685541785000e-03,1.685541785000e-03
0.777500,1.686269156250e-03,1.686269156250e-03
0.778000,1.687009860000e-03,1.687009860000e-03
0.778500,1.687763896250e-03,1.687763896250e-03
0.779000,1.688531265000e-03,1.688531265000e-03
0.779500,1.689311966250e-03,1.689311966250e-03
0.780000,1.690106000000e-03,1.690106000000e-03
0.780500,1.690913366250e-03,1.690913366250e-03
0.781000,1.691734065000e-03,1.691734065000e-03
0.781500,1.692568096250e-03,1.692568096250e-03
0.782000,1.693415460000e-03,1.693415460000e-03
0.782500,1.694276156250e-03,1.694276156250e-03
0.783000,1.695150185000e-03,1.695150185000e-03
0.783500,1.696037546250e-03,1.696037546250e-03
0.784000,1.696938240000e-03,1.696938240000e-03
0.784500,1.697852266250e-03,1.697852266250e-03
0.785000,1.698779625000e-03,1.698779625000e-03
0.785500,1.699720316250e-03,1.699720316250e-03
0.786000,1.700674340000e-03,1.700674340000e-03
0.786500,1.701641696250e-03,1.701641696250e-03
0.787000,1.702622385000e-03,1.702622385000e-03
0.787500,1.703616406250e-03,1.703616406250e-03
0.788000,1.704623760000e-03,1.704623760000e-03
0.788500,1.705644446250e-03,1.705644446250e-03
0.789000,1.706678465000e-03,1.706678465000e-03
0.789500,1.707725816250e-03,1.707725816250e-03
0.790000,1.708786500000e-03,1.708786500000e-03
0.790500,1.709860516250e-03,1.709860516250e-03
0.791000,1.710947865000e-03,1.710947865000e-03
0.791500,1.712048546250e-03,1.712048546250e-03
0.792000,1.713162560000e-03,1.713162560000e-03
0.792500,1.714289906250e-03,1.714289906250e-03
0.793000,1.715430585000e-03,1.715430585000e-03
0.793500,1.716584596250e-03,1.716584596250e-03
0.794000,1.717751940000e-03,1.717751940000e-03
0.794500,1.718932616250e-03,1.718932616250e-03
0.795000,1.720126625000e-03,1.720126625000e-03
0.795500,1.721333966250e-03,1.721333966250e-03
0.796000,1.722554640000e-03,1.722554640000e-03
0.796500,1.723788646250e-03,1.723788646250e-03
0.797000,1.725035985000e-03,1.725035985000e-03
0.797500,1.726296656250e-03,1.726296656250e-03
0.798000,1.727570660000e-03,1.727570660000e-03
0.798500,1.728857996250e-03,1.728857996250e-03
0.799000,1.730158665000e-03,1.730158665000e-03
0.799500,1.731472666250e-03,1.731472666250e-03
0.800000,1.732800000000e-03,1.732800000000e-03
0.800500,1.734140666250e-03,1.734140666250e-03
0.801000,1.735494665000e-03,1.735494665000e-03
0.801500,1.736861996250e-03,1.736861996250e-03
0.802000,1.738242660000e-03,1.738242660000e-03
0.802500,1.739636656250e-03,1.739636656250e-03
0.803000,1.741043985000e-03,1.741043985000e-03
0.803500,1.742464646250e-03,1.742464646250e-03
0.804000,1.743898640000e-03,1.743898640000e-03
0.804500,1.745345966250e-03,1.745345966250e-03
0.805000,1.746806625000e-03,1.746806625000e-03
0.805500,1.748280616250e-03,1.748280616250e-03
0.806000,1.749767940000e-03,1.749767940000e-03
0.806500,1.751268596250e-03,1.751268596250e-03
0.807000,1.752782585000e-03,1.752782585000e-03
0.807500,1.754309906250e-03,1.754309906250e-03
0.808000,1.755850560000e-03,1.755850560000e-03
0.808500,1.757404546250e-03,1.757404546250e-03
0.809000,1.758971865000e-03,1.758971865000e-03
0.809500,1.760552516250e-03,1.760552516250e-03
0.810000,1.762146500000e-03,1.762146500000e-03
0.810500,1.763753816250e-03,1.763753816250e-03
0.811000,1.765374465000e-03,1.765374465000e-03
0.811500,1.767008446250e-03,1.767008446250e-03
0.812000,1.768655760000e-03,1.768655760000e-03
0.812500,1.770316406250e-03,1.770316406250e-03
0.813000,1.771990385000e-03,1.771990385000e-03
0.813500,1.773677696250e-03,1.773677696250e-03
0.814000,1.775378340000e-03,1.775378340000e-03
0.814500,1.777092316250e-03,1.777092316250e-03
0.815000,1.778819625000e-03,1.778819625000e-03
0.815500,1.780560266250e-03,1.780560266250e-03
0.816000,1.782314240000e-03,1.782314240000e-03
0.816500,1.784081546250e-03,1.784081546250e-03
0.817000,1.785862185000e-03,1.785862185000e-03
0.817500,1.787656156250e-03,1.787656156250e-03
0.818000,1.789463460000e-03,1.789463460000e-03
0.818500,1.791284096250e-03,1.791284096250e-03
0.819000,1.793118065000e-03,1.793118065000e-03
0.819500,1.794965366250e-03,1.794965366250e-03
0.820000,1.796826000000e-03,1.796826000000e-03
0.820500,1.798699966250e-03,1.798699966250e-03
0.821000,1.800587265000e-03,1.800587265000e-03
0.821500,1.802487896250e-03,1.802487896250e-03
0.822000,1.804401860000e-03,1.804401860000e-03
0.822500,1.806329156250e-03,1.806329156250e-03
0.823000,1.808269785000e-03,1.808269785000e-03
0.823500,1.810223746250e-03,1.810223746250e-03
0.824000,1.812191040000e-03,1.812191040000e-03
0.824500,1.814171666250e-03,1.814171666250e-03
0.825000,1.816165625000e-03,1.816165625000e-03
0.825500,1.818172916250e-03,1.818172916250e-03
0.826000,1.820193540000e-03,1.820193540000e-03
0.826500,1.822227496250e-03,1.822227496250e-03
0.827000,1.824274785000e-03,1.824274785000e-03
0.827500,1.826335406250e-03,1.826335406250e-03
0.828000,1.828409360000e-03,1.828409360000e-03
0.828500,1.830496646250e-03,1.830496646250e-03
0.829000,1.832597265000e-03,1.832597265000e-03
0.829500,1.834711216250e-03,1.834711216250e-03
0.830000,1.836838500000e-03,1.836838500000e-03
0.830500,1.838979116250e-03,1.838979116250e-03
0.831000,1.841133065000e-03,1.841133065000e-03
0.831500,1.843300346250e-03,1.843300346250e-03
0.832000,1.845480960000e-03,1.845480960000e-03
0.832500,1.847674906250e-03,1.847674906250e-03
0.833000,1.849882185000e-03,1.849882185000e-03
0.833500,1.852102796250e-03,1.852102796250e-03
0.834000,1.854336740000e-03,1.854336740000e-03
0.834500,1.856584016250e-03,1.856584016250e-03
0.835000,1.858844625000e-03,1.858844625000e-03
0.835500,1.861118566250e-03,1.861118566250e-03
0.836000,1.863405840000e-03,1.863405840000e-03
0.836500,1.865706446250e-03,1.865706446250e-03
0.837000,1.868020385000e-03,1.868020385000e-03
0.837500,1.870347656250e-03,1.870347656250e-03
0.838000,1.872688260000e-03,1.872688260000e-03
0.838500,1.875042196250e-03,1.875042196250e-03
0.839000,1.877409465000e-03,1.877409465000e-03
0.839500,1.879790066250e-03,1.879790066250e-03
0.840000,1.882184000000e-03,1.882184000000e-03
0.840500,1.884591266250e-03,1.884591266250e-03
0.841000,1.887011865000e-03,1.887011865000e-03
0.841500,1.889445796250e-03,1.889445796250e-03
0.842000,1.891893060000e-03,1.891893060000e-03
0.842500,1.894353656250e-03,1.894353656250e-03
0.843000,1.896827585000e-03,1.896827585000e-03
0.843500,1.899314846250e-03,1.899314846250e-03
0.844000,1.901815440000e-03,1.901815440000e-03
0.844500,1.904329366250e-03,1.904329366250e-03
0.845000,1.906856625000e-03,1.906856625000e-03
0.845500,1.909397216250e-03,1.909397216250e-03
0.846000,1.911951140000e-03,1.911951140000e-03
0.846500,1.914518396250e-03,1.914518396250e-03
0.847000,1.917098985000e-03,1.917098985000e-03
0.847500,1.919692906250e-03,1.919692906250e-03
0.848000,1.922300160000e-03,1.922300160000e-03
0.848500,1.924920746250e-03,1.924920746250e-03
0.849000,1.927554665000e-03,1.927554665000e-03
0.849500,1.930201916250e-03,1.930201916250e-03
0.850000,1.932862500000e-03,1.932862500000e-03
0.850500,1.935536416250e-03,1.935536416250e-03
0.851000,1.938223665000e-03,1.938223665000e-03
0.851500,1.940924246250e-03,1.940924246250e-03
0.852000,1.943638160000e-03,1.943638160000e-03
0.852500,1.946365406250e-03,1.946365406250e-03
0.853000,1.949105985000e-03,1.949105985000e-03
0.853500,1.951859896250e-03,1.951859896250e-03
0.854000,1.954627140000e-03,1.954627140000e-03
0.854500,1.957407716250e-03,1.957407716250e-03
0.855000,1.960201625000e-03,1.960201625000e-03
0.855500,1.963008866250e-03,1.963008866250e-03
0.856000,1.965829440000e-03,1.965829440000e-03
0.856500,1.968663346250e-03,1.968663346250e-03
0.857000,1.971510585000e-03,1.971510585000e-03
0.857500,1.974371156250e-03,1.974371156250e-03
0.858000,1.977245060000e-03,1.977245060000e-03
0.858500,1.980132296250e-03,1.980132296250e-03
0.859000,1.983032865000e-03,1.983032865000e-03
0.859500,1.985946766250e-03,1.985946766250e-03
0.860000,1.988874000000e-03,1.988874000000e-03
0.860500,1.991814566250e-03,1.991814566250e-03
0.861000,1.994768465000e-03,1.994768465000e-03
0.861500,1.997735696250e-03,1.997735696250e-03
0.862000,2.000716260000e-03,2.000716260000e-03
0.862500,2.003710156250e-03,2.003710156250e-03
0.863000,2.006717385000e-03,2.006717385000e-03
0.863500,2.009737946250e-03,2.009737946250e-03
0.864000,2.012771840000e-03,2.012771840000e-03
0.864500,2.015819066250e-03,2.015819066250e-03
0.865000,2.018879625000e-03,2.018879625000e-03
0.865500,2.021953516250e-03,2.021953516250e-03
0.866000,2.025040740000e-03,2.025040740000e-03
0.866500,2.028141296250e-03,2.028141296250e-03
0.867000,2.031255185000e-03,2.031255185000e-03
0.867500,2.034382406250e-03,2.034382406250e-03
0.868000,2.037522960000e-03,2.037522960000e-03
0.868500,2.040676846250e-03,2.040676846250e-03
0.869000,2.043844065000e-03,2.043844065000e-03
0.869500,2.047024616250e-03,2.047024616250e-03
0.870000,2.050218500000e-03,2.050218500000e-03
0.870500,2.053425716250e-03,2.053425716250e-03
0.871000,2.056646265000e-03,2.056646265000e-03
0.871500,2.059880146250e-03,2.059880146250e-03
0.872000,2.063127360000e-03,2.063127360000e-03
0.872500,2.066387906250e-03,2.066387906250e-03
0.873000,2.069661785000e-03,2.069661785000e-03
0.873500,2.072948996250e-03,2.072948996250e-03
0.874000,2.076249540000e-03,2.076249540000e-03
0.874500,2.079563416250e-03,2.079563416250e-03
0.875000,2.082890625000e-03,2.082890625000e-03
0.875500,2.086231166250e-03,2.086231166250e-03
0.876000,2.089585040000e-03,2.089585040000e-03
0.876500,2.092952246250e-03,2.092952246250e-03
0.877000,2.096332785000e-03,2.096332785000e-03
0.877500,2.099726656250e-03,2.099726656250e-03
0.878000,2.103133860000e-03,2.103133860000e-03
0.878500,2.106554396250e-03,2.106554396250e-03
0.879000,2.109988265000e-03,2.109988265000e-03
0.879500,2.113435466250e-03,2.113435466250e-03
0.880000,2.116896000000e-03,2.116896000000e-03
0.880500,2.120369866250e-03,2.120369866250e-03
0.881000,2.123857065000e-03,2.123857065000e-03
0.881500,2.127357596250e-03,2.127357596250e-03
0.882000,2.130871460000e-03,2.130871460000e-03
0.882500,2.134398656250e-03,2.134398656250e-03
0.883000,2.137939185000e-03,2.137939185000e-03
0.883500,2.141493046250e-03,2.141493046250e-03
0.884000,2.145060240000e-03,2.145060240000e-03
0.884500,2.148640766250e-03,2.148640766250e-03
0.885000,2.152234625000e-03,2.152234625000e-03
0.885500,2.155841816250e-03,2.155841816250e-03
0.886000,2.159462340000e-03,2.159462340000e-03
0.886500,2.163096196250e-03,2.163096196250e-03
0.887000,2.166743385000e-03,2.166743385000e-03
0.887500,2.170403906250e-03,2.170403906250e-03
0.888000,2.174077760000e-03,2.174077760000e-03
0.888500,2.177764946250e-03,2.177764946250e-03
0.889000,2.181465465000e-03,2.181465465000e-03
0.889500,2.185179316250e-03,2.185179316250e-03
0.890000,2.188906500000e-03,2.188906500000e-03
0.890500,2.192647016250e-03,2.192647016250e-03
0.891000,2.196400865000e-03,2.196400865000e-03
0.891500,2.200168046250e-03,2.200168046250e-03
0.892000,2.203948560000e-03,2.203948560000e-03
0.892500,2.207742406250e-03,2.207742406250e-03
0.893000,2.211549585000e-03,2.211549585000e-03
0.893500,2.215370096250e-03,2.215370096250e-03
0.894000,2.219203940000e-03,2.219203940000e-03
0.894500,2.223051116250e-03,2.223051116250e-03
0.895000,2.226911625000e-03,2.226911625000e-03
0.895500,2.230785466250e-03,2.230785466250e-03
0.896000,2.234672640000e-03,2.234672640000e-03
0.896500,2.238573146250e-03,2.238573146250e-03
0.897000,2.242486985000e-03,2.242486985000e-03
0.897500,2.246414156250e-03,2.246414156250e-03
0.898000,2.250354660000e-03,2.250354660000e-03
0.898500,2.254308496250e-03,2.254308496250e-03
0.899000,2.258275665000e-03,2.258275665000e-03
0.899500,2.262256166250e-03,2.262256166250e-03
0.900000,2.266250000000e-03,2.266250000000e-03
0.900500,2.270257166250e-03,2.270257166250e-03
0.901000,2.274277665000e-03,2.274277665000e-03
0.901500,2.278311496250e-03,2.278311496250e-03
0.902000,2.282358660000e-03,2.282358660000e-03
0.902500,2.286419156250e-03,2.286419156250e-03
0.903000,2.290492985000e-03,2.290492985000e-03
0.903500,2.294580146250e-03,2.294580146250e-03
0.904000,2.298680640000e-03,2.298680640000e-03
0.904500,2.302794466250e-03,2.302794466250e-03
0.905000,2.306921625000e-03,2.306921625000e-03
0.905500,2.311062116250e-03,2.311062116250e-03
0.906000,2.315215940000e-03,2.315215940000e-03
0.906500,2.319383096250e-03,2.319383096250e-03
0.907000,2.323563585000e-03,2.323563585000e-03
0.907500,2.327757406250e-03,2.327757406250e-03
0.908000,2.331964560000e-03,2.331964560000e-03
0.908500,2.336185046250e-03,2.336185046250e-03
0.909000,2.340418865000e-03,2.340418865000e-03
0.909500,2.344666016250e-03,2.344666016250e-03
0.910000,2.348926500000e-03,2.348926500000e-03
0.910500,2.353200316250e-03,2.353200316250e-03
0.911000,2.357487465000e-03,2.357487465000e-03
0.911500,2.361787946250e-03,2.361787946250e-03
0.912000,2.366101760000e-03,2.366101760000e-03
0.912500,2.370428906250e-03,2.370428906250e-03
0.913000,2.374769385000e-03,2.374769385000e-03
0.913500,2.379123196250e-03,2.379123196250e-03
0.914000,2.383490340000e-03,2.383490340000e-03
0.914500,2.387870816250e-03,2.387870816250e-03
0.915000,2.392264625000e-03,2.392264625000e-03
0.915500,2.396671766250e-03,2.396671766250e-03
0.916000,2.401092240000e-03,2.401092240000e-03
0.916500,2.405526046250e-03,2.405526046250e-03
0.917000,2.409973185000e-03,2.409973185000e-03
0.917500,2.414433656250e-03,2.414433656250e-03
0.918000,2.418907460000e-03,2.418907460000e-03
0.918500,2.423394596250e-03,2.423394596250e-03
0.919000,2.427895065000e-03,2.427895065000e-03
0.919500,2.432408866250e-03,2.432408866250e-03
0.920000,2.436936000000e-03,2.436936000000e-03
0.920500,2.441476466250e-03,2.441476466250e-03
0.921000,2.446030265000e-03,2.446030265000e-03
0.921500,2.450597396250e-03,2.450597396250e-03
0.922000,2.455177860000e-03,2.455177860000e-03
0.922500,2.459771656250e-03,2.459771656250e-03
0.923000,2.464378785000e-03,2.464378785000e-03
0.923500,2.468999246250e-03,2.468999246250e-03
0.924000,2.473633040000e-03,2.473633040000e-03
0.924500,2.478280166250e-03,2.478280166250e-03
0.925000,2.482940625000e-03,2.482940625000e-03
0.925500,2.487614416250e-03,2.487614416250e-03
0.926000,2.492301540000e-03,2.492301540000e-03
0.926500,2.497001996250e-03,2.497001996250e-03
0.927000,2.501715785000e-03,2.501715785000e-03
0.927500,2.506442906250e-03,2.506442906250e-03
0.928000,2.511183360000e-03,2.511183360000e-03
0.928500,2.515937146250e-03,2.515937146250e-03
0.929000,2.520704265000e-03,2.520704265000e-03
0.929500,2.525484716250e-03,2.525484716250e-03
0.930000,2.530278500000e-03,2.530278500000e-03
0.930500,2.535085616250e-03,2.535085616250e-03
0.931000,2.539906065000e-03,2.539906065000e-03
0.931500,2.544739846250e-03,2.544739846250e-03
0.932000,2.549586960000e-03,2.549586960000e-03
0.932500,2.554447406250e-03,2.554447406250e-03
0.933000,2.559321185000e-03,2.559321185000e-03
0.933500,2.564208296250e-03,2.564208296250e-03
0.934000,2.569108740000e-03,2.569108740000e-03
0.934500,2.574022516250e-03,2.574022516250e-03
0.935000,2.578949625000e-03,2.578949625000e-03
0.935500,2.583890066250e-03,2.583890066250e-03
0.936000,2.588843840000e-03,2.588843840000e-03
0.936500,2.593810946250e-03,2.593810946250e-03
0.937000,2.598791385000e-03,2.598791385000e-03
0.937500,2.603785156250e-03,2.603785156250e-03
0.938000,2.608792260000e-03,2.608792260000e-03
0.938500,2.613812696250e-03,2.613812696250e-03
0.939000,2.618846465000e-03,2.618846465000e-03
0.939500,2.623893566250e-03,2.623893566250e-03
0.940000,2.628954000000e-03,2.628954000000e-03
0.940500,2.634027766250e-03,2.634027766250e-03
0.941000,2.639114865000e-03,2.639114865000e-03
0.941500,2.644215296250e-03,2.644215296250e-03
0.942000,2.649329060000e-03,2.649329060000e-03
0.942500,2.654456156250e-03,2.654456156250e-03
0.943000,2.659596585000e-03,2.659596585000e-03
0.943500,2.664750346250e-03,2.664750346250e-03
0.944000,2.669917440000e-03,2.669917440000e-03
0.944500,2.675097866250e-03,2.675097866250e-03
0.945000,2.680291625000e-03,2.680291625000e-03
0.945500,2.685498716250e-03,2.685498716250e-03
0.946000,2.690719140000e-03,2.690719140000e-03
0.946500,2.695952896250e-03,2.695952896250e-03
0.947000,2.701199985000e-03,2.701199985000e-03
0.947500,2.706460406250e-03,2.706460406250e-03
0.948000,2.711734160000e-03,2.711734160000e-03
0.948500,2.717021246250e-03,2.717021246250e-03
0.949000,2.722321665000e-03,2.722321665000e-03
0.949500,2.727635416250e-03,2.727635416250e-03
0.950000,2.732962500000e-03,2.732962500000e-03
0.950500,2.738302916250e-03,2.738302916250e-03
0.951000,2.743656665000e-03,2.743656665000e-03
0.951500,2.749023746250e-03,2.749023746250e-03
0.952000,2.754404160000e-03,2.754404160000e-03
0.952500,2.759797906250e-03,2.759797906250e-03
0.953000,2.765204985000e-03,2.765204985000e-03
0.953500,2.770625396250e-03,2.770625396250e-03
0.954000,2.776059140000e-03,2.776059140000e-03
0.954500,2.781506216250e-03,2.781506216250e-03
0.955000,2.786966625000e-03,2.786966625000e-03
0.955500,2.792440366250e-03,2.792440366250e-03
0.956000,2.797927440000e-03,2.797927440000e-03
0.956500,2.803427846250e-03,2.803427846250e-03
0.957000,2.808941585000e-03,2.808941585000e-03
0.957500,2.814468656250e-03,2.814468656250e-03
0.958000,2.820009060000e-03,2.820009060000e-03
0.958500,2.825562796250e-03,2.825562796250e-03
0.959000,2.831129865000e-03,2.831129865000e-03
0.959500,2.836710266250e-03,2.836710266250e-03
0.960000,2.842304000000e-03,2.842304000000e-03
0.960500,2.847911066250e-03,2.847911066250e-03
0.961000,2.853531465000e-03,2.853531465000e-03
0.961500,2.859165196250e-03,2.859165196250e-03
0.962000,2.864812260000e-03,2.864812260000e-03
0.962500,2.870472656250e-03,2.870472656250e-03
0.963000,2.876146385000e-03,2.876146385000e-03
0.963500,2.881833446250e-03,2.881833446250e-03
0.964000,2.887533840000e-03,2.887533840000e-03
0.964500,2.893247566250e-03,2.893247566250e-03
0.965000,2.898974625000e-03,2.898974625000e-03
0.965500,2.904715016250e-03,2.904715016250e-03
0.966000,2.910468740000e-03,2.910468740000e-03
0.966500,2.916235796250e-03,2.916235796250e-03
0.967000,2.922016185000e-03,2.922016185000e-03
0.967500,2.927809906250e-03,2.927809906250e-03
0.968000,2.933616960000e-03,2.933616960000e-03
0.968500,2.939437346250e-03,2.939437346250e-03
0.969000,2.945271065000e-03,2.945271065000e-03
0.969500,2.951118116250e-03,2.951118116250e-03
0.970000,2.956978500000e-03,2.956978500000e-03
0.970500,2.962852216250e-03,2.962852216250e-03
0.971000,2.968739265000e-03,2.968739265000e-03
0.971500,2.974639646250e-03,2.974639646250e-03
0.972000,2.980553360000e-03,2.980553360000e-03
0.972500,2.986480406250e-03,2.986480406250e-03
0.973000,2.992420785000e-03,2.992420785000e-03
0.973500,2.998374496250e-03,2.998374496250e-03
0.974000,3.004341540000e-03,3.004341540000e-03
0.974500,3.010321916250e-03,3.010321916250e-03
0.975000,3.016315625000e-03,3.016315625000e-03
0.975500,3.022322666250e-03,3.022322666250e-03
0.976000,3.028343040000e-03,3.028343040000e-03
0.976500,3.034376746250e-03,3.034376746250e-03
0.977000,3.040423785000e-03,3.040423785000e-03
0.977500,3.046484156250e-03,3.046484156250e-03
0.978000,3.052557860000e-03,3.052557860000e-03
0.978500,3.058644896250e-03,3.058644896250e-03
0.979000,3.064745265000e-03,3.064745265000e-03
0.979500,3.070858966250e-03,3.070858966250e-03
0.980000,3.076986000000e-03,3.076986000000e-03
0.980500,3.083126366250e-03,3.083126366250e-03
0.981000,3.089280065000e-03,3.089280065000e-03
0.981500,3.095447096250e-03,3.095447096250e-03
0.982000,3.101627460000e-03,3.101627460000e-03
0.982500,3.107821156250e-03,3.107821156250e-03
0.983000,3.114028185000e-03,3.114028185000e-03
0.983500,3.120248546250e-03,3.120248546250e-03
0.984000,3.126482240000e-03,3.126482240000e-03
0.984500,3.132729266250e-03,3.132729266250e-03
0.985000,3.138989625000e-03,3.138989625000e-03
0.985500,3.145263316250e-03,3.145263316250e-03
0.986000,3.151550340000e-03,3.151550340000e-03
0.986500,3.157850696250e-03,3.157850696250e-03
0.987000,3.164164385000e-03,3.164164385000e-03
0.987500,3.170491406250e-03,3.170491406250e-03
0.988000,3.176831760000e-03,3.176831760000e-03
0.988500,3.183185446250e-03,3.183185446250e-03
0.989000,3.189552465000e-03,3.189552465000e-03
0.989500,3.195932816250e-03,3.195932816250e-03
0.990000,3.202326500000e-03,3.202326500000e-03
0.990500,3.208733516250e-03,3.208733516250e-03
0.991000,3.215153865000e-03,3.215153865000e-03
0.991500,3.221587546250e-03,3.221587546250e-03
0.992000,3.228034560000e-03,3.228034560000e-03
0.992500,3.234494906250e-03,3.234494906250e-03
0.993000,3.240968585000e-03,3.240968585000e-03
0.993500,3.247455596250e-03,3.247455596250e-03
0.994000,3.253955940000e-03,3.253955940000e-03
0.994500,3.260469616250e-03,3.260469616250e-03
0.995000,3.266996625000e-03,3.266996625000e-03
0.995500,3.273536966250e-03,3.273536966250e-03
0.996000,3.280090640000e-03,3.280090640000e-03
0.996500,3.286657646250e-03,3.286657646250e-03
0.997000,3.293237985000e-03,3.293237985000e-03
0.997500,3.299831656250e-03,3.299831656250e-03
0.998000,3.306438660000e-03,3.306438660000e-03
0.998500,3.313058996250e-03,3.313058996250e-03
0.999000,3.319692665000e-03,3.319692665000e-03
0.999500,3.326339666250e-03,3.326339666250e-03
1.000000,3.333000000000e-03,3.333000000000e-03
