t,active,j_t,a_t,D_max,D_margin,prefix_mass,near_mass_05,removed_mass,U_L2,TV
0,True,50,0.5,0.2500000000000001,9.999999999998899e-05,0.7500000000000001,0.7500000000000001,0.18750000000000003,0.0033330000000000013,0.2500000000000001
1,True,58,0.58,0.21052500000000007,9.374999999978151e-05,0.790525,0.7031250000000002,0.19763125,0.0026037851562500016,0.21155625000000006
2,True,64,0.64,0.18048699000000012,0.00011145812500013008,0.8204869900000002,0.6755671875000001,0.20512174750000006,0.0021646466062091034,0.1848922725000003
3,True,43,0.43,0.16455310001850038,4.821503450003206e-05,0.5945531000185003,0.6605167012500001,0.14863827500462506,0.0018955794222549587,0.16833869442525018
4,True,71,0.71,0.14375924398236162,8.831974672363074e-05,0.8537592439823614,0.623357132498844,0.21343981099559034,0.0014823680727181114,0.1456699291101717
5,True,54,0.54,0.12948842001118976,7.277388665849482e-05,0.6694884200111896,0.6275977076208258,0.1673721050027974,0.0013990915649113279,0.13507452999532465
6,True,76,0.76,0.11790509634222679,3.739501403576817e-05,0.877905096342227,0.5962273594677174,0.21947627408555676,0.001208708370851741,0.12624368310391262
7,True,38,0.38,0.11643677031128619,8.034377662624603e-05,0.4964367703112862,0.6117777251649557,0.12410919257782155,0.0012019184255630993,0.12162141617717173
8,True,80,0.8,0.10146845379334446,9.948348618216141e-05,0.9014684537933448,0.5807504270205004,0.2253671134483362,0.0009372050523554262,0.10600411186120251
9,True,61,0.61,0.10756274220362927,0.00010727400100263296,0.7175627422036291,0.6045881553516275,0.1793906855509073,0.0009962392876463615,0.10928828364222093
10,True,46,0.46,0.08954195279217941,7.258987844871445e-05,0.5495419527921792,0.587984130676901,0.1373854881980448,0.00090441840562082,0.10092611483873129
11,True,83,0.83,0.0831430168656907,8.207459019993202e-05,0.9131430168656905,0.5536377586273898,0.22828575421642264,0.0007748002175220772,0.09431556673793956
12,True,68,0.68,0.08962292317096132,3.5723993742076132e-06,0.7696229231709611,0.5864426346328594,0.1924057307927403,0.0008396676034377886,0.09623820741877225
13,True,34,0.34,0.08943268868707516,3.2657296596905194e-05,0.4294326886870751,0.5841362740691998,0.10735817217176878,0.0008202019446845243,0.09583832360267686
14,True,86,0.86,0.07074376064892629,0.00024709663867938936,0.9307437606489265,0.5572967310262577,0.23268594016223162,0.0006174988762627834,0.07774380987265157
15,True,52,0.52,0.09302404603267445,4.582116875406772e-05,0.6130240460326744,0.5924870033913668,0.1532560115081686,0.0007403586643143704,0.09348898343223999
16,True,74,0.74,0.07105317621366669,8.363292150437296e-05,0.8110531762136666,0.5593072611746517,0.20276329405341664,0.00062185032702701,0.0785085230889616
17,True,40,0.4,0.07671956691659354,6.28263697520226e-05,0.4767195669165937,0.5715529164210512,0.11917989172914842,0.0006623848941875392,0.08338888402425439
18,True,88,0.88,0.058924318987235935,0.00024485650490568833,0.9389243189872358,0.5417579434887642,0.23473107974680896,0.0005280559594960127,0.07153122466986338
19,True,58,0.58,0.08521135901608301,2.2269566838817312e-05,0.665211359016083,0.5823667674266798,0.16630283975402074,0.0006592178159388108,0.08697045570858329
20,True,30,0.3,0.06684810372175948,1.5908985637747008e-06,0.36684810372175947,0.5615022053855255,0.09171202593043987,0.0005778651680120518,0.07604407468453128
21,True,79,0.79,0.05643900050073958,1.3858730887439386e-05,0.8464390005007395,0.5385741989029156,0.21160975012518488,0.0004475516293907415,0.06383414519158058
22,True,48,0.48,0.06291571038743571,4.219660531923353e-05,0.5429157103874357,0.5626379617710753,0.13572892759685892,0.0004958965537433177,0.07041394438769412
23,True,90,0.9,0.04918548639849174,0.00034524241571320946,0.949185486398492,0.5287057298718606,0.237296371599623,0.00043699799518064124,0.0630218068431682
24,True,63,0.63,0.07938850193544977,8.331429670338508e-05,0.7093885019354496,0.5745015761036127,0.1773471254838624,0.0005780820941594002,0.08231676728416533
25,True,37,0.37,0.07033803642240372,1.0952636479988342e-05,0.44033803642240366,0.5638865261906064,0.11008450910560091,0.0005323740163105703,0.07496606409864721
26,True,72,0.72,0.049760972159381356,9.886072419407199e-05,0.7697609721593814,0.5363653989142061,0.19244024303984536,0.0004045352875786917,0.06054563492479871
27,True,27,0.27,0.04780144455991481,1.4584350904178756e-06,0.31780144455991477,0.5466042314655387,0.07945036113997869,0.0004280971223581475,0.06288573658417096
28,True,91,0.91,0.0423876332387908,7.2810501161590935e-06,0.9523876332387906,0.526741641180544,0.23809690830969765,0.00035442554137119387,0.05546685860238794
29,True,54,0.54,0.07458407217758023,4.331360700315923e-05,0.6145840721775802,0.5736289121176812,0.15364601804439504,0.00046515933916974923,0.07498155587158999
30,True,77,0.77,0.05088089791987094,0.00018513137181397354,0.8208808979198707,0.5454561976215573,0.20522022447996768,0.0003893037922560115,0.06041070358663213
31,True,42,0.42,0.06714492527228333,4.169148993310445e-05,0.48714492527228337,0.5630073165761437,0.12178623131807084,0.00046352406217782126,0.07231502927693514
32,True,84,0.84,0.04061740985654827,6.3211499968574e-05,0.8806174098565483,0.532560758746626,0.2201543524641371,0.0003567263590220397,0.05709805228363657
33,True,50,0.5,0.0645363334080723,5.8786035990077146e-05,0.5645363334080724,0.5645363334080724,0.1411340833520181,0.00046338144597889326,0.07118140772443583
34,True,29,0.29,0.043822601677690365,3.402247222289434e-05,0.33382260167769034,0.5292528125700678,0.08345565041942259,0.00038572980537471106,0.06367234570569161
35,True,93,0.93,0.03549633914935402,0.0005623451583608441,0.9654963391493543,0.5083888999652122,0.24137408478733857,0.0003255588879687117,0.05429854101540834
36,True,64,0.64,0.07419954113395832,2.186802241166408e-05,0.7141995411339583,0.5623222385644131,0.17854988528348958,0.0004372482225872896,0.07452445443478031
37,True,39,0.39,0.058973239319825344,7.769150972880556e-05,0.44897323931982536,0.5556540928859272,0.11224330982995634,0.0003936077091626429,0.06351562614154335
38,True,73,0.73,0.04422327324244324,8.604418881874576e-05,0.774223273242443,0.527593265428438,0.19355581831061075,0.00031640836021959754,0.0550178089479069
39,True,56,0.56,0.04213334723596207,7.838283781380628e-05,0.6021333472359622,0.5408618128042866,0.15053333680899056,0.0003332935228625114,0.05480600423585781
40,True,23,0.23,0.03454803477157123,5.7516747715452565e-05,0.2645480347715712,0.5185463622099578,0.0661370086928928,0.0003256205043316593,0.05724878343703829
41,True,89,0.89,0.0319781044930082,3.454514821443766e-05,0.9219781044930078,0.5020121100367347,0.23049452612325194,0.00027601007864896346,0.04762260956277211
42,True,46,0.46,0.05075249149999478,8.596011668349224e-05,0.5107524914999948,0.54937997711999,0.1276881228749987,0.0003157075102163847,0.055982070568326436
43,True,81,0.81,0.03591873055033279,1.18336033180233e-05,0.845918730550333,0.5174579464012404,0.21147968263758324,0.00027586578378214653,0.04993335623060499
44,True,34,0.34,0.05061691726829687,5.104367098823781e-05,0.3906169172682969,0.5467032217791178,0.09765422931707422,0.00033775959523367586,0.05959726694306122
45,True,67,0.67,0.035393652461597425,9.340031292659479e-05,0.7053936524615975,0.5222896644498491,0.17634841311539937,0.0002676436276718642,0.050404850507312304
46,True,94,0.94,0.028220561315920434,0.0002896159576410984,0.9682205613159203,0.5239785581739365,0.24205514032898007,0.0002610711573923505,0.04563372003306233
47,True,51,0.51,0.0746233530877708,9.807921058346825e-05,0.5846233530877708,0.5745252738771873,0.1461558382719427,0.000436073601887678,0.07496699906621986
48,True,29,0.29,0.04926440297667889,1.4728686586140682e-05,0.33926440297667887,0.5405108341118476,0.08481610074416972,0.00033380968844089393,0.05907939004685233
49,True,75,0.75,0.03955714735735405,6.472379666189187e-05,0.7895571473573538,0.5193068089258052,0.19738928683933846,0.00025877790027690524,0.049379334588394115
50,True,59,0.59,0.04094067378849475,0.00012107474887901315,0.6309406737884947,0.5375220718238577,0.15773516844712368,0.00027047092465031945,0.050268084775605945
51,True,22,0.22,0.03080075704823168,2.9241266276430755e-05,0.2508007570482317,0.5214429302032361,0.06270018926205792,0.00026558246174540406,0.04954283228058832
52,True,87,0.87,0.02652043937274773,0.00012723791049684685,0.8965204393727475,0.5057678828877216,0.22413010984318688,0.00023138212509875636,0.0444338048551328
53,True,43,0.43,0.050129232581087535,4.396345235097021e-05,0.48012923258108753,0.5474234945481814,0.12003230814527188,0.00027410195558411803,0.05434147006642236
54,True,70,0.7,0.028295604235595295,3.3513410025776125e-05,0.7282956042355949,0.5174154175118634,0.18207390105889873,0.00021603426841584802,0.04098215580388933
55,True,33,0.33,0.0294020313656021,1.4922048788001963e-05,0.3594020313656021,0.5246169889280716,0.08985050784140053,0.00023969729059555937,0.045561501292552486
56,True,95,0.95,0.024163598981323697,0.0006988956332767415,0.9741635989813235,0.5021543619677216,0.24354089974533089,0.00022657100682954519,0.046367194587941446
57,True,54,0.54,0.06066349639106927,1.4333328803184386e-05,0.6006634963910694,0.5592714462847894,0.15016587409776735,0.0003132488812772245,0.06116660212390042
58,True,78,0.78,0.03944177853384501,6.387994704959432e-05,0.8194417785338456,0.5320779902869176,0.2048604446334614,0.0002591314311636575,0.0498981971471259
59,True,39,0.39,0.057431900814197356,5.850110186667035e-06,0.4474319008141975,0.5527038261902842,0.11185797520354937,0.0003296543047555951,0.06032249419032931
60,True,63,0.63,0.032016031625687114,3.0108079167590063e-06,0.6620160316256871,0.524739332389397,0.16550400790642178,0.00023519647347402736,0.04753210524276182
61,True,23,0.23,0.029917101748904246,4.411705282156286e-05,0.25991710174890426,0.517682505221864,0.06497927543722606,0.000240544682926822,0.04754669779592156
62,True,92,0.92,0.024033026799173074,0.00027893070403317566,0.9440330267991737,0.5014376863625575,0.23600825669979342,0.00020433771693986137,0.04082908676463859
63,True,49,0.49,0.05322909282601096,5.052020284634917e-05,0.5432290928260111,0.5530844572967633,0.13580727320650277,0.00026770366278955706,0.054747916039911096
64,True,73,0.73,0.03429751765471556,3.078219412067096e-05,0.7642975176547157,0.5191326389951376,0.1910743794136789,0.00022052102594433002,0.045001554666475437
65,True,32,0.32,0.04178478622675186,1.2755718540646832e-05,0.3617847862267518,0.5326552638066124,0.09044619655668795,0.0002555717857602908,0.051528084882077385
66,True,84,0.84,0.025925432780947055,1.297912238384935e-05,0.8659254327809468,0.5100437146674404,0.2164813581952367,0.00020014551293206888,0.043370309755245216
67,True,56,0.56,0.04600744634447318,5.922962471260895e-05,0.6060074463444731,0.5448938046470078,0.15150186158611828,0.0002527474516128944,0.05123186264419163
68,True,26,0.26,0.03142543091004868,8.360577491539622e-06,0.2914254309100487,0.5222967496748445,0.07285635772751217,0.00022110257719703928,0.044854210317618326
69,True,96,0.96,0.020208568691392093,0.0011326801110914664,0.9802085686913922,0.5040826602429666,0.24505214217284804,0.00018909886159043605,0.04072362236128942
70,True,46,0.46,0.06245138971880365,5.177585773846749e-05,0.5224513897188037,0.561851101811861,0.13061284742970092,0.00031495452875407806,0.06566746895841356
71,True,68,0.68,0.04711461596889521,0.00011086400303839117,0.7271146159688953,0.5291978899544357,0.18177865399222382,0.00024330652799931792,0.05290091181562645
72,True,36,0.36,0.03852930365296536,6.824980381481272e-05,0.39852930365296524,0.5332324079599947,0.09963232591324131,0.00023455859160350083,0.048073815573906935
73,True,81,0.81,0.03078324492233042,3.3747322398802737e-06,0.8407832449223298,0.5083243264816844,0.21019581123058245,0.0002060021945394392,0.04807865367346865
74,True,59,0.59,0.04000027429394759,1.2298904329743898e-05,0.6300002742939474,0.5388901032842002,0.15750006857348686,0.00022795245418642357,0.04699486843123787
75,True,23,0.23,0.032946671105767794,1.4673545766508145e-05,0.26294667110576786,0.5222926288932653,0.06573666777644196,0.0002199781218987279,0.046575381245848924
76,True,89,0.89,0.022435447131300967,5.138361300816019e-05,0.912435447131301,0.5058584619491548,0.22810886178282525,0.00017362785919554743,0.03847915532145921
77,True,48,0.48,0.050490496101846305,1.5003302861194001e-05,0.5304904961018463,0.5504754927989851,0.13262262402546157,0.00023968983383073524,0.05239667407652786
78,True,72,0.72,0.03006531162390791,3.6099100944264606e-05,0.750065311623908,0.5173198367926197,0.187516327905977,0.00018983455663939376,0.04167769037906716
79,True,32,0.32,0.03823265150222244,3.2764465479617755e-07,0.3582326515022224,0.5286271235239476,0.0895581628755556,0.00021827130557686473,0.04667920171023721
80,True,94,0.94,0.017563672746370496,2.540037249232352e-05,0.9575636727463704,0.5062375828050586,0.2393909181865926,0.00016832833237463097,0.038484294486282045
81,True,54,0.54,0.06071916746951844,5.2853866679414274e-05,0.6007191674695185,0.5592213757437385,0.15017979186737962,0.0002993537348722244,0.062035561080677606
82,True,65,0.65,0.03838670175943548,9.006540975542432e-05,0.6883867017594354,0.5320508757083386,0.17209667543985885,0.0002393126569503609,0.051974937635879674
83,True,27,0.27,0.04060992627072907,2.2551425565009442e-05,0.31060992627072903,0.5281106633611481,0.07765248156768226,0.00025147527522521553,0.05371242938332105
84,True,83,0.83,0.025008615222532615,8.433082047565321e-05,0.8550086152225326,0.5086975429692275,0.21375215380563314,0.00018414349197539364,0.043909574899970584
85,True,42,0.42,0.045351615913543586,5.986577826155859e-05,0.46535161591354346,0.5418372725811457,0.11633790397838586,0.00022215613678200585,0.05002275779640186
86,True,76,0.76,0.021748401478409174,0.00017447519774616005,0.7817484014784091,0.5127527965865492,0.19543710036960227,0.000165817767500707,0.03927532145513569
87,True,34,0.34,0.03333542339124945,4.402886561277741e-05,0.3733354233912495,0.5311424227171136,0.09333385584781237,0.0002085317794758774,0.04585903435331074
88,True,97,0.97,0.01617947405164233,0.0007492979598359151,0.9861794740516424,0.5078089587551604,0.2465448685129106,0.000176910879221947,0.04337701865211133
89,True,57,0.57,0.06709555117395438,7.398603817410088e-05,0.6370955511739543,0.5657653704510532,0.15927388779348858,0.000319488443623093,0.06742732153535888
90,True,46,0.46,0.04473700749837245,3.359913626699296e-05,0.5047370074983725,0.5437794436834065,0.12618425187459312,0.000250201609833042,0.05253556419737157
91,True,79,0.79,0.03117117017380766,0.00018968339992053718,0.8211711701738076,0.5122333807147582,0.2052927925434519,0.0002181795574848796,0.05158196806058741
92,True,28,0.28,0.04602181550770851,5.085424039374953e-05,0.32602181550770853,0.5381446299436574,0.08150545387692713,0.0002590944495288168,0.05491826845357409
93,True,67,0.67,0.028158325269061035,0.00010339951290083693,0.6981583252690612,0.5177682664744258,0.1745395813172653,0.00017804290753985796,0.04427450720872754
94,True,88,0.88,0.022015752370150743,4.408307373160447e-05,0.9020157523701505,0.5192308858437683,0.22550393809253763,0.0001782501979454526,0.04238974331995368
95,True,40,0.4,0.06003441307506224,8.323894820577715e-05,0.4600344130750622,0.5585511179522296,0.11500860326876555,0.0002912905435674527,0.06147471796214284
96,True,60,0.6,0.03246069407697616,5.0868249244162556e-05,0.6324606940769761,0.5297989671350382,0.15811517351924403,0.00018552663854676848,0.04437569548294918
97,True,21,0.21,0.02722927383556578,3.443855808860086e-05,0.23722927383556577,0.5159356054907116,0.05930731845889144,0.0001806677221108036,0.04296668494287564
98,True,91,0.91,0.01711908261457251,6.890262332492902e-05,0.9271190826145723,0.5011087758759888,0.23177977065364308,0.00014863342005408034,0.036741190339166514
99,True,50,0.5,0.04966640989722404,3.2736549162248885e-05,0.549666409897224,0.549666409897224,0.137416602474306,0.00021619562236967752,0.052368602309184296
100,False,73,0.73,0.03091936013113139,5.0844635692826046e-05,0.7609193601311315,0.5153122592786473,0.0,0.00017039589298684178,0.04224609337445596
