check,expected,got,pass,note
A K=50: t_exact_stop,324,324,True,
A K=50: pre-stop a_t (4dp),0.2400,0.2400,True,
A K=50: pre-stop moved (6dp),0.060424,0.060424,True,
A K=50: late median moved_mass (6dp),0.235733,0.235733,True,
A K=50: late median net_export_mass (6dp),0.000849,0.000849,True,
A K=50: late median L1_state_step (6dp),0.110566,0.110566,True,
A K=50: D_max_p5 (5dp),0.00664,0.00664,True,
A K=50: D_max_p50 (5dp),0.02927,0.02927,True,
A K=50: D_max_p95 (5dp),0.07835,0.07835,True,
A K=50: U_density_p5 (5dp),0.00595,0.00595,True,
A K=50: U_density_p50 (5dp),0.01315,0.01315,True,
A K=50: U_density_p95 (5dp),0.06579,0.06579,True,
A K=50: dips<= 0.005,9,9,True,
A K=50: first_dip 0.005,253,253,True,
A K=50: dips<= 0.01,36,36,True,
A K=50: first_dip 0.01,165,165,True,
A K=50: dips<= 0.02,93,93,True,
A K=50: first_dip 0.02,76,76,True,
A K=50: dips<= 0.04,226,226,True,
A K=50: first_dip 0.04,34,34,True,
A K=50 eps=0.005: t_stop,253,253,True,
A K=50 eps=0.005: retention (6dp),0.990776,0.990776,True,
A K=50 eps=0.01: t_stop,165,165,True,
A K=50 eps=0.01: retention (6dp),0.977449,0.977449,True,
A K=50 eps=0.02: t_stop,76,76,True,
A K=50 eps=0.02: retention (6dp),0.959262,0.959262,True,
A K=50 eps=0.04: t_stop,34,34,True,
A K=50 eps=0.04: retention (6dp),0.917287,0.917287,True,
A K=100: t_exact_stop,699,699,True,
A K=100: pre-stop a_t (4dp),0.0700,0.0700,True,
A K=100: pre-stop moved (6dp),0.018240,0.018240,True,
A K=100: late median moved_mass (6dp),0.231158,0.231158,True,
A K=100: late median net_export_mass (6dp),0.001478,0.001478,True,
A K=100: late median L1_state_step (6dp),0.106991,0.106991,True,
A K=100: D_max_p5 (5dp),0.00457,0.00457,True,
A K=100: D_max_p50 (5dp),0.02508,0.02508,True,
A K=100: D_max_p95 (5dp),0.05963,0.05963,True,
A K=100: U_density_p5 (5dp),0.00554,0.00554,True,
A K=100: U_density_p50 (5dp),0.01083,0.01083,True,
A K=100: U_density_p95 (5dp),0.03861,0.03861,True,
A K=100: dips<= 0.005,41,41,True,
A K=100: first_dip 0.005,340,340,True,
A K=100: dips<= 0.01,100,100,True,
A K=100: first_dip 0.01,159,159,True,
A K=100: dips<= 0.02,272,272,True,
A K=100: first_dip 0.02,80,80,True,
A K=100: dips<= 0.04,527,527,True,
A K=100: first_dip 0.04,35,35,True,
A K=100 eps=0.005: t_stop,340,340,True,
A K=100 eps=0.005: retention (6dp),0.985677,0.985677,True,
A K=100 eps=0.01: t_stop,159,159,True,
A K=100 eps=0.01: retention (6dp),0.973984,0.973984,True,
A K=100 eps=0.02: t_stop,80,80,True,
A K=100 eps=0.02: retention (6dp),0.960508,0.960508,True,
A K=100 eps=0.04: t_stop,35,35,True,
A K=100 eps=0.04: retention (6dp),0.912787,0.912787,True,
A K=200: t_exact_stop,1445,1445,True,
A K=200: pre-stop a_t (4dp),0.1950,0.1950,True,
A K=200: pre-stop moved (6dp),0.051086,0.051086,True,
A K=200: late median moved_mass (6dp),0.237446,0.237446,True,
A K=200: late median net_export_mass (6dp),0.000718,0.000718,True,
A K=200: late median L1_state_step (6dp),0.116972,0.116972,True,
A K=200: D_max_p5 (5dp),0.00382,0.00382,True,
A K=200: D_max_p50 (5dp),0.02264,0.02264,True,
A K=200: D_max_p95 (5dp),0.05306,0.05306,True,
A K=200: U_density_p5 (5dp),0.00564,0.00564,True,
A K=200: U_density_p50 (5dp),0.00942,0.00942,True,
A K=200: U_density_p95 (5dp),0.02342,0.02342,True,
A K=200: dips<= 0.005,107,107,True,
A K=200: first_dip 0.005,338,338,True,
A K=200: dips<= 0.01,265,265,True,
A K=200: first_dip 0.01,173,173,True,
A K=200: dips<= 0.02,641,641,True,
A K=200: first_dip 0.02,76,76,True,
A K=200: dips<= 0.04,1178,1178,True,
A K=200: first_dip 0.04,34,34,True,
A K=200 eps=0.005: t_stop,338,338,True,
A K=200 eps=0.005: retention (6dp),0.981558,0.981558,True,
A K=200 eps=0.01: t_stop,173,173,True,
A K=200 eps=0.01: retention (6dp),0.972421,0.972421,True,
A K=200 eps=0.02: t_stop,76,76,True,
A K=200 eps=0.02: retention (6dp),0.956059,0.956059,True,
A K=200 eps=0.04: t_stop,34,34,True,
A K=200 eps=0.04: retention (6dp),0.911960,0.911960,True,
A K=400: t_exact_stop,2876,2876,True,
A K=400: pre-stop a_t (4dp),0.0350,0.0350,True,
A K=400: pre-stop moved (6dp),0.008912,0.008912,True,
A K=400: late median moved_mass (6dp),0.237702,0.237702,True,
A K=400: late median net_export_mass (6dp),0.000655,0.000655,True,
A K=400: late median L1_state_step (6dp),0.115321,0.115321,True,
A K=400: D_max_p5 (5dp),0.00335,0.00335,True,
A K=400: D_max_p50 (5dp),0.02123,0.02123,True,
A K=400: D_max_p95 (5dp),0.05096,0.05096,True,
A K=400: U_density_p5 (5dp),0.00556,0.00556,True,
A K=400: U_density_p50 (5dp),0.00864,0.00864,True,
A K=400: U_density_p95 (5dp),0.01817,0.01817,True,
A K=400: dips<= 0.005,262,262,True,
A K=400: first_dip 0.005,321,321,True,
A K=400: dips<= 0.01,633,633,True,
A K=400: first_dip 0.01,169,169,True,
A K=400: dips<= 0.02,1360,1360,True,
A K=400: first_dip 0.02,82,82,True,
A K=400: dips<= 0.04,2416,2416,True,
A K=400: first_dip 0.04,34,34,True,
A K=400 eps=0.005: t_stop,321,321,True,
A K=400 eps=0.005: retention (6dp),0.986791,0.986791,True,
A K=400 eps=0.01: t_stop,169,169,True,
A K=400 eps=0.01: retention (6dp),0.972889,0.972889,True,
A K=400 eps=0.02: t_stop,82,82,True,
A K=400 eps=0.02: retention (6dp),0.952024,0.952024,True,
A K=400 eps=0.04: t_stop,34,34,True,
A K=400 eps=0.04: retention (6dp),0.914823,0.914823,True,
