seed,t,near_mass,removed_frac,U_L2,TV
20260917,0,0.2499700000,0.0000000000,3.356310400000e-03,2.505300000000e-01
20260917,1,0.2030300000,0.0622100000,4.290373400000e-03,2.969700000000e-01
20260917,2,0.1651400000,0.0505100000,5.198498000000e-03,3.348600000000e-01
20260917,3,0.1340200000,0.0419000000,6.047314600000e-03,3.659800000000e-01
20260917,4,0.1093200000,0.0330200000,6.785354400000e-03,3.906800000000e-01
20260917,5,0.0886900000,0.0273800000,7.456050600000e-03,4.113100000000e-01
20260917,6,0.0724500000,0.0219400000,8.009051800000e-03,4.275500000000e-01
20260917,7,0.0588500000,0.0182500000,8.484238000000e-03,4.411500000000e-01
20260917,8,0.0478800000,0.0145700000,8.885999800000e-03,4.521200000000e-01
20260917,9,0.0388300000,0.0118500000,9.224534400000e-03,4.611700000000e-01
20260917,10,0.0312800000,0.0101900000,9.512386800000e-03,4.687200000000e-01
20260917,11,0.0248200000,0.0082000000,9.766688600000e-03,4.751800000000e-01
20260917,12,0.0203000000,0.0061400000,9.945656800000e-03,4.797000000000e-01
20260917,13,0.0163600000,0.0053500000,1.010000460000e-02,4.836400000000e-01
20260917,14,0.0133800000,0.0039900000,1.021886820000e-02,4.866200000000e-01
20260917,15,0.0109600000,0.0032400000,1.031610860000e-02,4.890400000000e-01
20260917,16,0.0089400000,0.0027300000,1.039782280000e-02,4.910600000000e-01
20260917,17,0.0073500000,0.0022100000,1.046497980000e-02,4.926500000000e-01
20260917,18,0.0059800000,0.0018200000,1.052058060000e-02,4.940200000000e-01
20260917,19,0.0049000000,0.0014700000,1.056585400000e-02,4.951000000000e-01
20260917,20,0.0039300000,0.0012200000,1.060586940000e-02,4.960700000000e-01
20260917,21,0.0032000000,0.0010400000,1.063649180000e-02,4.968000000000e-01
20260917,22,0.0026700000,0.0007800000,1.065816360000e-02,4.973300000000e-01
20260917,23,0.0022100000,0.0006200000,1.067648600000e-02,4.977900000000e-01
20260917,24,0.0018000000,0.0004900000,1.069339580000e-02,4.982000000000e-01
20260917,25,0.0015100000,0.0003900000,1.070486600000e-02,4.984900000000e-01
20260917,26,0.0012200000,0.0004400000,1.071707160000e-02,4.987800000000e-01
20260917,27,0.0009800000,0.0003400000,1.072735580000e-02,4.990200000000e-01
20260917,28,0.0008200000,0.0002100000,1.073377760000e-02,4.991800000000e-01
20260917,29,0.0006000000,0.0002700000,1.074280480000e-02,4.994000000000e-01
20260917,30,0.0004900000,0.0001500000,1.074750300000e-02,4.995100000000e-01
20260918,0,0.2505800000,0.0000000000,3.336537600000e-03,2.498000000000e-01
20260918,1,0.2034300000,0.0623700000,4.278149400000e-03,2.965700000000e-01
20260918,2,0.1646900000,0.0520100000,5.204091000000e-03,3.353100000000e-01
20260918,3,0.1332900000,0.0417300000,6.062363400000e-03,3.667100000000e-01
20260918,4,0.1082600000,0.0334000000,6.813311800000e-03,3.917400000000e-01
20260918,5,0.0876900000,0.0277500000,7.475448400000e-03,4.123100000000e-01
20260918,6,0.0706800000,0.0221700000,8.053937200000e-03,4.293200000000e-01
20260918,7,0.0573400000,0.0176500000,8.522796200000e-03,4.426600000000e-01
20260918,8,0.0463600000,0.0143600000,8.924465200000e-03,4.536400000000e-01
20260918,9,0.0378000000,0.0113400000,9.245914000000e-03,4.622000000000e-01
20260918,10,0.0306200000,0.0096500000,9.520187600000e-03,4.693800000000e-01
20260918,11,0.0250400000,0.0072300000,9.736843600000e-03,4.749600000000e-01
20260918,12,0.0204800000,0.0061600000,9.916448400000e-03,4.795200000000e-01
20260918,13,0.0168500000,0.0048100000,1.005770320000e-02,4.831500000000e-01
20260918,14,0.0136500000,0.0042400000,1.018486640000e-02,4.863500000000e-01
20260918,15,0.0111500000,0.0033100000,1.028632060000e-02,4.888500000000e-01
20260918,16,0.0090400000,0.0027800000,1.037164620000e-02,4.909600000000e-01
20260918,17,0.0073000000,0.0023800000,1.044139620000e-02,4.927000000000e-01
20260918,18,0.0061400000,0.0014700000,1.048797160000e-02,4.938600000000e-01
20260918,19,0.0049000000,0.0016400000,1.053959540000e-02,4.951000000000e-01
20260918,20,0.0038800000,0.0012300000,1.058121040000e-02,4.961200000000e-01
20260918,21,0.0032400000,0.0008300000,1.060750860000e-02,4.967600000000e-01
20260918,22,0.0026400000,0.0008200000,1.063226240000e-02,4.973600000000e-01
20260918,23,0.0021600000,0.0006500000,1.065207920000e-02,4.978400000000e-01
20260918,24,0.0017000000,0.0007000000,1.067057880000e-02,4.983000000000e-01
20260918,25,0.0013600000,0.0004300000,1.068428220000e-02,4.986400000000e-01
20260918,26,0.0011200000,0.0003300000,1.069429020000e-02,4.988800000000e-01
20260918,27,0.0009000000,0.0003200000,1.070292040000e-02,4.991000000000e-01
20260918,28,0.0007200000,0.0002600000,1.071025160000e-02,4.992800000000e-01
20260918,29,0.0005800000,0.0001900000,1.071645460000e-02,4.994200000000e-01
20260918,30,0.0005000000,0.0001200000,1.071998160000e-02,4.995000000000e-01
20260919,0,0.2491100000,0.0000000000,3.375496200000e-03,2.517500000000e-01
20260919,1,0.2028700000,0.0619900000,4.297800800000e-03,2.971300000000e-01
20260919,2,0.1648700000,0.0507700000,5.207082400000e-03,3.351300000000e-01
20260919,3,0.1344700000,0.0412300000,6.040965800000e-03,3.655300000000e-01
20260919,4,0.1092900000,0.0337100000,6.800135800000e-03,3.907100000000e-01
20260919,5,0.0889800000,0.0269100000,7.452574000000e-03,4.110200000000e-01
20260919,6,0.0720900000,0.0224200000,8.026314800000e-03,4.279100000000e-01
20260919,7,0.0582900000,0.0186000000,8.511353200000e-03,4.417100000000e-01
20260919,8,0.0471400000,0.0146000000,8.921420400000e-03,4.528600000000e-01
20260919,9,0.0380100000,0.0121200000,9.259857800000e-03,4.619900000000e-01
20260919,10,0.0308200000,0.0096200000,9.535392800000e-03,4.691800000000e-01
20260919,11,0.0252600000,0.0074700000,9.751895000000e-03,4.747400000000e-01
20260919,12,0.0203800000,0.0063800000,9.941118600000e-03,4.796200000000e-01
20260919,13,0.0166100000,0.0051100000,1.009191320000e-02,4.833900000000e-01
20260919,14,0.0134400000,0.0042400000,1.022014120000e-02,4.865600000000e-01
20260919,15,0.0109400000,0.0032800000,1.032180100000e-02,4.890600000000e-01
20260919,16,0.0089200000,0.0026800000,1.040359940000e-02,4.910800000000e-01
20260919,17,0.0072400000,0.0022200000,1.047233220000e-02,4.927600000000e-01
20260919,18,0.0057500000,0.0020000000,1.053396760000e-02,4.942500000000e-01
20260919,19,0.0046600000,0.0015200000,1.057784800000e-02,4.953400000000e-01
20260919,20,0.0037300000,0.0011500000,1.061596680000e-02,4.962700000000e-01
20260919,21,0.0030400000,0.0009200000,1.064553920000e-02,4.969600000000e-01
20260919,22,0.0023500000,0.0009500000,1.067483540000e-02,4.976500000000e-01
20260919,23,0.0019600000,0.0005300000,1.069037160000e-02,4.980400000000e-01
20260919,24,0.0015900000,0.0004900000,1.070545640000e-02,4.984100000000e-01
20260919,25,0.0012200000,0.0005000000,1.072101180000e-02,4.987800000000e-01
20260919,26,0.0009800000,0.0003100000,1.073093840000e-02,4.990200000000e-01
20260919,27,0.0008000000,0.0002600000,1.073852980000e-02,4.992000000000e-01
20260919,28,0.0006400000,0.0002100000,1.074448460000e-02,4.993600000000e-01
20260919,29,0.0005500000,0.0001100000,1.074809620000e-02,4.994500000000e-01
20260919,30,0.0004300000,0.0001600000,1.075257100000e-02,4.995700000000e-01
20260920,0,0.2501300000,0.0000000000,3.352545200000e-03,2.505000000000e-01
20260920,1,0.2039400000,0.0625000000,4.276180600000e-03,2.960600000000e-01
20260920,2,0.1659900000,0.0509100000,5.172997800000e-03,3.340100000000e-01
20260920,3,0.1348600000,0.0414800000,6.018270000000e-03,3.651400000000e-01
20260920,4,0.1094200000,0.0332700000,6.775484600000e-03,3.905800000000e-01
20260920,5,0.0881700000,0.0284300000,7.458158400000e-03,4.118300000000e-01
20260920,6,0.0710700000,0.0224700000,8.033483000000e-03,4.289300000000e-01
20260920,7,0.0574400000,0.0182600000,8.519604000000e-03,4.425600000000e-01
20260920,8,0.0471900000,0.0138700000,8.895606600000e-03,4.528100000000e-01
20260920,9,0.0386100000,0.0115500000,9.218178600000e-03,4.613900000000e-01
20260920,10,0.0315700000,0.0092400000,9.488970800000e-03,4.684300000000e-01
20260920,11,0.0257500000,0.0076800000,9.711867800000e-03,4.742500000000e-01
20260920,12,0.0207800000,0.0064300000,9.906154200000e-03,4.792200000000e-01
20260920,13,0.0168600000,0.0052200000,1.005939800000e-02,4.831400000000e-01
20260920,14,0.0138400000,0.0039700000,1.017958140000e-02,4.861600000000e-01
20260920,15,0.0114900000,0.0033400000,1.027500720000e-02,4.885100000000e-01
20260920,16,0.0093200000,0.0027400000,1.036201820000e-02,4.906800000000e-01
20260920,17,0.0075500000,0.0022600000,1.043563520000e-02,4.924500000000e-01
20260920,18,0.0060100000,0.0019600000,1.049917360000e-02,4.939900000000e-01
20260920,19,0.0049500000,0.0013500000,1.054125640000e-02,4.950500000000e-01
20260920,20,0.0039000000,0.0013500000,1.058586500000e-02,4.961000000000e-01
20260920,21,0.0032300000,0.0009200000,1.061307680000e-02,4.967700000000e-01
20260920,22,0.0026600000,0.0007400000,1.063620980000e-02,4.973400000000e-01
20260920,23,0.0021700000,0.0006700000,1.065722480000e-02,4.978300000000e-01
20260920,24,0.0018400000,0.0004700000,1.066974000000e-02,4.981600000000e-01
20260920,25,0.0014500000,0.0004800000,1.068525520000e-02,4.985500000000e-01
20260920,26,0.0012000000,0.0003100000,1.069526180000e-02,4.988000000000e-01
20260920,27,0.0009700000,0.0003100000,1.070536340000e-02,4.990300000000e-01
20260920,28,0.0008200000,0.0002200000,1.071196360000e-02,4.991800000000e-01
20260920,29,0.0006700000,0.0002200000,1.071828720000e-02,4.993300000000e-01
20260920,30,0.0004700000,0.0002100000,1.072644740000e-02,4.995300000000e-01
20260921,0,0.2509200000,0.0000000000,3.307920400000e-03,2.491400000000e-01
20260921,1,0.2043400000,0.0620100000,4.232662000000e-03,2.956600000000e-01
20260921,2,0.1651900000,0.0522400000,5.172415000000e-03,3.348100000000e-01
20260921,3,0.1348500000,0.0407600000,5.994559600000e-03,3.651500000000e-01
20260921,4,0.1094000000,0.0339600000,6.746511600000e-03,3.906000000000e-01
20260921,5,0.0893300000,0.0270300000,7.386092400000e-03,4.106700000000e-01
20260921,6,0.0727100000,0.0218900000,7.946507400000e-03,4.272900000000e-01
20260921,7,0.0592500000,0.0179200000,8.418894600000e-03,4.407500000000e-01
20260921,8,0.0480200000,0.0145900000,8.826102000000e-03,4.519800000000e-01
20260921,9,0.0389700000,0.0121200000,9.162230600000e-03,4.610300000000e-01
20260921,10,0.0318600000,0.0095000000,9.431809200000e-03,4.681400000000e-01
20260921,11,0.0258500000,0.0083100000,9.663520800000e-03,4.741500000000e-01
20260921,12,0.0210800000,0.0064400000,9.851342600000e-03,4.789200000000e-01
20260921,13,0.0171100000,0.0053300000,1.000927980000e-02,4.828900000000e-01
20260921,14,0.0136900000,0.0043300000,1.014616700000e-02,4.863100000000e-01
20260921,15,0.0111300000,0.0034000000,1.024875780000e-02,4.888700000000e-01
20260921,16,0.0090800000,0.0026100000,1.033145840000e-02,4.909200000000e-01
20260921,17,0.0073800000,0.0023600000,1.040049640000e-02,4.926200000000e-01
20260921,18,0.0058700000,0.0020100000,1.046181300000e-02,4.941300000000e-01
20260921,19,0.0049100000,0.0014300000,1.050067360000e-02,4.950900000000e-01
20260921,20,0.0039200000,0.0013000000,1.054228360000e-02,4.960800000000e-01
20260921,21,0.0031300000,0.0010000000,1.057514300000e-02,4.968700000000e-01
20260921,22,0.0025300000,0.0008000000,1.060012680000e-02,4.974700000000e-01
20260921,23,0.0020000000,0.0006500000,1.062205200000e-02,4.980000000000e-01
20260921,24,0.0016600000,0.0005200000,1.063636540000e-02,4.983400000000e-01
20260921,25,0.0013200000,0.0004400000,1.065072080000e-02,4.986800000000e-01
20260921,26,0.0011400000,0.0002300000,1.065823380000e-02,4.988600000000e-01
20260921,27,0.0009600000,0.0002200000,1.066516200000e-02,4.990400000000e-01
20260921,28,0.0008000000,0.0002100000,1.067140860000e-02,4.992000000000e-01
20260921,29,0.0006100000,0.0002500000,1.067951360000e-02,4.993900000000e-01
20260921,30,0.0005100000,0.0001400000,1.068376700000e-02,4.994900000000e-01
20260922,0,0.2501400000,0.0000000000,3.346405000000e-03,2.502600000000e-01
20260922,1,0.2023900000,0.0633200000,4.292692800000e-03,2.976100000000e-01
20260922,2,0.1644700000,0.0502900000,5.209994000000e-03,3.355300000000e-01
20260922,3,0.1332400000,0.0415600000,6.071788200000e-03,3.667600000000e-01
20260922,4,0.1085800000,0.0329700000,6.815389400000e-03,3.914200000000e-01
20260922,5,0.0882000000,0.0267200000,7.469566800000e-03,4.118000000000e-01
20260922,6,0.0715400000,0.0221000000,8.041869200000e-03,4.284600000000e-01
20260922,7,0.0583600000,0.0176600000,8.509021800000e-03,4.416400000000e-01
20260922,8,0.0475300000,0.0148700000,8.907309800000e-03,4.524700000000e-01
20260922,9,0.0384000000,0.0119400000,9.251433200000e-03,4.616000000000e-01
20260922,10,0.0308800000,0.0097400000,9.536555000000e-03,4.691200000000e-01
20260922,11,0.0251700000,0.0079400000,9.755841000000e-03,4.748300000000e-01
20260922,12,0.0202200000,0.0063500000,9.948699600000e-03,4.797800000000e-01
20260922,13,0.0164200000,0.0052300000,1.009741560000e-02,4.835800000000e-01
20260922,14,0.0136200000,0.0037600000,1.021168060000e-02,4.863800000000e-01
20260922,15,0.0108300000,0.0037300000,1.032582680000e-02,4.891700000000e-01
20260922,16,0.0090200000,0.0024300000,1.040067720000e-02,4.909800000000e-01
20260922,17,0.0072500000,0.0023200000,1.047289620000e-02,4.927500000000e-01
20260922,18,0.0060100000,0.0017600000,1.052401080000e-02,4.939900000000e-01
20260922,19,0.0049000000,0.0014500000,1.056762220000e-02,4.951000000000e-01
20260922,20,0.0039100000,0.0013100000,1.060757880000e-02,4.960900000000e-01
20260922,21,0.0032100000,0.0010700000,1.063652060000e-02,4.967900000000e-01
20260922,22,0.0024500000,0.0009000000,1.066874180000e-02,4.975500000000e-01
20260922,23,0.0021000000,0.0004800000,1.068320740000e-02,4.979000000000e-01
20260922,24,0.0017900000,0.0004400000,1.069480660000e-02,4.982100000000e-01
20260922,25,0.0013200000,0.0005500000,1.071389460000e-02,4.986800000000e-01
20260922,26,0.0011100000,0.0003100000,1.072255860000e-02,4.988900000000e-01
20260922,27,0.0009000000,0.0002900000,1.073125020000e-02,4.991000000000e-01
20260922,28,0.0007500000,0.0002500000,1.073774600000e-02,4.992500000000e-01
20260922,29,0.0006100000,0.0001600000,1.074385000000e-02,4.993900000000e-01
20260922,30,0.0005500000,0.0001000000,1.074642520000e-02,4.994500000000e-01
20260923,0,0.2476200000,0.0000000000,3.404969800000e-03,2.531700000000e-01
20260923,1,0.2008800000,0.0626900000,4.345838000000e-03,2.991800000000e-01
20260923,2,0.1629900000,0.0499400000,5.258514000000e-03,3.370100000000e-01
20260923,3,0.1331400000,0.0404800000,6.075612800000e-03,3.668600000000e-01
20260923,4,0.1083600000,0.0330600000,6.823737400000e-03,3.916400000000e-01
20260923,5,0.0879400000,0.0275000000,7.483373800000e-03,4.120600000000e-01
20260923,6,0.0716500000,0.0216100000,8.036735600000e-03,4.283500000000e-01
20260923,7,0.0574300000,0.0190300000,8.542567600000e-03,4.425700000000e-01
20260923,8,0.0466700000,0.0143300000,8.940252200000e-03,4.533300000000e-01
20260923,9,0.0379400000,0.0116600000,9.264635000000e-03,4.620600000000e-01
20260923,10,0.0308100000,0.0097200000,9.534834800000e-03,4.691900000000e-01
20260923,11,0.0248000000,0.0079300000,9.770586200000e-03,4.752000000000e-01
20260923,12,0.0201300000,0.0063300000,9.952687600000e-03,4.798700000000e-01
20260923,13,0.0165000000,0.0050600000,1.010071120000e-02,4.835000000000e-01
20260923,14,0.0133900000,0.0040800000,1.022431840000e-02,4.866100000000e-01
20260923,15,0.0107800000,0.0033800000,1.032930900000e-02,4.892200000000e-01
20260923,16,0.0089300000,0.0026800000,1.040466740000e-02,4.910700000000e-01
20260923,17,0.0071000000,0.0023800000,1.048096700000e-02,4.929000000000e-01
20260923,18,0.0056300000,0.0018200000,1.054084500000e-02,4.943700000000e-01
20260923,19,0.0044900000,0.0013800000,1.058658000000e-02,4.955100000000e-01
20260923,20,0.0035500000,0.0010900000,1.062388260000e-02,4.964500000000e-01
20260923,21,0.0029600000,0.0008200000,1.064902120000e-02,4.970400000000e-01
20260923,22,0.0023900000,0.0007000000,1.067157440000e-02,4.976100000000e-01
20260923,23,0.0019900000,0.0005300000,1.068874880000e-02,4.980100000000e-01
20260923,24,0.0016500000,0.0004600000,1.070336640000e-02,4.983500000000e-01
20260923,25,0.0013200000,0.0004200000,1.071723780000e-02,4.986800000000e-01
20260923,26,0.0011400000,0.0003300000,1.072487680000e-02,4.988600000000e-01
20260923,27,0.0009600000,0.0002400000,1.073229020000e-02,4.990400000000e-01
20260923,28,0.0007500000,0.0002900000,1.074113440000e-02,4.992500000000e-01
20260923,29,0.0005800000,0.0002400000,1.074751520000e-02,4.994200000000e-01
20260923,30,0.0004900000,0.0001300000,1.075097900000e-02,4.995100000000e-01
20260924,0,0.2494100000,0.0000000000,3.350181600000e-03,2.505900000000e-01
20260924,1,0.2022700000,0.0635300000,4.286595800000e-03,2.977300000000e-01
20260924,2,0.1637500000,0.0512100000,5.219577400000e-03,3.362500000000e-01
20260924,3,0.1323500000,0.0411500000,6.076306000000e-03,3.676500000000e-01
20260924,4,0.1074300000,0.0332700000,6.826009800000e-03,3.925700000000e-01
20260924,5,0.0875300000,0.0267100000,7.474849400000e-03,4.124700000000e-01
20260924,6,0.0715300000,0.0214600000,8.022605600000e-03,4.284700000000e-01
20260924,7,0.0583700000,0.0176900000,8.486487800000e-03,4.416300000000e-01
20260924,8,0.0472700000,0.0147800000,8.891869200000e-03,4.527300000000e-01
20260924,9,0.0382700000,0.0117700000,9.226407400000e-03,4.617300000000e-01
20260924,10,0.0311700000,0.0094300000,9.493593600000e-03,4.688300000000e-01
20260924,11,0.0252200000,0.0079100000,9.724335400000e-03,4.747800000000e-01
20260924,12,0.0206400000,0.0060500000,9.903406600000e-03,4.793600000000e-01
20260924,13,0.0166000000,0.0053600000,1.006386820000e-02,4.834000000000e-01
20260924,14,0.0130800000,0.0044900000,1.020489120000e-02,4.869200000000e-01
20260924,15,0.0105400000,0.0033600000,1.030647360000e-02,4.894600000000e-01
20260924,16,0.0085200000,0.0026800000,1.038794640000e-02,4.914800000000e-01
20260924,17,0.0072500000,0.0020100000,1.043971840000e-02,4.927500000000e-01
20260924,18,0.0057400000,0.0018700000,1.050200940000e-02,4.942600000000e-01
20260924,19,0.0046400000,0.0014400000,1.054704700000e-02,4.953600000000e-01
20260924,20,0.0038000000,0.0011800000,1.058106560000e-02,4.962000000000e-01
20260924,21,0.0031000000,0.0010000000,1.060899760000e-02,4.969000000000e-01
20260924,22,0.0025400000,0.0007700000,1.063211940000e-02,4.974600000000e-01
20260924,23,0.0020100000,0.0006800000,1.065405560000e-02,4.979900000000e-01
20260924,24,0.0016400000,0.0004900000,1.066844420000e-02,4.983600000000e-01
20260924,25,0.0012900000,0.0004000000,1.068206760000e-02,4.987100000000e-01
20260924,26,0.0010300000,0.0003400000,1.069264560000e-02,4.989700000000e-01
20260924,27,0.0007900000,0.0003100000,1.070229640000e-02,4.992100000000e-01
20260924,28,0.0006800000,0.0001600000,1.070709940000e-02,4.993200000000e-01
20260924,29,0.0006200000,0.0000800000,1.070943340000e-02,4.993800000000e-01
20260924,30,0.0005200000,0.0001800000,1.071350700000e-02,4.994800000000e-01
20260925,0,0.2497600000,0.0000000000,3.344147800000e-03,2.503100000000e-01
20260925,1,0.2034700000,0.0618600000,4.272448400000e-03,2.965300000000e-01
20260925,2,0.1649800000,0.0512600000,5.200340400000e-03,3.350200000000e-01
20260925,3,0.1339300000,0.0413400000,6.048827800000e-03,3.660700000000e-01
20260925,4,0.1090500000,0.0328600000,6.799872200000e-03,3.909500000000e-01
20260925,5,0.0889900000,0.0267400000,7.443211800000e-03,4.110100000000e-01
20260925,6,0.0717600000,0.0226800000,8.026983000000e-03,4.282400000000e-01
20260925,7,0.0582000000,0.0178400000,8.502737800000e-03,4.418000000000e-01
20260925,8,0.0479900000,0.0139700000,8.875122200000e-03,4.520100000000e-01
20260925,9,0.0392800000,0.0115900000,9.202763000000e-03,4.607200000000e-01
20260925,10,0.0314900000,0.0103400000,9.499290800000e-03,4.685100000000e-01
20260925,11,0.0254500000,0.0080000000,9.731627200000e-03,4.745500000000e-01
20260925,12,0.0204400000,0.0064200000,9.929918200000e-03,4.795600000000e-01
20260925,13,0.0163000000,0.0055000000,1.009091480000e-02,4.837000000000e-01
20260925,14,0.0134200000,0.0040600000,1.020444180000e-02,4.865800000000e-01
20260925,15,0.0107900000,0.0034600000,1.030821200000e-02,4.892100000000e-01
20260925,16,0.0087900000,0.0026300000,1.038891360000e-02,4.912100000000e-01
20260925,17,0.0072700000,0.0020500000,1.045099640000e-02,4.927300000000e-01
20260925,18,0.0057200000,0.0020900000,1.051363940000e-02,4.942800000000e-01
20260925,19,0.0046800000,0.0013800000,1.055651000000e-02,4.953200000000e-01
20260925,20,0.0036300000,0.0013800000,1.060009920000e-02,4.963700000000e-01
20260925,21,0.0031400000,0.0007600000,1.061946440000e-02,4.968600000000e-01
20260925,22,0.0026000000,0.0007100000,1.064179340000e-02,4.974000000000e-01
20260925,23,0.0020600000,0.0007100000,1.066416960000e-02,4.979400000000e-01
20260925,24,0.0016700000,0.0005000000,1.068025920000e-02,4.983300000000e-01
20260925,25,0.0013000000,0.0004900000,1.069447180000e-02,4.987000000000e-01
20260925,26,0.0010100000,0.0003400000,1.070631060000e-02,4.989900000000e-01
20260925,27,0.0008300000,0.0002600000,1.071406300000e-02,4.991700000000e-01
20260925,28,0.0006900000,0.0001700000,1.071962120000e-02,4.993100000000e-01
20260925,29,0.0005600000,0.0001800000,1.072514620000e-02,4.994400000000e-01
20260925,30,0.0004900000,0.0001300000,1.072800580000e-02,4.995100000000e-01
20260926,0,0.2486500000,0.0000000000,3.362540000000e-03,2.514800000000e-01
20260926,1,0.2016600000,0.0629600000,4.316238800000e-03,2.983400000000e-01
20260926,2,0.1632800000,0.0513600000,5.246459400000e-03,3.367200000000e-01
20260926,3,0.1322800000,0.0415400000,6.099514000000e-03,3.677200000000e-01
20260926,4,0.1073000000,0.0331700000,6.853048000000e-03,3.927000000000e-01
20260926,5,0.0877000000,0.0260900000,7.480205200000e-03,4.123000000000e-01
20260926,6,0.0714000000,0.0213600000,8.039063400000e-03,4.286000000000e-01
20260926,7,0.0579100000,0.0176500000,8.515683200000e-03,4.420900000000e-01
20260926,8,0.0466900000,0.0146500000,8.926205400000e-03,4.533100000000e-01
20260926,9,0.0380500000,0.0115600000,9.247888600000e-03,4.619500000000e-01
20260926,10,0.0306400000,0.0096900000,9.533096600000e-03,4.693600000000e-01
20260926,11,0.0249800000,0.0077300000,9.750776200000e-03,4.750200000000e-01
20260926,12,0.0199400000,0.0067000000,9.950205000000e-03,4.800600000000e-01
20260926,13,0.0160200000,0.0052600000,1.010521640000e-02,4.839800000000e-01
20260926,14,0.0128700000,0.0041900000,1.022994040000e-02,4.871300000000e-01
20260926,15,0.0103100000,0.0033600000,1.033380460000e-02,4.896900000000e-01
20260926,16,0.0085000000,0.0024100000,1.040720140000e-02,4.915000000000e-01
20260926,17,0.0068300000,0.0021300000,1.047434400000e-02,4.931700000000e-01
20260926,18,0.0055400000,0.0017200000,1.052725260000e-02,4.944600000000e-01
20260926,19,0.0045700000,0.0013500000,1.056712500000e-02,4.954300000000e-01
20260926,20,0.0036900000,0.0011400000,1.060432300000e-02,4.963100000000e-01
20260926,21,0.0029200000,0.0011100000,1.063510220000e-02,4.970800000000e-01
20260926,22,0.0023800000,0.0007400000,1.065797500000e-02,4.976200000000e-01
20260926,23,0.0019500000,0.0005800000,1.067639640000e-02,4.980500000000e-01
20260926,24,0.0017100000,0.0003600000,1.068657920000e-02,4.982900000000e-01
20260926,25,0.0013100000,0.0005700000,1.070317100000e-02,4.986900000000e-01
20260926,26,0.0010400000,0.0003300000,1.071348320000e-02,4.989600000000e-01
20260926,27,0.0008500000,0.0002800000,1.072130720000e-02,4.991500000000e-01
20260926,28,0.0007000000,0.0002100000,1.072742220000e-02,4.993000000000e-01
20260926,29,0.0005800000,0.0001400000,1.073261280000e-02,4.994200000000e-01
20260926,30,0.0004900000,0.0001300000,1.073625060000e-02,4.995100000000e-01
20260927,0,0.2507600000,0.0000000000,3.321821600000e-03,2.493300000000e-01
20260927,1,0.2038300000,0.0623600000,4.253570000000e-03,2.961700000000e-01
20260927,2,0.1651300000,0.0512900000,5.180528600000e-03,3.348700000000e-01
20260927,3,0.1344500000,0.0407900000,6.018698200000e-03,3.655500000000e-01
20260927,4,0.1086200000,0.0338200000,6.793679400000e-03,3.913800000000e-01
20260927,5,0.0881000000,0.0272100000,7.455238000000e-03,4.119000000000e-01
20260927,6,0.0711600000,0.0231200000,8.024881600000e-03,4.288400000000e-01
20260927,7,0.0576600000,0.0180000000,8.501771800000e-03,4.423400000000e-01
20260927,8,0.0468400000,0.0142800000,8.897820800000e-03,4.531600000000e-01
20260927,9,0.0384100000,0.0112200000,9.210302400000e-03,4.615900000000e-01
20260927,10,0.0313900000,0.0093900000,9.474976800000e-03,4.686100000000e-01
20260927,11,0.0256200000,0.0079900000,9.699505000000e-03,4.743800000000e-01
20260927,12,0.0209200000,0.0064100000,9.884657200000e-03,4.790800000000e-01
20260927,13,0.0168400000,0.0051800000,1.004665780000e-02,4.831600000000e-01
20260927,14,0.0135100000,0.0044200000,1.017895960000e-02,4.864900000000e-01
20260927,15,0.0108500000,0.0034900000,1.028632880000e-02,4.891500000000e-01
20260927,16,0.0088400000,0.0027400000,1.037013400000e-02,4.911600000000e-01
20260927,17,0.0071300000,0.0021500000,1.043947940000e-02,4.928700000000e-01
20260927,18,0.0058500000,0.0017200000,1.049170500000e-02,4.941500000000e-01
20260927,19,0.0046100000,0.0015200000,1.054102400000e-02,4.953900000000e-01
20260927,20,0.0038700000,0.0010900000,1.057183340000e-02,4.961300000000e-01
20260927,21,0.0031100000,0.0009200000,1.060288940000e-02,4.968900000000e-01
20260927,22,0.0025500000,0.0007900000,1.062630280000e-02,4.974500000000e-01
20260927,23,0.0020900000,0.0006100000,1.064516580000e-02,4.979100000000e-01
20260927,24,0.0017200000,0.0004700000,1.066105100000e-02,4.982800000000e-01
20260927,25,0.0013400000,0.0004800000,1.067672840000e-02,4.986600000000e-01
20260927,26,0.0010900000,0.0003100000,1.068724540000e-02,4.989100000000e-01
20260927,27,0.0009000000,0.0002700000,1.069531280000e-02,4.991000000000e-01
20260927,28,0.0007200000,0.0002500000,1.070262820000e-02,4.992800000000e-01
20260927,29,0.0005800000,0.0002100000,1.070866700000e-02,4.994200000000e-01
20260927,30,0.0004700000,0.0001300000,1.071291500000e-02,4.995300000000e-01
20260928,0,0.2519000000,0.0000000000,3.305058400000e-03,2.481000000000e-01
20260928,1,0.2052200000,0.0628900000,4.229865400000e-03,2.947800000000e-01
20260928,2,0.1656800000,0.0518600000,5.169149400000e-03,3.343200000000e-01
20260928,3,0.1335700000,0.0422000000,6.049331600000e-03,3.664300000000e-01
20260928,4,0.1092000000,0.0325300000,6.780045000000e-03,3.908000000000e-01
20260928,5,0.0888900000,0.0273700000,7.428474200000e-03,4.111100000000e-01
20260928,6,0.0718300000,0.0225900000,8.003605200000e-03,4.281700000000e-01
20260928,7,0.0588400000,0.0176800000,8.463910600000e-03,4.411600000000e-01
20260928,8,0.0473100000,0.0150600000,8.884811400000e-03,4.526900000000e-01
20260928,9,0.0381400000,0.0120900000,9.230304400000e-03,4.618600000000e-01
20260928,10,0.0311600000,0.0096800000,9.499213200000e-03,4.688400000000e-01
20260928,11,0.0254100000,0.0077900000,9.721990200000e-03,4.745900000000e-01
20260928,12,0.0208100000,0.0061000000,9.902169800000e-03,4.791900000000e-01
20260928,13,0.0169100000,0.0053400000,1.005654400000e-02,4.830900000000e-01
20260928,14,0.0137600000,0.0042400000,1.018170360000e-02,4.862400000000e-01
20260928,15,0.0110700000,0.0035300000,1.028944700000e-02,4.889300000000e-01
20260928,16,0.0090600000,0.0026600000,1.037122680000e-02,4.909400000000e-01
20260928,17,0.0070900000,0.0024800000,1.045382340000e-02,4.929100000000e-01
20260928,18,0.0057300000,0.0017900000,1.051163600000e-02,4.942700000000e-01
20260928,19,0.0047500000,0.0013100000,1.055215280000e-02,4.952500000000e-01
20260928,20,0.0039500000,0.0012100000,1.058483520000e-02,4.960500000000e-01
20260928,21,0.0030600000,0.0010600000,1.062177400000e-02,4.969400000000e-01
20260928,22,0.0025400000,0.0007300000,1.064352400000e-02,4.974600000000e-01
20260928,23,0.0021200000,0.0005500000,1.066072240000e-02,4.978800000000e-01
20260928,24,0.0016800000,0.0005400000,1.067822760000e-02,4.983200000000e-01
20260928,25,0.0013700000,0.0003900000,1.069088120000e-02,4.986300000000e-01
20260928,26,0.0010800000,0.0003500000,1.070291880000e-02,4.989200000000e-01
20260928,27,0.0009200000,0.0002800000,1.070966100000e-02,4.990800000000e-01
20260928,28,0.0007600000,0.0002200000,1.071629040000e-02,4.992400000000e-01
20260928,29,0.0006200000,0.0001900000,1.072188700000e-02,4.993800000000e-01
20260928,30,0.0005500000,0.0001400000,1.072485000000e-02,4.994500000000e-01
20260929,0,0.2510500000,0.0000000000,3.291965400000e-03,2.492600000000e-01
20260929,1,0.2041900000,0.0618000000,4.224592600000e-03,2.958100000000e-01
20260929,2,0.1651200000,0.0518000000,5.162778200000e-03,3.348800000000e-01
20260929,3,0.1340300000,0.0415300000,6.003850400000e-03,3.659700000000e-01
20260929,4,0.1084800000,0.0339000000,6.763971600000e-03,3.915200000000e-01
20260929,5,0.0878400000,0.0277800000,7.425320200000e-03,4.121600000000e-01
20260929,6,0.0715100000,0.0217700000,7.976473000000e-03,4.284900000000e-01
20260929,7,0.0580100000,0.0180200000,8.452580200000e-03,4.419900000000e-01
20260929,8,0.0467600000,0.0150400000,8.860089400000e-03,4.532400000000e-01
20260929,9,0.0383300000,0.0114500000,9.173365200000e-03,4.616700000000e-01
20260929,10,0.0317100000,0.0091500000,9.425929000000e-03,4.682900000000e-01
20260929,11,0.0260100000,0.0078200000,9.646470200000e-03,4.739900000000e-01
20260929,12,0.0211100000,0.0064500000,9.839440600000e-03,4.788900000000e-01
20260929,13,0.0172200000,0.0052000000,9.994013800000e-03,4.827800000000e-01
20260929,14,0.0139200000,0.0042600000,1.012748680000e-02,4.860800000000e-01
20260929,15,0.0117300000,0.0030100000,1.021611940000e-02,4.882700000000e-01
20260929,16,0.0094400000,0.0028900000,1.030798900000e-02,4.905600000000e-01
20260929,17,0.0076100000,0.0023200000,1.038224760000e-02,4.923900000000e-01
20260929,18,0.0062900000,0.0018600000,1.043578340000e-02,4.937100000000e-01
20260929,19,0.0051900000,0.0014700000,1.048174640000e-02,4.948100000000e-01
20260929,20,0.0042000000,0.0013200000,1.052199540000e-02,4.958000000000e-01
20260929,21,0.0034700000,0.0009500000,1.055196220000e-02,4.965300000000e-01
20260929,22,0.0027100000,0.0009200000,1.058267860000e-02,4.972900000000e-01
20260929,23,0.0022900000,0.0005600000,1.060017420000e-02,4.977100000000e-01
20260929,24,0.0019200000,0.0005300000,1.061608660000e-02,4.980800000000e-01
20260929,25,0.0015900000,0.0004600000,1.062972820000e-02,4.984100000000e-01
20260929,26,0.0012700000,0.0004400000,1.064378700000e-02,4.987300000000e-01
20260929,27,0.0010200000,0.0003300000,1.065452460000e-02,4.989800000000e-01
20260929,28,0.0008300000,0.0002900000,1.066260060000e-02,4.991700000000e-01
20260929,29,0.0006600000,0.0001900000,1.066952120000e-02,4.993400000000e-01
20260929,30,0.0005000000,0.0002100000,1.067661700000e-02,4.995000000000e-01
20260930,0,0.2501500000,0.0000000000,3.319913400000e-03,2.500000000000e-01
20260930,1,0.2028900000,0.0627800000,4.271856200000e-03,2.971100000000e-01
20260930,2,0.1647500000,0.0502700000,5.187209400000e-03,3.352500000000e-01
20260930,3,0.1334400000,0.0413600000,6.040015800000e-03,3.665600000000e-01
20260930,4,0.1085600000,0.0330200000,6.781095400000e-03,3.914400000000e-01
20260930,5,0.0881500000,0.0267600000,7.432737200000e-03,4.118500000000e-01
20260930,6,0.0716100000,0.0220500000,7.993271000000e-03,4.283900000000e-01
20260930,7,0.0581400000,0.0181000000,8.471763400000e-03,4.418600000000e-01
20260930,8,0.0469000000,0.0151600000,8.881251600000e-03,4.531000000000e-01
20260930,9,0.0377400000,0.0121000000,9.224580800000e-03,4.622600000000e-01
20260930,10,0.0307500000,0.0099200000,9.489937600000e-03,4.692500000000e-01
20260930,11,0.0251300000,0.0074300000,9.707879000000e-03,4.748700000000e-01
20260930,12,0.0204200000,0.0063100000,9.894775000000e-03,4.795800000000e-01
20260930,13,0.0166100000,0.0051600000,1.004681540000e-02,4.833900000000e-01
20260930,14,0.0134800000,0.0041800000,1.017319520000e-02,4.865200000000e-01
20260930,15,0.0112000000,0.0031700000,1.026546060000e-02,4.888000000000e-01
20260930,16,0.0091500000,0.0028700000,1.034695340000e-02,4.908500000000e-01
20260930,17,0.0073500000,0.0024400000,1.041911180000e-02,4.926500000000e-01
20260930,18,0.0059300000,0.0018700000,1.047670620000e-02,4.940700000000e-01
20260930,19,0.0048400000,0.0013900000,1.052084920000e-02,4.951600000000e-01
20260930,20,0.0037700000,0.0013600000,1.056399460000e-02,4.962300000000e-01
20260930,21,0.0030800000,0.0008200000,1.059154920000e-02,4.969200000000e-01
20260930,22,0.0023700000,0.0009200000,1.062148040000e-02,4.976300000000e-01
20260930,23,0.0018800000,0.0006600000,1.064198180000e-02,4.981200000000e-01
20260930,24,0.0015200000,0.0004400000,1.065634900000e-02,4.984800000000e-01
20260930,25,0.0012400000,0.0003200000,1.066883500000e-02,4.987600000000e-01
20260930,26,0.0009700000,0.0003500000,1.068089100000e-02,4.990300000000e-01
20260930,27,0.0007600000,0.0002500000,1.068936640000e-02,4.992400000000e-01
20260930,28,0.0006900000,0.0001200000,1.069240780000e-02,4.993100000000e-01
20260930,29,0.0005300000,0.0002200000,1.069961440000e-02,4.994700000000e-01
20260930,30,0.0003900000,0.0002000000,1.070529540000e-02,4.996100000000e-01
20260931,0,0.2499900000,0.0000000000,3.327973200000e-03,2.507300000000e-01
20260931,1,0.2036000000,0.0620700000,4.246427000000e-03,2.964000000000e-01
20260931,2,0.1643800000,0.0523400000,5.188620000000e-03,3.356200000000e-01
20260931,3,0.1337200000,0.0410300000,6.018554200000e-03,3.662800000000e-01
20260931,4,0.1096500000,0.0323900000,6.741934200000e-03,3.903500000000e-01
20260931,5,0.0885900000,0.0274200000,7.421141800000e-03,4.114100000000e-01
20260931,6,0.0722200000,0.0220500000,7.971100800000e-03,4.277800000000e-01
20260931,7,0.0584900000,0.0179500000,8.452090600000e-03,4.415100000000e-01
20260931,8,0.0472700000,0.0149900000,8.862119000000e-03,4.527300000000e-01
20260931,9,0.0384700000,0.0116400000,9.194153400000e-03,4.615300000000e-01
20260931,10,0.0312100000,0.0096500000,9.471754400000e-03,4.687900000000e-01
20260931,11,0.0253400000,0.0077000000,9.697960800000e-03,4.746600000000e-01
20260931,12,0.0207100000,0.0062000000,9.881276200000e-03,4.792900000000e-01
20260931,13,0.0166800000,0.0055200000,1.004037800000e-02,4.833200000000e-01
20260931,14,0.0133400000,0.0043000000,1.017543580000e-02,4.866600000000e-01
20260931,15,0.0106700000,0.0035900000,1.028437240000e-02,4.893300000000e-01
20260931,16,0.0085300000,0.0027500000,1.037087320000e-02,4.914700000000e-01
20260931,17,0.0070400000,0.0021000000,1.043334900000e-02,4.929600000000e-01
20260931,18,0.0057200000,0.0017300000,1.048665340000e-02,4.942800000000e-01
20260931,19,0.0044800000,0.0016000000,1.053620560000e-02,4.955200000000e-01
20260931,20,0.0036300000,0.0011100000,1.056994440000e-02,4.963700000000e-01
20260931,21,0.0030100000,0.0008400000,1.059534240000e-02,4.969900000000e-01
20260931,22,0.0023900000,0.0007800000,1.062012320000e-02,4.976100000000e-01
20260931,23,0.0019600000,0.0006700000,1.063763640000e-02,4.980400000000e-01
20260931,24,0.0015300000,0.0005700000,1.065552240000e-02,4.984700000000e-01
20260931,25,0.0013200000,0.0002700000,1.066421920000e-02,4.986800000000e-01
20260931,26,0.0010200000,0.0003600000,1.067688820000e-02,4.989800000000e-01
20260931,27,0.0007700000,0.0003200000,1.068713160000e-02,4.992300000000e-01
20260931,28,0.0005800000,0.0002300000,1.069489800000e-02,4.994200000000e-01
20260931,29,0.0005000000,0.0001500000,1.069826580000e-02,4.995000000000e-01
20260931,30,0.0003700000,0.0001500000,1.070367120000e-02,4.996300000000e-01
20260932,0,0.2489100000,0.0000000000,3.374726400000e-03,2.511900000000e-01
20260932,1,0.2017500000,0.0627400000,4.326928400000e-03,2.982500000000e-01
20260932,2,0.1638400000,0.0503200000,5.239439800000e-03,3.361600000000e-01
20260932,3,0.1323800000,0.0412400000,6.112203400000e-03,3.676200000000e-01
20260932,4,0.1076000000,0.0332300000,6.855346200000e-03,3.924000000000e-01
20260932,5,0.0877000000,0.0266700000,7.496353600000e-03,4.123000000000e-01
20260932,6,0.0716900000,0.0216500000,8.037404000000e-03,4.283100000000e-01
20260932,7,0.0584000000,0.0176500000,8.511054600000e-03,4.416000000000e-01
20260932,8,0.0472000000,0.0148800000,8.921972200000e-03,4.528000000000e-01
20260932,9,0.0383500000,0.0117900000,9.253414000000e-03,4.616500000000e-01
20260932,10,0.0310800000,0.0096600000,9.533244200000e-03,4.689200000000e-01
20260932,11,0.0251100000,0.0080100000,9.767272600000e-03,4.748900000000e-01
20260932,12,0.0204200000,0.0061800000,9.952966200000e-03,4.795800000000e-01
20260932,13,0.0166900000,0.0049300000,1.009938200000e-02,4.833100000000e-01
20260932,14,0.0137400000,0.0041500000,1.022011740000e-02,4.862600000000e-01
20260932,15,0.0111900000,0.0034600000,1.032411020000e-02,4.888100000000e-01
20260932,16,0.0089700000,0.0029200000,1.041392620000e-02,4.910300000000e-01
20260932,17,0.0072300000,0.0023700000,1.048667420000e-02,4.927700000000e-01
20260932,18,0.0059000000,0.0018300000,1.054076620000e-02,4.941000000000e-01
20260932,19,0.0047600000,0.0015000000,1.058722180000e-02,4.952400000000e-01
20260932,20,0.0039000000,0.0011300000,1.062350620000e-02,4.961000000000e-01
20260932,21,0.0031400000,0.0009500000,1.065313260000e-02,4.968600000000e-01
20260932,22,0.0024900000,0.0007500000,1.067971820000e-02,4.975100000000e-01
20260932,23,0.0021200000,0.0005500000,1.069519420000e-02,4.978800000000e-01
20260932,24,0.0018300000,0.0004400000,1.070671200000e-02,4.981700000000e-01
20260932,25,0.0015300000,0.0004600000,1.071901600000e-02,4.984700000000e-01
20260932,26,0.0013200000,0.0002800000,1.072764340000e-02,4.986800000000e-01
20260932,27,0.0011000000,0.0002900000,1.073659420000e-02,4.989000000000e-01
20260932,28,0.0009100000,0.0002100000,1.074475600000e-02,4.990900000000e-01
20260932,29,0.0007200000,0.0002500000,1.075297260000e-02,4.992800000000e-01
20260932,30,0.0005700000,0.0002200000,1.075946860000e-02,4.994300000000e-01
20260933,0,0.2530700000,0.0000000000,3.280559200000e-03,2.473700000000e-01
20260933,1,0.2053800000,0.0646900000,4.229072200000e-03,2.946200000000e-01
20260933,2,0.1662900000,0.0514600000,5.153690400000e-03,3.337100000000e-01
20260933,3,0.1343100000,0.0425400000,6.022331200000e-03,3.656900000000e-01
20260933,4,0.1095100000,0.0329700000,6.770404400000e-03,3.904900000000e-01
20260933,5,0.0893300000,0.0270500000,7.417380800000e-03,4.106700000000e-01
20260933,6,0.0728700000,0.0221100000,7.972251400000e-03,4.271300000000e-01
20260933,7,0.0592400000,0.0183900000,8.451306200000e-03,4.407600000000e-01
20260933,8,0.0481300000,0.0149200000,8.853872800000e-03,4.518700000000e-01
20260933,9,0.0393500000,0.0118500000,9.181414200000e-03,4.606500000000e-01
20260933,10,0.0320500000,0.0097400000,9.458076800000e-03,4.679500000000e-01
20260933,11,0.0257700000,0.0081600000,9.702535200000e-03,4.742300000000e-01
20260933,12,0.0209900000,0.0064300000,9.892080200000e-03,4.790100000000e-01
20260933,13,0.0170600000,0.0052600000,1.004999700000e-02,4.829400000000e-01
20260933,14,0.0136300000,0.0044900000,1.018713960000e-02,4.863700000000e-01
20260933,15,0.0111300000,0.0033800000,1.028832600000e-02,4.888700000000e-01
20260933,16,0.0091600000,0.0026300000,1.036901280000e-02,4.908400000000e-01
20260933,17,0.0075700000,0.0021700000,1.043408500000e-02,4.924300000000e-01
20260933,18,0.0061500000,0.0018500000,1.049234260000e-02,4.938500000000e-01
20260933,19,0.0049600000,0.0015900000,1.053966160000e-02,4.950400000000e-01
20260933,20,0.0040400000,0.0012500000,1.057722720000e-02,4.959600000000e-01
20260933,21,0.0032100000,0.0010600000,1.061135480000e-02,4.967900000000e-01
20260933,22,0.0026600000,0.0006600000,1.063451860000e-02,4.973400000000e-01
20260933,23,0.0020700000,0.0007500000,1.065883180000e-02,4.979300000000e-01
20260933,24,0.0016800000,0.0005000000,1.067455060000e-02,4.983200000000e-01
20260933,25,0.0013200000,0.0004600000,1.069044180000e-02,4.986800000000e-01
20260933,26,0.0011400000,0.0002500000,1.069790660000e-02,4.988600000000e-01
20260933,27,0.0009600000,0.0002200000,1.070513860000e-02,4.990400000000e-01
20260933,28,0.0008000000,0.0001900000,1.071222440000e-02,4.992000000000e-01
20260933,29,0.0006300000,0.0002800000,1.071897920000e-02,4.993700000000e-01
20260933,30,0.0005500000,0.0001600000,1.072212640000e-02,4.994500000000e-01
20260934,0,0.2516100000,0.0000000000,3.305807200000e-03,2.484500000000e-01
20260934,1,0.2033500000,0.0635900000,4.267298200000e-03,2.966500000000e-01
20260934,2,0.1650000000,0.0512300000,5.186640600000e-03,3.350000000000e-01
20260934,3,0.1342800000,0.0408400000,6.030284000000e-03,3.657200000000e-01
20260934,4,0.1086300000,0.0337500000,6.805578600000e-03,3.913700000000e-01
20260934,5,0.0885700000,0.0260900000,7.448547400000e-03,4.114300000000e-01
20260934,6,0.0720800000,0.0216000000,8.007532200000e-03,4.279200000000e-01
20260934,7,0.0588200000,0.0175600000,8.474105200000e-03,4.411800000000e-01
20260934,8,0.0479200000,0.0145400000,8.871320600000e-03,4.520800000000e-01
20260934,9,0.0392200000,0.0116700000,9.196080800000e-03,4.607800000000e-01
20260934,10,0.0313700000,0.0102400000,9.497212800000e-03,4.686300000000e-01
20260934,11,0.0251200000,0.0081500000,9.736730000000e-03,4.748800000000e-01
20260934,12,0.0203200000,0.0065200000,9.926328400000e-03,4.796800000000e-01
20260934,13,0.0164400000,0.0050000000,1.008076580000e-02,4.835600000000e-01
20260934,14,0.0134200000,0.0040100000,1.020291440000e-02,4.865800000000e-01
20260934,15,0.0110400000,0.0031600000,1.029990000000e-02,4.889600000000e-01
20260934,16,0.0090200000,0.0027400000,1.038149240000e-02,4.909800000000e-01
20260934,17,0.0072500000,0.0022600000,1.045337760000e-02,4.927500000000e-01
20260934,18,0.0058300000,0.0018500000,1.051117980000e-02,4.941700000000e-01
20260934,19,0.0048800000,0.0012900000,1.055048200000e-02,4.951200000000e-01
20260934,20,0.0039300000,0.0011300000,1.058974780000e-02,4.960700000000e-01
20260934,21,0.0032000000,0.0010800000,1.062017480000e-02,4.968000000000e-01
20260934,22,0.0025400000,0.0008900000,1.064723300000e-02,4.974600000000e-01
20260934,23,0.0021900000,0.0005800000,1.066176800000e-02,4.978100000000e-01
20260934,24,0.0017200000,0.0006200000,1.068086820000e-02,4.982800000000e-01
20260934,25,0.0014700000,0.0003800000,1.069136440000e-02,4.985300000000e-01
20260934,26,0.0011600000,0.0004300000,1.070489720000e-02,4.988400000000e-01
20260934,27,0.0009700000,0.0002900000,1.071285800000e-02,4.990300000000e-01
20260934,28,0.0007900000,0.0002000000,1.072028180000e-02,4.992100000000e-01
20260934,29,0.0006900000,0.0001800000,1.072480280000e-02,4.993100000000e-01
20260934,30,0.0006100000,0.0001100000,1.072827960000e-02,4.993900000000e-01
20260935,0,0.2503300000,0.0000000000,3.351646200000e-03,2.502000000000e-01
20260935,1,0.2042100000,0.0622600000,4.264484800000e-03,2.957900000000e-01
20260935,2,0.1666300000,0.0506300000,5.156680000000e-03,3.333700000000e-01
20260935,3,0.1351400000,0.0414500000,6.006742000000e-03,3.648600000000e-01
20260935,4,0.1090800000,0.0348500000,6.792117000000e-03,3.909200000000e-01
20260935,5,0.0885000000,0.0269800000,7.452883400000e-03,4.115000000000e-01
20260935,6,0.0715700000,0.0220100000,8.029404400000e-03,4.284300000000e-01
20260935,7,0.0585100000,0.0176800000,8.496011000000e-03,4.414900000000e-01
20260935,8,0.0474000000,0.0146600000,8.900923800000e-03,4.526000000000e-01
20260935,9,0.0385000000,0.0120300000,9.233298800000e-03,4.615000000000e-01
20260935,10,0.0309800000,0.0099300000,9.522065000000e-03,4.690200000000e-01
20260935,11,0.0255800000,0.0076600000,9.730812800000e-03,4.744200000000e-01
20260935,12,0.0209400000,0.0062700000,9.913526800000e-03,4.790600000000e-01
20260935,13,0.0166900000,0.0054900000,1.008117860000e-02,4.833100000000e-01
20260935,14,0.0137200000,0.0041600000,1.020070200000e-02,4.862800000000e-01
20260935,15,0.0109700000,0.0035400000,1.030834500000e-02,4.890300000000e-01
20260935,16,0.0088700000,0.0027400000,1.039230320000e-02,4.911300000000e-01
20260935,17,0.0071400000,0.0022200000,1.046226800000e-02,4.928600000000e-01
20260935,18,0.0059100000,0.0016400000,1.051298640000e-02,4.940900000000e-01
20260935,19,0.0049300000,0.0012700000,1.055406860000e-02,4.950700000000e-01
20260935,20,0.0041900000,0.0011300000,1.058550840000e-02,4.958100000000e-01
20260935,21,0.0035500000,0.0009000000,1.061184820000e-02,4.964500000000e-01
20260935,22,0.0027800000,0.0009300000,1.064492220000e-02,4.972200000000e-01
20260935,23,0.0022900000,0.0006500000,1.066455440000e-02,4.977100000000e-01
20260935,24,0.0019200000,0.0005200000,1.067887640000e-02,4.980800000000e-01
20260935,25,0.0015300000,0.0005100000,1.069546020000e-02,4.984700000000e-01
20260935,26,0.0012100000,0.0004600000,1.070908100000e-02,4.987900000000e-01
20260935,27,0.0009400000,0.0003900000,1.072018200000e-02,4.990600000000e-01
20260935,28,0.0007100000,0.0003100000,1.073012360000e-02,4.992900000000e-01
20260935,29,0.0006000000,0.0001800000,1.073476580000e-02,4.994000000000e-01
20260935,30,0.0005200000,0.0001200000,1.073819940000e-02,4.994800000000e-01
20260936,0,0.2488300000,0.0000000000,3.377847400000e-03,2.515600000000e-01
20260936,1,0.2023500000,0.0619700000,4.319479600000e-03,2.976500000000e-01
20260936,2,0.1634900000,0.0515800000,5.261505200000e-03,3.365100000000e-01
20260936,3,0.1333400000,0.0408200000,6.092081000000e-03,3.666600000000e-01
20260936,4,0.1086500000,0.0327000000,6.832392000000e-03,3.913500000000e-01
20260936,5,0.0878400000,0.0274400000,7.503613400000e-03,4.121600000000e-01
20260936,6,0.0716000000,0.0218700000,8.053495800000e-03,4.284000000000e-01
20260936,7,0.0582500000,0.0180300000,8.524474200000e-03,4.417500000000e-01
20260936,8,0.0468700000,0.0149100000,8.938825800000e-03,4.531300000000e-01
20260936,9,0.0377000000,0.0119600000,9.284671200000e-03,4.623000000000e-01
20260936,10,0.0302400000,0.0095500000,9.574281600000e-03,4.697600000000e-01
20260936,11,0.0243700000,0.0075900000,9.802207800000e-03,4.756300000000e-01
20260936,12,0.0198600000,0.0062800000,9.982354200000e-03,4.801400000000e-01
20260936,13,0.0162300000,0.0048000000,1.012496940000e-02,4.837700000000e-01
20260936,14,0.0131100000,0.0039600000,1.024845160000e-02,4.868900000000e-01
20260936,15,0.0107900000,0.0031400000,1.034152860000e-02,4.892100000000e-01
20260936,16,0.0087700000,0.0026900000,1.042230420000e-02,4.912300000000e-01
20260936,17,0.0069900000,0.0023900000,1.049250220000e-02,4.930100000000e-01
20260936,18,0.0057700000,0.0017300000,1.054068160000e-02,4.942300000000e-01
20260936,19,0.0048200000,0.0013200000,1.057741700000e-02,4.951800000000e-01
20260936,20,0.0039000000,0.0011600000,1.061430860000e-02,4.961000000000e-01
20260936,21,0.0030900000,0.0009900000,1.064750900000e-02,4.969100000000e-01
20260936,22,0.0024900000,0.0007900000,1.067274580000e-02,4.975100000000e-01
20260936,23,0.0020000000,0.0006100000,1.069339820000e-02,4.980000000000e-01
20260936,24,0.0016900000,0.0004300000,1.070645400000e-02,4.983100000000e-01
20260936,25,0.0014700000,0.0003000000,1.071557660000e-02,4.985300000000e-01
20260936,26,0.0011800000,0.0004100000,1.072726360000e-02,4.988200000000e-01
20260936,27,0.0010000000,0.0002200000,1.073499640000e-02,4.990000000000e-01
20260936,28,0.0007900000,0.0002700000,1.074277420000e-02,4.992100000000e-01
20260936,29,0.0006700000,0.0001900000,1.074781160000e-02,4.993300000000e-01
20260936,30,0.0005600000,0.0001700000,1.075243700000e-02,4.994400000000e-01
