seed,t_best,U_best,U_at_t0,U_at_T
20260917,0,3.356310400000e-03,3.356310400000e-03,1.074750300000e-02
20260918,0,3.336537600000e-03,3.336537600000e-03,1.071998160000e-02
20260919,0,3.375496200000e-03,3.375496200000e-03,1.075257100000e-02
20260920,0,3.352545200000e-03,3.352545200000e-03,1.072644740000e-02
20260921,0,3.307920400000e-03,3.307920400000e-03,1.068376700000e-02
20260922,0,3.346405000000e-03,3.346405000000e-03,1.074642520000e-02
20260923,0,3.404969800000e-03,3.404969800000e-03,1.075097900000e-02
20260924,0,3.350181600000e-03,3.350181600000e-03,1.071350700000e-02
20260925,0,3.344147800000e-03,3.344147800000e-03,1.072800580000e-02
20260926,0,3.362540000000e-03,3.362540000000e-03,1.073625060000e-02
20260927,0,3.321821600000e-03,3.321821600000e-03,1.071291500000e-02
20260928,0,3.305058400000e-03,3.305058400000e-03,1.072485000000e-02
20260929,0,3.291965400000e-03,3.291965400000e-03,1.067661700000e-02
20260930,0,3.319913400000e-03,3.319913400000e-03,1.070529540000e-02
20260931,0,3.327973200000e-03,3.327973200000e-03,1.070367120000e-02
20260932,0,3.374726400000e-03,3.374726400000e-03,1.075946860000e-02
20260933,0,3.280559200000e-03,3.280559200000e-03,1.072212640000e-02
20260934,0,3.305807200000e-03,3.305807200000e-03,1.072827960000e-02
20260935,0,3.351646200000e-03,3.351646200000e-03,1.073819940000e-02
20260936,0,3.377847400000e-03,3.377847400000e-03,1.075243700000e-02
