t,near_mass,removed_mass,U_L2,TV
0,0.7500000000,0.0000000000,3.333000000000e-03,2.500000000000e-01
1,0.7031250000,0.1875000000,2.603785156250e-03,2.115562500000e-01
2,0.6591796875,0.1757812500,2.109343399048e-03,1.875367187500e-01
3,0.6179809570,0.1647949219,1.812090817034e-03,1.729852050781e-01
4,0.5793571472,0.1544952393,1.679566822985e-03,1.653164291382e-01
5,0.5431473255,0.1448392868,1.683777992071e-03,1.630409463882e-01
6,0.5092006177,0.1357868314,1.800623592146e-03,1.652493493259e-01
7,0.4773755791,0.1273001544,2.009392774005e-03,1.714723945785e-01
8,0.4475396054,0.1193438948,2.292324613064e-03,1.812339882189e-01
9,0.4195683800,0.1118849013,2.634223268781e-03,1.943644132834e-01
10,0.3933453563,0.1048920950,3.022121472324e-03,2.107756608797e-01
11,0.3687612715,0.0983363391,3.444986382313e-03,2.302405319243e-01
12,0.3457136920,0.0921903179,3.893462576981e-03,2.498073650831e-01
13,0.3241065863,0.0864284230,4.359647590926e-03,2.682976272882e-01
14,0.3038499247,0.0810266466,4.836895966597e-03,2.859290255827e-01
15,0.2848593044,0.0759624812,5.319648284205e-03,3.024704312227e-01
16,0.2670555978,0.0712148261,5.803282067193e-03,3.182160292713e-01
17,0.2503646230,0.0667638995,6.283981840997e-03,3.329775274419e-01
18,0.2347168340,0.0625911557,6.758625957090e-03,3.469181697674e-01
19,0.2200470319,0.0586792085,7.224688087740e-03,3.600857841570e-01
20,0.2062940924,0.0550117580,7.680151554592e-03,3.724304226472e-01
21,0.1934007116,0.0515735231,8.123434880381e-03,3.840053524074e-01
22,0.1813131672,0.0483501779,8.553327151682e-03,3.950050178819e-01
23,0.1699810942,0.0453282918,8.968931954889e-03,4.053172042643e-01
24,0.1593572758,0.0424952736,9.369618800646e-03,4.149848789978e-01
25,0.1493974461,0.0398393190,9.754981086196e-03,4.240483240604e-01
26,0.1400601057,0.0373493615,1.012479976297e-02,4.325453038066e-01
27,0.1313063491,0.0350150264,1.047901198012e-02,4.405880686692e-01
28,0.1230997023,0.0328265873,1.081768406545e-02,4.481513143773e-01
29,0.1154059709,0.0307749256,1.114098828467e-02,4.552418572288e-01
30,0.1081930977,0.0288514927,1.144918288992e-02,4.618892411520e-01
