t,mc_mean_U_L2,mc_std_U_L2,mc_mean_TV,det_U_L2,mc_mean_minus_det_U_L2,noise_floor_U_L2
0,1.025138000000e-05,1.285809872006e-06,1.275500000000e-02,5.814502872727e-32,1.025138000000e-05,9.900000000000e-06
1,1.645593700000e-04,8.595243031811e-06,6.214100000000e-02,1.562500000000e-04,8.309370000000e-06,9.900000000000e-06
2,5.558461200000e-04,1.520329588594e-05,1.168035000000e-01,5.493164062500e-04,6.529713750000e-06,9.900000000000e-06
3,1.097088190000e-03,1.989158369536e-05,1.648320000000e-01,1.089515686035e-03,7.572503964844e-06,9.900000000000e-06
4,1.719187750000e-03,2.490670939324e-05,2.067065000000e-01,1.712456345558e-03,6.731404441834e-06,9.900000000000e-06
5,2.379369670000e-03,2.445493810577e-05,2.433675000000e-01,2.372577050701e-03,6.792619299216e-06,9.900000000000e-06
6,3.040491650000e-03,2.696834919639e-05,2.752440000000e-01,3.038266007934e-03,2.225642066002e-06,9.900000000000e-06
7,3.689290190000e-03,3.033983343739e-05,3.032795000000e-01,3.688182652879e-03,1.107537120724e-06,9.900000000000e-06
8,4.309345640000e-03,3.595218364290e-05,3.278385000000e-01,4.308492554096e-03,8.530859038451e-07,9.900000000000e-06
9,4.891673960000e-03,3.812034210608e-05,3.493405000000e-01,4.890795108405e-03,8.788515953552e-07,9.900000000000e-06
10,5.432457720000e-03,3.143096187321e-05,3.681810000000e-01,5.430576064463e-03,1.881655537264e-06,9.900000000000e-06
11,5.927549110000e-03,3.375487161319e-05,3.846260000000e-01,5.926056976496e-03,1.492133504095e-06,9.900000000000e-06
12,6.378450500000e-03,3.005609339047e-05,3.990095000000e-01,6.377344277629e-03,1.106222371396e-06,9.900000000000e-06
13,6.786427370000e-03,2.905248380231e-05,4.115890000000e-01,6.785804004433e-03,6.233655665414e-07,9.900000000000e-06
14,7.160505200000e-03,2.690739013048e-05,4.227950000000e-01,7.153606008784e-03,6.899191215830e-06,9.900000000000e-06
15,7.488208720000e-03,2.284864264930e-05,4.323765000000e-01,7.483395066129e-03,4.813653871047e-06,9.900000000000e-06
16,7.785214050000e-03,2.140002068045e-05,4.408785000000e-01,7.778056629952e-03,7.157420048143e-06,9.900000000000e-06
17,8.053117160000e-03,2.398445360168e-05,4.484125000000e-01,8.040552854448e-03,1.256430555209e-05,9.900000000000e-06
18,8.289136530000e-03,2.186470861450e-05,4.549420000000e-01,8.273810495435e-03,1.532603456493e-05,9.900000000000e-06
19,8.494164700000e-03,2.131406250249e-05,4.605415000000e-01,8.480646849785e-03,1.351785021518e-05,9.900000000000e-06
20,8.675519750000e-03,1.699916662018e-05,4.654375000000e-01,8.663723347432e-03,1.179640256833e-05,9.900000000000e-06
21,8.835879320000e-03,2.073359446598e-05,4.697230000000e-01,8.825519028059e-03,1.036029194059e-05,9.900000000000e-06
22,8.976919610000e-03,1.961930256548e-05,4.734635000000e-01,8.968318116017e-03,8.601493982746e-06,9.900000000000e-06
23,9.104256500000e-03,1.843513822374e-05,4.768140000000e-01,9.094207403965e-03,1.004909603492e-05,9.900000000000e-06
24,9.215707090000e-03,1.687328906551e-05,4.797265000000e-01,9.205080284251e-03,1.062680574855e-05,9.900000000000e-06
25,9.313540030000e-03,1.784756281274e-05,4.822700000000e-01,9.302645115647e-03,1.089491435312e-05,9.900000000000e-06
26,9.397419420000e-03,1.753641845519e-05,4.844395000000e-01,9.388436249307e-03,8.983170693110e-06,9.900000000000e-06
27,9.472415710000e-03,1.673874626047e-05,4.863725000000e-01,9.463826513185e-03,8.589196814637e-06,9.900000000000e-06
28,9.538129800000e-03,1.599702263785e-05,4.880590000000e-01,9.530040307741e-03,8.089492258893e-06,9.900000000000e-06
29,9.596883990000e-03,1.403997003423e-05,4.895620000000e-01,9.588166727500e-03,8.717262500096e-06,9.900000000000e-06
30,9.648405120000e-03,1.406999914254e-05,4.908760000000e-01,9.639172315517e-03,9.232804482978e-06,9.900000000000e-06
