t,U_L2,U_density,D_max,a_t,near_mass_05
0,3.333000e-03,3.333000e-01,2.500000e-01,0.5000,0.750000
100,1.703959e-04,1.703959e-02,3.091936e-02,0.7300,0.515312
500,8.594702e-05,8.594702e-03,2.297309e-02,0.1900,0.511190
1000,7.067151e-05,7.067151e-03,1.643130e-14,1.0000,0.487226
2000,7.067151e-05,7.067151e-03,1.643130e-14,1.0000,0.487226
5000,7.067151e-05,7.067151e-03,1.643130e-14,1.0000,0.487226
best(653),3.820897e-05,3.820897e-03,1.118818e-02,0.5800,0.505771
last100:U_L2,7.067151e-05,,,win min=7.0672e-05 max=7.0672e-05 mean=7.0672e-05 std=1.355e-20,
last100:U_density,,7.067151e-03,,win min=7.0672e-03 max=7.0672e-03 mean=7.0672e-03 std=2.602e-18,
last100:D_max,,,1.643130e-14,win min=1.6431e-14 max=1.6431e-14 mean=1.6431e-14 std=0.000e+00,
last500:U_L2,7.067151e-05,,,win min=7.0672e-05 max=7.0672e-05 mean=7.0672e-05 std=1.355e-20,
last500:U_density,,7.067151e-03,,win min=7.0672e-03 max=7.0672e-03 mean=7.0672e-03 std=8.674e-19,
last500:D_max,,,1.643130e-14,win min=1.6431e-14 max=1.6431e-14 mean=1.6431e-14 std=0.000e+00,
