t,a_before,a_after,jump,new_position_in_before_A5pct,old_position_in_after_A5pct,classification,D_max_before,D_max_after
625,0.0600,0.9800,0.9200,False,False,peak switch,2.040773e-03,1.149988e-03
594,0.0900,0.9900,0.9000,False,False,peak switch,3.316816e-03,1.047641e-03
642,0.0700,0.9600,0.8900,False,False,peak switch,2.225558e-03,1.547509e-03
414,0.1100,0.9900,0.8800,False,False,peak switch,6.544404e-03,3.641775e-03
582,0.0800,0.9600,0.8800,False,False,peak switch,3.119886e-03,1.837188e-03
680,0.0900,0.9700,0.8800,False,False,peak switch,4.576121e-03,1.650999e-03
340,0.1300,0.9900,0.8600,False,False,peak switch,9.081709e-03,4.717901e-03
545,0.1400,0.9700,0.8300,False,False,peak switch,1.075727e-02,2.971720e-03
202,0.1600,0.9800,0.8200,False,False,peak switch,1.487367e-02,6.953660e-03
655,0.1700,0.9900,0.8200,False,False,peak switch,5.300980e-03,1.906942e-04
228,0.1800,0.9900,0.8100,False,False,peak switch,1.920007e-02,6.354656e-03
572,0.1100,0.9200,0.8100,False,False,peak switch,7.432342e-03,6.065256e-03
263,0.1700,0.9800,0.8100,False,False,peak switch,1.250924e-02,6.100024e-03
277,0.1300,0.9300,0.8000,False,False,peak switch,9.789196e-03,7.212669e-03
214,0.1500,0.9500,0.8000,False,False,peak switch,1.375181e-02,8.921089e-03
294,0.1300,0.9200,0.7900,False,False,peak switch,8.948628e-03,6.371971e-03
300,0.2000,0.9900,0.7900,False,False,peak switch,1.281676e-02,5.301569e-03
651,0.1000,0.8900,0.7900,False,False,peak switch,4.055930e-03,2.929490e-03
442,0.2100,0.9800,0.7700,False,False,peak switch,1.845517e-02,3.792424e-03
174,0.1800,0.9400,0.7600,False,False,peak switch,1.908001e-02,1.126911e-02
407,0.1700,0.9300,0.7600,False,False,peak switch,1.828986e-02,4.580660e-03
436,0.1500,0.9100,0.7600,False,False,peak switch,1.364952e-02,6.244401e-03
690,0.1700,0.9300,0.7600,False,False,peak switch,1.380565e-02,3.073269e-03
106,0.2200,0.9700,0.7500,False,False,peak switch,2.472826e-02,1.368649e-02
400,0.2100,0.9600,0.7500,False,False,peak switch,1.525544e-02,4.469217e-03
476,0.1400,0.8900,0.7500,True,False,peak switch,1.203968e-02,1.133052e-02
494,0.2200,0.9700,0.7500,False,False,peak switch,2.034417e-02,4.453902e-03
562,0.2300,0.9800,0.7500,False,False,peak switch,9.046773e-03,1.976129e-03
619,0.1500,0.9000,0.7500,False,False,peak switch,1.297272e-02,4.203779e-03
666,0.1900,0.9400,0.7500,False,False,peak switch,1.896298e-02,6.625621e-03
674,0.1600,0.9100,0.7500,False,False,peak switch,1.541750e-02,3.821914e-03
239,0.1900,0.9100,0.7200,False,False,peak switch,2.070131e-02,1.105703e-02
307,0.1800,0.9000,0.7200,False,False,peak switch,1.872268e-02,1.479434e-02
325,0.2400,0.9600,0.7200,False,False,peak switch,1.064033e-02,5.991850e-03
331,0.1900,0.9100,0.7200,False,False,peak switch,1.743579e-02,9.117197e-03
362,0.1700,0.8900,0.7200,False,False,peak switch,1.772873e-02,8.832668e-03
366,0.2600,0.9700,0.7100,False,False,peak switch,2.025926e-02,5.570429e-03
559,0.1600,0.8700,0.7100,False,False,peak switch,1.522548e-02,2.567341e-03
98,0.2100,0.9100,0.7000,False,False,peak switch,2.722927e-02,1.711908e-02
69,0.2600,0.9600,0.7000,False,False,peak switch,3.142543e-02,2.020857e-02
143,0.1900,0.8900,0.7000,False,False,peak switch,2.208777e-02,1.987506e-02
469,0.2900,0.9900,0.7000,False,False,peak switch,1.251061e-02,2.840940e-03
587,0.1900,0.8900,0.7000,False,False,peak switch,1.485045e-02,6.121869e-03
62,0.2300,0.9200,0.6900,False,False,peak switch,2.991710e-02,2.403303e-02
113,0.2400,0.9300,0.6900,False,False,peak switch,2.508066e-02,1.614359e-02
190,0.2100,0.9000,0.6900,False,False,peak switch,2.631604e-02,1.309728e-02
222,0.2300,0.9200,0.6900,False,False,peak switch,2.500507e-02,8.169415e-03
461,0.2300,0.9200,0.6900,False,False,peak switch,5.336486e-03,3.948951e-03
394,0.1800,0.8700,0.6900,False,False,peak switch,1.892679e-02,8.577996e-03
449,0.1900,0.8800,0.6900,False,False,peak switch,2.020637e-02,1.082647e-02
254,0.1500,0.8300,0.6800,False,False,peak switch,1.283190e-02,1.068373e-02
288,0.1900,0.8700,0.6800,False,False,peak switch,1.935013e-02,1.475378e-02
453,0.2600,0.9400,0.6800,False,False,peak switch,1.761774e-02,6.647221e-03
380,0.3100,0.9800,0.6700,False,False,peak switch,2.016090e-02,4.657692e-03
525,0.1600,0.8300,0.6700,False,False,peak switch,1.526107e-02,9.006095e-03
41,0.2300,0.8900,0.6600,False,False,peak switch,3.454803e-02,3.197810e-02
76,0.2300,0.8900,0.6600,False,False,peak switch,3.294667e-02,2.243545e-02
195,0.2700,0.9300,0.6600,False,False,peak switch,2.766880e-02,8.099982e-03
209,0.2200,0.8800,0.6600,False,False,peak switch,2.185757e-02,1.472562e-02
635,0.2600,0.9200,0.6600,False,False,peak switch,1.972461e-02,4.632299e-03
243,0.3000,0.9600,0.6600,False,False,peak switch,2.567266e-02,9.453884e-03
52,0.2200,0.8700,0.6500,False,False,peak switch,3.080076e-02,2.652044e-02
132,0.2700,0.9200,0.6500,False,False,peak switch,1.839964e-02,1.123299e-02
154,0.2100,0.8600,0.6500,False,False,peak switch,2.368434e-02,1.873815e-02
164,0.2300,0.8800,0.6500,False,False,peak switch,3.066653e-02,2.125955e-02
390,0.2700,0.9200,0.6500,False,False,peak switch,1.378881e-02,8.463263e-03
466,0.2000,0.8500,0.6500,False,False,peak switch,1.727871e-02,3.726362e-03
480,0.3100,0.9600,0.6500,False,False,peak switch,1.946587e-02,7.036916e-03
631,0.2000,0.8500,0.6500,False,False,peak switch,1.908461e-02,1.197701e-02
35,0.2900,0.9300,0.6400,False,False,peak switch,4.382260e-02,3.549634e-02
28,0.2700,0.9100,0.6400,False,False,peak switch,4.780144e-02,4.238763e-02
270,0.2400,0.8800,0.6400,False,False,peak switch,2.820334e-02,1.488947e-02
421,0.2500,0.8900,0.6400,False,False,peak switch,3.449674e-02,1.459421e-02
458,0.1600,0.8000,0.6400,True,False,peak switch,1.417544e-02,1.176978e-02
136,0.3400,0.9800,0.6400,False,False,peak switch,2.758272e-02,1.093494e-02
346,0.2100,0.8400,0.6300,False,False,peak switch,1.701947e-02,1.457212e-02
378,0.1600,0.7900,0.6300,False,False,peak switch,1.549689e-02,8.843716e-03
662,0.2400,0.8700,0.6300,False,False,peak switch,2.394434e-02,1.052233e-02
88,0.3400,0.9700,0.6300,False,False,peak switch,3.333542e-02,1.617947e-02
568,0.1900,0.8200,0.6300,False,False,peak switch,1.777915e-02,1.177639e-02
128,0.2200,0.8400,0.6200,False,False,peak switch,2.211002e-02,1.739775e-02
56,0.3300,0.9500,0.6200,False,False,peak switch,2.940203e-02,2.416360e-02
80,0.3200,0.9400,0.6200,False,False,peak switch,3.823265e-02,1.756367e-02
168,0.3000,0.9100,0.6100,False,False,peak switch,3.168208e-02,1.556049e-02
425,0.1900,0.8000,0.6100,False,False,peak switch,2.143098e-02,1.180079e-02
337,0.8600,0.2500,0.6100,False,False,peak switch,6.541231e-03,2.810982e-02
684,0.2300,0.8400,0.6100,False,False,peak switch,2.077435e-02,1.543187e-02
528,0.3400,0.9500,0.6100,False,False,peak switch,1.053525e-02,7.149557e-03
538,0.3300,0.9400,0.6100,False,False,peak switch,1.172819e-02,4.190282e-03
121,0.1800,0.7800,0.6000,False,False,peak switch,2.079291e-02,1.503178e-02
118,0.2700,0.8700,0.6000,False,False,peak switch,2.579612e-02,1.619517e-02
181,0.8500,0.2500,0.6000,False,False,peak switch,1.098707e-02,3.604685e-02
433,0.8600,0.2600,0.6000,False,False,peak switch,1.191608e-02,3.630813e-02
522,0.8700,0.2700,0.6000,False,False,peak switch,1.527341e-02,4.028605e-02
354,0.8100,0.2200,0.5900,False,False,peak switch,1.225013e-02,2.450328e-02
615,0.2000,0.7900,0.5900,False,False,peak switch,2.362279e-02,1.951973e-02
639,0.7700,0.1800,0.5900,False,False,peak switch,1.272182e-02,2.005776e-02
213,0.7400,0.1500,0.5900,False,False,peak switch,1.295802e-02,1.375181e-02
322,0.1700,0.7600,0.5900,False,False,peak switch,1.755951e-02,1.357451e-02
612,0.3600,0.9500,0.5900,False,False,peak switch,1.491476e-02,3.346554e-03
694,0.2700,0.8600,0.5900,False,False,peak switch,2.410334e-02,5.482191e-03
516,0.4100,0.9900,0.5800,False,False,peak switch,1.444731e-02,2.152803e-03
698,0.6500,0.0700,0.5800,False,False,peak switch,3.501551e-03,2.961408e-03
427,0.3700,0.9500,0.5800,False,False,peak switch,2.635190e-02,7.402820e-03
576,0.2800,0.8600,0.5800,False,False,peak switch,2.966520e-02,5.185667e-03
681,0.9700,0.3900,0.5800,False,False,peak switch,1.650999e-03,4.144367e-02
315,0.2600,0.8300,0.5700,False,False,peak switch,3.697908e-02,2.403303e-02
251,0.8900,0.3300,0.5600,False,False,peak switch,1.304487e-02,3.602384e-02
319,0.3200,0.8800,0.5600,False,False,peak switch,2.900885e-02,1.061808e-02
579,0.2200,0.7800,0.5600,False,False,peak switch,2.138277e-02,3.070614e-03
650,0.6600,0.1000,0.5600,False,False,peak switch,5.964637e-03,4.055930e-03
84,0.2700,0.8300,0.5600,False,False,peak switch,4.060993e-02,2.500862e-02
235,0.2500,0.8000,0.5500,False,False,peak switch,2.926282e-02,2.076591e-02
247,0.7800,0.2300,0.5500,False,False,peak switch,2.675579e-02,3.008136e-02
501,0.1900,0.7400,0.5500,False,False,peak switch,2.297309e-02,1.543875e-02
511,0.3500,0.9000,0.5500,False,False,peak switch,7.486463e-03,3.286411e-03
514,0.2200,0.7700,0.5500,False,False,peak switch,1.588803e-02,4.936590e-03
571,0.6600,0.1100,0.5500,False,False,peak switch,8.839982e-03,7.432342e-03
591,0.2600,0.8100,0.5500,False,False,peak switch,1.801931e-02,3.639263e-03
151,0.9500,0.4000,0.5500,False,False,peak switch,1.195786e-02,4.730992e-02
257,0.9400,0.3900,0.5500,False,False,peak switch,7.005811e-03,5.131361e-02
312,0.4000,0.9500,0.5500,False,False,peak switch,1.653120e-02,9.720944e-03
159,0.4400,0.9800,0.5400,False,False,peak switch,2.051507e-02,9.551590e-03
229,0.9900,0.4500,0.5400,False,False,peak switch,6.354656e-03,5.808304e-02
273,0.3100,0.8500,0.5400,False,False,peak switch,2.406097e-02,1.091849e-02
443,0.9800,0.4400,0.5400,False,False,peak switch,3.792424e-03,5.064772e-02
495,0.9700,0.4300,0.5400,False,False,peak switch,4.453902e-03,5.334170e-02
503,0.3900,0.9300,0.5400,False,False,peak switch,1.943773e-02,7.272294e-03
542,0.8000,0.2600,0.5400,False,False,peak switch,1.650324e-02,2.958377e-02
641,0.6100,0.0700,0.5400,False,False,peak switch,7.284739e-03,2.225558e-03
509,0.1600,0.7000,0.5400,False,False,peak switch,1.554125e-02,8.594949e-03
123,0.4300,0.9600,0.5300,False,False,peak switch,2.680445e-02,1.204078e-02
140,0.2900,0.8200,0.5300,False,False,peak switch,4.495417e-02,2.837281e-02
238,0.7200,0.1900,0.5300,False,False,peak switch,1.347501e-02,2.070131e-02
387,0.2200,0.7500,0.5300,False,False,peak switch,2.494823e-02,1.632626e-02
475,0.6700,0.1400,0.5300,False,False,peak switch,1.807973e-02,1.203968e-02
552,0.2400,0.7700,0.5300,False,False,peak switch,2.865455e-02,9.506569e-03
643,0.9600,0.4300,0.5300,False,False,peak switch,1.547509e-03,4.745586e-02
646,0.3000,0.8300,0.5300,False,False,peak switch,3.296630e-02,1.265944e-02
14,0.3400,0.8600,0.5200,False,False,peak switch,8.943269e-02,7.074376e-02
66,0.3200,0.8400,0.5200,False,False,peak switch,4.178479e-02,2.592543e-02
102,0.3300,0.8500,0.5200,False,False,peak switch,4.077801e-02,1.607163e-02
339,0.6500,0.1300,0.5200,False,False,peak switch,1.469817e-02,9.081709e-03
401,0.9600,0.4400,0.5200,False,False,peak switch,4.469217e-03,4.538824e-02
404,0.3000,0.8200,0.5200,False,False,peak switch,2.901743e-02,1.076834e-02
408,0.9300,0.4100,0.5200,False,False,peak switch,4.580660e-03,4.647699e-02
465,0.7200,0.2000,0.5200,False,False,peak switch,1.049927e-02,1.727871e-02
473,0.7700,0.2500,0.5200,False,False,peak switch,2.579734e-02,3.141021e-02
498,0.3300,0.8500,0.5200,False,False,peak switch,2.737341e-02,1.853490e-02
506,0.2900,0.8100,0.5200,False,False,peak switch,3.485447e-02,1.646510e-02
544,0.6600,0.1400,0.5200,False,False,peak switch,1.133591e-02,1.075727e-02
558,0.6800,0.1600,0.5200,False,False,peak switch,1.142009e-02,1.522548e-02
620,0.9000,0.3800,0.5200,False,False,peak switch,4.203779e-03,3.620459e-02
92,0.7900,0.2800,0.5100,False,False,peak switch,3.117117e-02,4.602182e-02
147,0.7700,0.2600,0.5100,False,False,peak switch,2.257950e-02,2.723933e-02
187,0.3100,0.8200,0.5100,False,False,peak switch,4.398137e-02,2.020146e-02
199,0.3200,0.8300,0.5100,False,False,peak switch,3.027130e-02,1.246575e-02
232,0.3500,0.8600,0.5100,False,False,peak switch,3.452515e-02,2.441100e-02
260,0.2500,0.7600,0.5100,False,False,peak switch,2.969568e-02,1.627731e-02
375,0.9000,0.3900,0.5100,False,False,peak switch,8.288848e-03,4.507401e-02
446,0.3100,0.8200,0.5100,False,False,peak switch,3.107925e-02,1.957296e-02
491,0.2800,0.7900,0.5100,False,False,peak switch,3.060579e-02,1.481680e-02
531,0.2400,0.7500,0.5100,False,False,peak switch,2.771222e-02,2.191627e-02
624,0.5700,0.0600,0.5100,False,False,peak switch,3.744101e-03,2.040773e-03
656,0.9900,0.4800,0.5100,False,False,peak switch,1.906942e-04,4.545667e-02
133,0.9200,0.4200,0.5000,False,False,peak switch,1.123299e-02,4.004104e-02
163,0.7300,0.2300,0.5000,False,False,peak switch,3.242568e-02,3.066653e-02
184,0.9700,0.4700,0.5000,False,False,peak switch,8.583089e-03,5.784468e-02
282,0.4700,0.9700,0.5000,False,False,peak switch,1.068786e-02,5.948877e-03
411,0.2600,0.7600,0.5000,False,False,peak switch,2.086379e-02,9.637475e-03
435,0.6500,0.1500,0.5000,False,False,peak switch,2.238790e-02,1.364952e-02
618,0.6500,0.1500,0.5000,False,False,peak switch,1.160256e-02,1.297272e-02
626,0.9800,0.4800,0.5000,False,False,peak switch,1.149988e-03,4.364850e-02
691,0.9300,0.4300,0.5000,False,False,peak switch,3.073269e-03,4.137548e-02
70,0.9600,0.4600,0.5000,False,False,peak switch,2.020857e-02,6.245139e-02
218,0.3400,0.8400,0.5000,False,False,peak switch,3.061673e-02,1.682455e-02
586,0.6900,0.1900,0.5000,False,False,peak switch,1.562711e-02,1.485045e-02
598,0.3400,0.8400,0.5000,False,False,peak switch,4.369132e-02,1.604408e-02
670,0.3200,0.8200,0.5000,False,False,peak switch,3.902439e-02,1.155254e-02
21,0.3000,0.7900,0.4900,False,False,peak switch,6.684810e-02,5.643900e-02
157,0.3100,0.8000,0.4900,False,False,peak switch,2.052409e-02,1.394221e-02
391,0.9200,0.4300,0.4900,False,False,peak switch,8.463263e-03,3.657755e-02
393,0.6700,0.1800,0.4900,False,False,peak switch,1.929960e-02,1.892679e-02
554,0.4200,0.9100,0.4900,False,False,peak switch,2.451758e-02,6.499129e-03
384,0.3600,0.8500,0.4900,False,False,peak switch,4.108345e-02,1.927543e-02
417,0.3500,0.8400,0.4900,False,False,peak switch,3.626143e-02,2.551856e-02
546,0.9700,0.4800,0.4900,False,False,peak switch,2.971720e-03,5.580909e-02
549,0.3500,0.8400,0.4900,False,False,peak switch,4.008260e-02,1.735856e-02
652,0.8900,0.4000,0.4900,False,False,peak switch,2.929490e-03,3.627667e-02
487,0.2000,0.6900,0.4900,False,False,peak switch,2.221298e-02,1.358634e-02
348,0.4500,0.9300,0.4800,False,False,peak switch,2.964041e-02,1.158370e-02
379,0.7900,0.3100,0.4800,False,False,peak switch,8.843716e-03,2.016090e-02
665,0.6700,0.1900,0.4800,False,False,peak switch,2.078488e-02,1.896298e-02
18,0.4000,0.8800,0.4800,False,False,peak switch,7.671957e-02,5.892432e-02
95,0.8800,0.4000,0.4800,True,False,peak switch,2.201575e-02,6.003441e-02
194,0.7500,0.2700,0.4800,False,False,peak switch,1.677295e-02,2.766880e-02
221,0.7100,0.2300,0.4800,False,False,peak switch,1.562851e-02,2.500507e-02
341,0.9900,0.5100,0.4800,False,False,peak switch,4.717901e-03,6.026069e-02
370,0.3500,0.8300,0.4800,False,False,peak switch,4.396914e-02,1.949422e-02
524,0.6400,0.1600,0.4800,False,False,peak switch,2.306286e-02,1.526107e-02
536,0.2100,0.6900,0.4800,False,False,peak switch,2.449951e-02,1.359132e-02
679,0.5700,0.0900,0.4800,False,False,peak switch,4.358259e-03,4.576121e-03
569,0.8200,0.3400,0.4800,False,False,peak switch,1.177639e-02,2.422046e-02
44,0.8100,0.3400,0.4700,False,False,peak switch,3.591873e-02,5.061692e-02
363,0.8900,0.4200,0.4700,False,False,peak switch,8.832668e-03,3.774830e-02
450,0.8800,0.4100,0.4700,False,False,peak switch,1.082647e-02,3.923893e-02
607,0.4100,0.8800,0.4700,False,False,peak switch,2.459965e-02,8.216144e-03
628,0.8100,0.3400,0.4700,False,False,peak switch,2.646733e-02,4.586711e-02
659,0.3300,0.8000,0.4700,False,False,peak switch,4.005556e-02,1.961816e-02
687,0.3100,0.7800,0.4700,False,False,peak switch,1.281050e-02,8.220149e-03
127,0.6900,0.2200,0.4700,False,False,peak switch,2.763836e-02,2.211002e-02
269,0.7100,0.2400,0.4700,False,False,peak switch,2.091892e-02,2.820334e-02
357,0.9400,0.4700,0.4700,False,False,peak switch,6.979580e-03,5.336591e-02
484,0.3600,0.8300,0.4700,False,False,peak switch,4.444997e-02,1.975876e-02
266,0.3500,0.8100,0.4600,False,False,peak switch,3.768971e-02,2.683782e-02
601,0.2100,0.6700,0.4600,False,False,peak switch,2.247586e-02,1.447011e-02
49,0.2900,0.7500,0.4600,False,False,peak switch,4.926440e-02,3.955715e-02
177,0.7900,0.3300,0.4600,True,False,peak switch,2.784280e-02,5.047199e-02
225,0.3100,0.7700,0.4600,False,False,peak switch,2.589200e-02,1.632903e-02
359,0.3100,0.7700,0.4600,False,False,peak switch,2.652806e-02,1.871758e-02
397,0.3200,0.7800,0.4600,False,False,peak switch,1.703729e-02,7.737420e-03
422,0.8900,0.4300,0.4600,False,False,peak switch,1.459421e-02,4.723620e-02
533,0.4200,0.8800,0.4600,False,False,peak switch,2.577124e-02,9.134491e-03
605,0.3000,0.7600,0.4600,False,False,peak switch,3.307223e-02,1.992138e-02
150,0.4900,0.9500,0.4600,False,False,peak switch,1.575686e-02,1.195786e-02
248,0.2300,0.6900,0.4600,False,False,peak switch,3.008136e-02,1.877856e-02
253,0.6100,0.1500,0.4600,False,False,peak switch,1.849972e-02,1.283190e-02
256,0.4800,0.9400,0.4600,False,False,peak switch,2.594939e-02,7.005811e-03
297,0.3600,0.8200,0.4600,False,False,peak switch,3.311064e-02,1.071419e-02
610,0.2400,0.7000,0.4600,False,False,peak switch,3.191204e-02,1.099404e-02
677,0.7400,0.2800,0.4600,True,False,peak switch,1.471606e-02,3.141831e-02
73,0.3600,0.8100,0.4500,False,False,peak switch,3.852930e-02,3.078324e-02
110,0.3600,0.8100,0.4500,False,False,peak switch,5.207640e-02,2.224374e-02
573,0.9200,0.4700,0.4500,False,False,peak switch,6.065256e-03,4.265680e-02
683,0.6800,0.2300,0.4500,False,False,peak switch,2.562084e-02,2.077435e-02
169,0.9100,0.4600,0.4500,False,False,peak switch,1.556049e-02,4.972731e-02
291,0.3000,0.7500,0.4500,False,False,peak switch,2.479112e-02,1.407408e-02
304,0.3300,0.7800,0.4500,False,False,peak switch,4.632943e-02,2.150167e-02
336,0.4100,0.8600,0.4500,False,False,peak switch,1.491104e-02,6.541231e-03
373,0.2000,0.6500,0.4500,False,False,peak switch,2.229409e-02,1.357357e-02
697,0.2000,0.6500,0.4500,False,False,peak switch,1.666256e-02,3.501551e-03
27,0.7200,0.2700,0.4500,False,False,peak switch,4.976097e-02,4.780144e-02
215,0.9500,0.5000,0.4500,False,False,peak switch,8.921089e-03,5.501318e-02
367,0.9700,0.5200,0.4500,False,False,peak switch,5.570429e-03,5.357482e-02
381,0.9800,0.5300,0.4500,False,False,peak switch,4.657692e-03,5.777654e-02
420,0.7000,0.2500,0.4500,False,False,peak switch,2.521993e-02,3.449674e-02
673,0.6100,0.1600,0.4500,False,False,peak switch,1.437040e-02,1.541750e-02
196,0.9300,0.4900,0.4400,False,False,peak switch,8.099982e-03,5.385276e-02
285,0.3500,0.7900,0.4400,False,False,peak switch,4.465489e-02,2.726170e-02
649,0.2200,0.6600,0.4400,False,False,peak switch,1.898833e-02,5.964637e-03
675,0.9100,0.4700,0.4400,False,False,peak switch,3.821914e-03,3.579622e-02
53,0.8700,0.4300,0.4400,False,False,peak switch,2.652044e-02,5.012923e-02
173,0.6200,0.1800,0.4400,False,False,peak switch,1.968263e-02,1.908001e-02
212,0.3000,0.7400,0.4400,False,False,peak switch,2.272924e-02,1.295802e-02
250,0.4500,0.8900,0.4400,False,False,peak switch,1.734230e-02,1.304487e-02
280,0.7300,0.2900,0.4400,False,False,peak switch,2.586411e-02,3.908268e-02
310,0.2900,0.7300,0.4400,False,False,peak switch,2.636315e-02,1.619677e-02
320,0.8800,0.4400,0.4400,False,False,peak switch,1.061808e-02,3.891706e-02
424,0.6300,0.1900,0.4400,False,False,peak switch,2.488324e-02,2.143098e-02
663,0.8700,0.4300,0.4400,False,False,peak switch,1.052233e-02,3.671054e-02
117,0.7100,0.2700,0.4400,False,False,peak switch,2.511745e-02,2.579612e-02
148,0.2600,0.7000,0.4400,False,False,peak switch,2.723933e-02,1.331615e-02
595,0.9900,0.5500,0.4400,False,False,peak switch,1.047641e-03,5.209517e-02
622,0.7200,0.2800,0.4400,False,False,peak switch,1.514671e-02,2.173905e-02
63,0.9200,0.4900,0.4300,False,False,peak switch,2.403303e-02,5.322909e-02
206,0.3600,0.7900,0.4300,False,False,peak switch,4.712742e-02,2.270549e-02
426,0.8000,0.3700,0.4300,False,False,peak switch,1.180079e-02,2.635190e-02
42,0.8900,0.4600,0.4300,False,False,peak switch,3.197810e-02,5.075249e-02
180,0.4200,0.8500,0.4300,False,False,peak switch,2.623087e-02,1.098707e-02
430,0.3000,0.7300,0.4300,False,False,peak switch,3.386823e-02,2.536784e-02
630,0.6300,0.2000,0.4300,False,False,peak switch,2.565433e-02,1.908461e-02
640,0.1800,0.6100,0.4300,False,False,peak switch,2.005776e-02,7.284739e-03
645,0.7300,0.3000,0.4300,False,False,peak switch,2.477204e-02,3.296630e-02
47,0.9400,0.5100,0.4300,False,False,peak switch,2.822056e-02,7.462335e-02
107,0.9700,0.5400,0.4300,False,False,peak switch,1.368649e-02,5.535211e-02
377,0.5900,0.1600,0.4300,False,False,peak switch,2.194131e-02,1.549689e-02
481,0.9600,0.5300,0.4300,False,False,peak switch,7.036916e-03,4.626216e-02
575,0.7100,0.2800,0.4300,False,False,peak switch,1.751702e-02,2.966520e-02
613,0.9500,0.5200,0.4300,False,False,peak switch,3.346554e-03,4.361301e-02
634,0.6900,0.2600,0.4300,False,False,peak switch,1.333044e-02,1.972461e-02
667,0.9400,0.5100,0.4300,False,False,peak switch,6.625621e-03,4.906161e-02
693,0.7000,0.2700,0.4300,False,False,peak switch,1.836906e-02,2.410334e-02
8,0.3800,0.8000,0.4200,False,False,peak switch,1.164368e-01,1.014685e-01
23,0.4800,0.9000,0.4200,False,False,peak switch,6.291571e-02,4.918549e-02
105,0.6400,0.2200,0.4200,False,False,peak switch,2.220031e-02,2.472826e-02
153,0.6300,0.2100,0.4200,False,False,peak switch,2.631588e-02,2.368434e-02
259,0.6700,0.2500,0.4200,False,False,peak switch,3.364687e-02,2.969568e-02
328,0.3800,0.8000,0.4200,False,False,peak switch,3.836531e-02,1.797238e-02
353,0.3900,0.8100,0.4200,False,False,peak switch,1.923848e-02,1.225013e-02
365,0.6800,0.2600,0.4200,False,False,peak switch,1.938048e-02,2.025926e-02
474,0.2500,0.6700,0.4200,False,False,peak switch,3.141021e-02,1.807973e-02
477,0.8900,0.4700,0.4200,False,False,peak switch,1.133052e-02,4.516742e-02
592,0.8100,0.3900,0.4200,False,False,peak switch,3.639263e-03,2.077909e-02
603,0.9300,0.5100,0.4200,False,False,peak switch,8.723276e-03,5.308391e-02
32,0.4200,0.8400,0.4200,False,False,peak switch,6.714493e-02,4.061741e-02
87,0.7600,0.3400,0.4200,False,False,peak switch,2.174840e-02,3.333542e-02
219,0.8400,0.4200,0.4200,False,False,peak switch,1.682455e-02,3.427286e-02
351,0.2900,0.7100,0.4200,False,False,peak switch,3.624522e-02,2.556810e-02
658,0.7500,0.3300,0.4200,False,False,peak switch,3.347237e-02,4.005556e-02
137,0.9800,0.5600,0.4200,False,False,peak switch,1.093494e-02,6.591000e-02
689,0.5900,0.1700,0.4200,False,False,peak switch,1.360434e-02,1.380565e-02
77,0.8900,0.4800,0.4100,False,False,peak switch,2.243545e-02,5.049050e-02
99,0.9100,0.5000,0.4100,False,False,peak switch,1.711908e-02,4.966641e-02
240,0.9100,0.5000,0.4100,False,False,peak switch,1.105703e-02,4.758456e-02
246,0.3700,0.7800,0.4100,False,False,peak switch,3.413943e-02,2.675579e-02
355,0.2200,0.6300,0.4100,False,False,peak switch,2.450328e-02,1.193986e-02
415,0.9900,0.5800,0.4100,False,False,peak switch,3.641775e-03,5.010970e-02
437,0.9100,0.5000,0.4100,False,False,peak switch,6.244401e-03,4.788188e-02
439,0.3600,0.7700,0.4100,False,False,peak switch,2.275210e-02,1.541644e-02
489,0.9100,0.5000,0.4100,False,False,peak switch,8.255773e-03,5.061846e-02
541,0.3900,0.8000,0.4100,False,False,peak switch,2.883585e-02,1.650324e-02
588,0.8900,0.4800,0.4100,False,False,peak switch,6.121869e-03,4.261543e-02
638,0.3600,0.7700,0.4100,False,False,peak switch,2.238257e-02,1.272182e-02
65,0.7300,0.3200,0.4100,False,False,peak switch,3.429752e-02,4.178479e-02
85,0.8300,0.4200,0.4100,False,False,peak switch,2.500862e-02,4.535162e-02
186,0.7200,0.3100,0.4100,False,False,peak switch,3.509092e-02,4.398137e-02
227,0.5900,0.1800,0.4100,False,False,peak switch,2.219966e-02,1.920007e-02
334,0.3100,0.7200,0.4100,False,False,peak switch,2.936267e-02,1.700815e-02
403,0.7100,0.3000,0.4100,False,False,peak switch,2.477933e-02,2.901743e-02
519,0.3100,0.7200,0.4100,False,False,peak switch,4.145488e-02,2.306106e-02
521,0.4600,0.8700,0.4100,False,False,peak switch,2.573256e-02,1.527341e-02
560,0.8700,0.4600,0.4100,False,False,peak switch,2.567341e-03,3.674245e-02
671,0.8200,0.4100,0.4100,False,False,peak switch,1.155254e-02,3.595768e-02
57,0.9500,0.5400,0.4100,False,False,peak switch,2.416360e-02,6.066350e-02
654,0.5800,0.1700,0.4100,False,False,peak switch,1.118818e-02,5.300980e-03
61,0.6300,0.2300,0.4000,False,False,peak switch,3.201603e-02,2.991710e-02
89,0.9700,0.5700,0.4000,False,False,peak switch,1.617947e-02,6.709555e-02
146,0.3700,0.7700,0.4000,False,False,peak switch,3.494175e-02,2.257950e-02
203,0.9800,0.5800,0.4000,False,False,peak switch,6.953660e-03,5.958045e-02
264,0.9800,0.5800,0.4000,False,False,peak switch,6.100024e-03,5.047316e-02
301,0.9900,0.5900,0.4000,False,False,peak switch,5.301569e-03,5.689080e-02
338,0.2500,0.6500,0.4000,False,False,peak switch,2.810982e-02,1.469817e-02
452,0.6600,0.2600,0.4000,False,False,peak switch,2.275368e-02,1.761774e-02
470,0.9900,0.5900,0.4000,False,False,peak switch,2.840940e-03,5.260286e-02
543,0.2600,0.6600,0.4000,False,False,peak switch,2.958377e-02,1.133591e-02
79,0.7200,0.3200,0.4000,False,False,peak switch,3.006531e-02,3.823265e-02
101,0.7300,0.3300,0.4000,False,False,peak switch,3.091936e-02,4.077801e-02
103,0.8500,0.4500,0.4000,False,False,peak switch,1.607163e-02,4.335674e-02
135,0.7400,0.3400,0.4000,False,False,peak switch,2.272576e-02,2.758272e-02
432,0.4600,0.8600,0.4000,False,False,peak switch,2.345374e-02,1.191608e-02
632,0.8500,0.4500,0.4000,False,False,peak switch,1.197701e-02,3.375444e-02
81,0.9400,0.5400,0.4000,False,False,peak switch,1.756367e-02,6.071917e-02
175,0.9400,0.5400,0.4000,False,False,peak switch,1.126911e-02,4.684810e-02
244,0.9600,0.5600,0.4000,False,False,peak switch,9.453884e-03,4.908941e-02
428,0.9500,0.5500,0.4000,False,False,peak switch,7.402820e-03,5.493778e-02
557,0.2900,0.6800,0.3900,False,False,peak switch,3.407815e-02,1.142009e-02
59,0.7800,0.3900,0.3900,False,False,peak switch,3.944178e-02,5.743190e-02
93,0.2800,0.6700,0.3900,False,False,peak switch,4.602182e-02,2.815833e-02
97,0.6000,0.2100,0.3900,False,False,peak switch,3.246069e-02,2.722927e-02
109,0.7500,0.3600,0.3900,True,False,peak switch,3.596472e-02,5.207640e-02
171,0.7600,0.3700,0.3900,False,False,peak switch,2.982752e-02,4.056362e-02
183,0.5800,0.9700,0.3900,False,False,peak switch,1.803343e-02,8.583089e-03
223,0.9200,0.5300,0.3900,False,False,peak switch,8.169415e-03,4.795971e-02
343,0.7500,0.3600,0.3900,False,False,peak switch,3.463624e-02,4.979816e-02
345,0.6000,0.2100,0.3900,False,False,peak switch,2.201945e-02,1.701947e-02
349,0.9300,0.5400,0.3900,False,False,peak switch,1.158370e-02,5.127398e-02
361,0.5600,0.1700,0.3900,False,False,peak switch,2.383183e-02,1.772873e-02
399,0.6000,0.2100,0.3900,True,False,peak switch,1.367036e-02,1.525544e-02
410,0.6500,0.2600,0.3900,False,False,peak switch,2.950945e-02,2.086379e-02
434,0.2600,0.6500,0.3900,False,False,peak switch,3.630813e-02,2.238790e-02
456,0.7400,0.3500,0.3900,True,False,peak switch,2.915040e-02,4.518240e-02
483,0.7500,0.3600,0.3900,False,False,peak switch,3.072991e-02,4.444997e-02
636,0.9200,0.5300,0.3900,False,False,peak switch,4.632299e-03,4.303972e-02
162,0.3400,0.7300,0.3900,False,False,peak switch,4.494763e-02,3.242568e-02
200,0.8300,0.4400,0.3900,False,False,peak switch,1.246575e-02,3.302875e-02
298,0.8200,0.4300,0.3900,False,False,peak switch,1.071419e-02,3.105197e-02
347,0.8400,0.4500,0.3900,False,False,peak switch,1.457212e-02,2.964041e-02
485,0.8300,0.4400,0.3900,False,False,peak switch,1.975876e-02,4.232934e-02
597,0.7300,0.3400,0.3900,False,False,peak switch,3.274338e-02,4.369132e-02
669,0.7100,0.3200,0.3900,True,False,peak switch,2.765840e-02,3.902439e-02
139,0.6700,0.2900,0.3800,True,False,peak switch,4.088500e-02,4.495417e-02
236,0.8000,0.4200,0.3800,False,False,peak switch,2.076591e-02,3.018762e-02
7,0.7600,0.3800,0.3800,False,False,peak switch,1.179051e-01,1.164368e-01
83,0.6500,0.2700,0.3800,True,False,peak switch,3.838670e-02,4.060993e-02
124,0.9600,0.5800,0.3800,False,False,peak switch,1.204078e-02,5.783043e-02
131,0.6500,0.2700,0.3800,False,False,peak switch,1.460198e-02,1.839964e-02
160,0.9800,0.6000,0.3800,False,False,peak switch,9.551590e-03,5.768622e-02
165,0.8800,0.5000,0.3800,False,False,peak switch,2.125955e-02,5.299340e-02
369,0.7300,0.3500,0.3800,False,False,peak switch,3.263211e-02,4.396914e-02
385,0.8500,0.4700,0.3800,False,False,peak switch,1.927543e-02,4.560568e-02
441,0.5900,0.2100,0.3800,False,False,peak switch,1.953376e-02,1.845517e-02
517,0.9900,0.6100,0.3800,False,False,peak switch,2.152803e-03,5.324136e-02
548,0.7300,0.3500,0.3800,False,False,peak switch,2.979223e-02,4.008260e-02
580,0.7800,0.4000,0.3800,False,False,peak switch,3.070614e-03,2.396066e-02
445,0.6900,0.3100,0.3800,False,False,peak switch,3.374346e-02,3.107925e-02
599,0.8400,0.4600,0.3800,False,False,peak switch,1.604408e-02,4.578730e-02
454,0.9400,0.5600,0.3800,False,False,peak switch,6.647221e-03,4.789691e-02
167,0.6700,0.3000,0.3700,False,False,peak switch,3.040683e-02,3.168208e-02
29,0.9100,0.5400,0.3700,False,False,peak switch,4.238763e-02,7.458407e-02
51,0.5900,0.2200,0.3700,False,False,peak switch,4.094067e-02,3.080076e-02
193,0.3800,0.7500,0.3700,False,False,peak switch,3.980713e-02,1.677295e-02
278,0.9300,0.5600,0.3700,False,False,peak switch,7.212669e-03,4.080433e-02
395,0.8700,0.5000,0.3700,False,False,peak switch,8.577996e-03,3.728294e-02
413,0.4800,0.1100,0.3700,False,False,peak switch,1.755318e-02,6.544404e-03
512,0.9000,0.5300,0.3700,False,False,peak switch,3.286411e-03,3.038915e-02
523,0.2700,0.6400,0.3700,False,False,peak switch,4.028605e-02,2.306286e-02
529,0.9500,0.5800,0.3700,False,False,peak switch,7.149557e-03,4.431379e-02
563,0.9800,0.6100,0.3700,False,False,peak switch,1.976129e-03,5.467306e-02
565,0.3800,0.7500,0.3700,False,False,peak switch,4.069487e-02,2.701308e-02
583,0.9600,0.5900,0.3700,False,False,peak switch,1.837188e-03,4.823755e-02
590,0.6300,0.2600,0.3700,False,False,peak switch,1.577795e-02,1.801931e-02
11,0.4600,0.8300,0.3700,True,False,peak switch,8.954195e-02,8.314302e-02
55,0.7000,0.3300,0.3700,False,False,peak switch,2.829560e-02,2.940203e-02
126,0.3200,0.6900,0.3700,False,False,peak switch,4.333628e-02,2.763836e-02
303,0.7000,0.3300,0.3700,False,False,peak switch,4.025371e-02,4.632943e-02
371,0.8300,0.4600,0.3700,False,False,peak switch,1.949422e-02,4.278853e-02
158,0.8000,0.4400,0.3600,False,False,peak switch,1.394221e-02,2.051507e-02
267,0.8100,0.4500,0.3600,False,False,peak switch,2.683782e-02,3.705011e-02
318,0.6800,0.3200,0.3600,False,False,peak switch,2.247472e-02,2.900885e-02
472,0.4100,0.7700,0.3600,False,False,peak switch,3.563665e-02,2.579734e-02
515,0.7700,0.4100,0.3600,False,False,peak switch,4.936590e-03,1.444731e-02
75,0.5900,0.2300,0.3600,False,False,peak switch,4.000027e-02,3.294667e-02
129,0.8400,0.4800,0.3600,False,False,peak switch,1.739775e-02,3.870322e-02
293,0.4900,0.1300,0.3600,False,False,peak switch,1.755118e-02,8.948628e-03
406,0.5300,0.1700,0.3600,False,False,peak switch,3.283555e-02,1.828986e-02
493,0.5800,0.2200,0.3600,False,False,peak switch,2.849692e-02,2.034417e-02
141,0.8200,0.4600,0.3600,False,False,peak switch,2.837281e-02,4.754855e-02
178,0.3300,0.6900,0.3600,False,False,peak switch,5.047199e-02,2.282984e-02
537,0.6900,0.3300,0.3600,False,False,peak switch,1.359132e-02,1.172819e-02
585,0.3300,0.6900,0.3600,False,False,peak switch,3.290483e-02,1.562711e-02
31,0.7700,0.4200,0.3500,False,False,peak switch,5.088090e-02,6.714493e-02
43,0.4600,0.8100,0.3500,False,False,peak switch,5.075249e-02,3.591873e-02
122,0.7800,0.4300,0.3500,False,False,peak switch,1.503178e-02,2.680445e-02
286,0.7900,0.4400,0.3500,False,False,peak switch,2.726170e-02,3.827548e-02
500,0.5400,0.1900,0.3500,False,False,peak switch,3.804677e-02,2.297309e-02
553,0.7700,0.4200,0.3500,False,False,peak switch,9.506569e-03,2.451758e-02
606,0.7600,0.4100,0.3500,False,False,peak switch,1.992138e-02,2.459965e-02
616,0.7900,0.4400,0.3500,False,False,peak switch,1.951973e-02,2.902636e-02
26,0.3700,0.7200,0.3500,False,False,peak switch,7.033804e-02,4.976097e-02
119,0.8700,0.5200,0.3500,False,False,peak switch,1.619517e-02,4.249148e-02
255,0.8300,0.4800,0.3500,False,False,peak switch,1.068373e-02,2.594939e-02
262,0.5200,0.1700,0.3500,False,False,peak switch,2.473463e-02,1.250924e-02
271,0.8800,0.5300,0.3500,False,False,peak switch,1.488947e-02,4.216532e-02
308,0.9000,0.5500,0.3500,False,False,peak switch,1.479434e-02,4.403622e-02
314,0.6100,0.2600,0.3500,False,False,peak switch,4.759069e-02,3.697908e-02
467,0.8500,0.5000,0.3500,False,False,peak switch,3.726362e-03,3.212682e-02
502,0.7400,0.3900,0.3500,False,False,peak switch,1.543875e-02,1.943773e-02
510,0.7000,0.3500,0.3500,False,False,peak switch,8.594949e-03,7.486463e-03
534,0.8800,0.5300,0.3500,False,False,peak switch,9.134491e-03,3.886571e-02
111,0.8100,0.4700,0.3400,False,False,peak switch,2.224374e-02,4.447483e-02
507,0.8100,0.4700,0.3400,False,False,peak switch,1.646510e-02,3.643333e-02
13,0.6800,0.3400,0.3400,True,False,peak switch,8.962292e-02,8.943269e-02
86,0.4200,0.7600,0.3400,False,False,peak switch,4.535162e-02,2.174840e-02
120,0.5200,0.1800,0.3400,False,False,peak switch,4.249148e-02,2.079291e-02
198,0.6600,0.3200,0.3400,False,False,peak switch,3.139116e-02,3.027130e-02
448,0.5300,0.1900,0.3400,False,False,peak switch,3.562035e-02,2.020637e-02
15,0.8600,0.5200,0.3400,False,False,peak switch,7.074376e-02,9.302405e-02
17,0.7400,0.4000,0.3400,False,False,peak switch,7.105318e-02,7.671957e-02
33,0.8400,0.5000,0.3400,False,False,peak switch,4.061741e-02,6.453633e-02
38,0.3900,0.7300,0.3400,False,False,peak switch,5.897324e-02,4.422327e-02
205,0.7000,0.3600,0.3400,False,False,peak switch,4.005719e-02,4.712742e-02
313,0.9500,0.6100,0.3400,False,False,peak switch,9.720944e-03,4.759069e-02
316,0.8300,0.4900,0.3400,False,False,peak switch,2.403303e-02,4.559848e-02
383,0.7000,0.3600,0.3400,False,False,peak switch,3.632007e-02,4.108345e-02
526,0.8300,0.4900,0.3400,False,False,peak switch,9.006095e-03,3.353523e-02
530,0.5800,0.2400,0.3400,False,False,peak switch,4.431379e-02,2.771222e-02
539,0.9400,0.6000,0.3400,False,False,peak switch,4.190282e-03,3.902915e-02
609,0.5800,0.2400,0.3400,False,False,peak switch,4.125642e-02,3.191204e-02
611,0.7000,0.3600,0.3400,False,False,peak switch,1.099404e-02,1.491476e-02
621,0.3800,0.7200,0.3400,False,False,peak switch,3.620459e-02,1.514671e-02
685,0.8400,0.5000,0.3400,False,False,peak switch,1.543187e-02,3.625686e-02
695,0.8600,0.5200,0.3400,False,False,peak switch,5.482191e-03,3.591870e-02
40,0.5600,0.2300,0.3300,True,False,peak switch,4.213335e-02,3.454803e-02
231,0.6800,0.3500,0.3300,False,False,peak switch,3.731052e-02,3.452515e-02
329,0.8000,0.4700,0.3300,False,False,peak switch,1.797238e-02,3.327144e-02
332,0.9100,0.5800,0.3300,False,False,peak switch,9.117197e-03,4.139758e-02
504,0.9300,0.6000,0.3300,False,False,peak switch,7.272294e-03,4.348566e-02
555,0.9100,0.5800,0.3300,False,False,peak switch,6.499129e-03,4.308960e-02
627,0.4800,0.8100,0.3300,False,False,peak switch,4.364850e-02,2.646733e-02
45,0.3400,0.6700,0.3300,False,False,peak switch,5.061692e-02,3.539365e-02
91,0.4600,0.7900,0.3300,False,False,peak switch,4.473701e-02,3.117117e-02
242,0.6300,0.3000,0.3300,False,False,peak switch,2.484034e-02,2.567266e-02
497,0.6600,0.3300,0.3300,False,False,peak switch,3.518689e-02,2.737341e-02
532,0.7500,0.4200,0.3300,False,False,peak switch,2.191627e-02,2.577124e-02
155,0.8600,0.5300,0.3300,False,False,peak switch,1.873815e-02,3.672886e-02
182,0.2500,0.5800,0.3300,False,False,peak switch,3.604685e-02,1.803343e-02
210,0.8800,0.5500,0.3300,False,False,peak switch,1.472562e-02,3.918602e-02
311,0.7300,0.4000,0.3300,False,False,peak switch,1.619677e-02,1.653120e-02
326,0.9600,0.6300,0.3300,False,False,peak switch,5.991850e-03,4.196218e-02
418,0.8400,0.5100,0.3300,False,False,peak switch,2.551856e-02,3.972142e-02
464,0.3900,0.7200,0.3300,False,False,peak switch,2.790448e-02,1.049927e-02
72,0.6800,0.3600,0.3200,False,False,peak switch,4.711462e-02,3.852930e-02
114,0.9300,0.6100,0.3200,False,False,peak switch,1.614359e-02,5.518408e-02
207,0.7900,0.4700,0.3200,False,False,peak switch,2.270549e-02,3.840946e-02
324,0.5600,0.2400,0.3200,False,False,peak switch,1.949472e-02,1.064033e-02
459,0.8000,0.4800,0.3200,False,False,peak switch,1.176978e-02,2.893753e-02
535,0.5300,0.2100,0.3200,False,False,peak switch,3.886571e-02,2.449951e-02
578,0.5400,0.2200,0.3200,False,False,peak switch,3.748551e-02,2.138277e-02
134,0.4200,0.7400,0.3200,False,False,peak switch,4.004104e-02,2.272576e-02
479,0.6300,0.3100,0.3200,False,False,peak switch,1.773447e-02,1.946587e-02
567,0.5100,0.1900,0.3200,False,False,peak switch,2.956058e-02,1.777915e-02
570,0.3400,0.6600,0.3200,False,False,peak switch,2.422046e-02,8.839982e-03
581,0.4000,0.0800,0.3200,False,False,peak switch,2.396066e-02,3.119886e-03
614,0.5200,0.2000,0.3200,False,False,peak switch,4.361301e-02,2.362279e-02
696,0.5200,0.2000,0.3200,False,False,peak switch,3.591870e-02,1.666256e-02
116,0.3900,0.7100,0.3200,False,False,peak switch,4.001689e-02,2.511745e-02
233,0.8600,0.5400,0.3200,False,False,peak switch,2.441100e-02,4.399416e-02
283,0.9700,0.6500,0.3200,False,False,peak switch,5.948877e-03,4.771862e-02
352,0.7100,0.3900,0.3200,False,False,peak switch,2.556810e-02,1.923848e-02
577,0.8600,0.5400,0.3200,False,False,peak switch,5.185667e-03,3.748551e-02
647,0.8300,0.5100,0.3200,False,False,peak switch,1.265944e-02,3.891479e-02
22,0.7900,0.4800,0.3100,False,False,peak switch,5.643900e-02,6.291571e-02
189,0.5200,0.2100,0.3100,False,False,peak switch,4.221748e-02,2.631604e-02
305,0.7800,0.4700,0.3100,False,False,peak switch,2.150167e-02,3.834178e-02
462,0.9200,0.6100,0.3100,False,False,peak switch,3.948951e-03,4.034181e-02
513,0.5300,0.2200,0.3100,False,False,peak switch,3.038915e-02,1.588803e-02
335,0.7200,0.4100,0.3100,False,False,peak switch,1.700815e-02,1.491104e-02
505,0.6000,0.2900,0.3100,False,False,peak switch,4.348566e-02,3.485447e-02
356,0.6300,0.9400,0.3100,False,False,peak switch,1.193986e-02,6.979580e-03
389,0.5800,0.2700,0.3100,False,False,peak switch,1.939877e-02,1.378881e-02
499,0.8500,0.5400,0.3100,False,False,peak switch,1.853490e-02,3.804677e-02
508,0.4700,0.1600,0.3100,False,False,peak switch,3.643333e-02,1.554125e-02
19,0.8800,0.5800,0.3000,False,False,peak switch,5.892432e-02,8.521136e-02
68,0.5600,0.2600,0.3000,False,False,peak switch,4.600745e-02,3.142543e-02
144,0.8900,0.5900,0.3000,False,False,peak switch,1.987506e-02,4.938594e-02
284,0.6500,0.3500,0.3000,False,False,peak switch,4.771862e-02,4.465489e-02
551,0.5400,0.2400,0.3000,False,False,peak switch,4.382924e-02,2.865455e-02
593,0.3900,0.0900,0.3000,False,False,peak switch,2.077909e-02,3.316816e-03
608,0.8800,0.5800,0.3000,False,False,peak switch,8.216144e-03,4.125642e-02
661,0.5400,0.2400,0.3000,False,False,peak switch,3.581975e-02,2.394434e-02
170,0.4600,0.7600,0.3000,False,False,peak switch,4.972731e-02,2.982752e-02
217,0.6400,0.3400,0.3000,False,False,peak switch,3.427934e-02,3.061673e-02
237,0.4200,0.7200,0.3000,False,False,peak switch,3.018762e-02,1.347501e-02
518,0.6100,0.3100,0.3000,False,False,peak switch,5.324136e-02,4.145488e-02
644,0.4300,0.7300,0.3000,False,False,peak switch,4.745586e-02,2.477204e-02
188,0.8200,0.5200,0.3000,False,False,peak switch,2.020146e-02,4.221748e-02
550,0.8400,0.5400,0.3000,False,False,peak switch,1.735856e-02,4.382924e-02
36,0.9300,0.6400,0.2900,False,False,peak switch,3.549634e-02,7.419954e-02
191,0.9000,0.6100,0.2900,False,False,peak switch,1.309728e-02,4.711191e-02
234,0.5400,0.2500,0.2900,False,False,peak switch,4.399416e-02,2.926282e-02
289,0.8700,0.5800,0.2900,False,False,peak switch,1.475378e-02,4.028177e-02
295,0.9200,0.6300,0.2900,False,False,peak switch,6.371971e-03,3.461691e-02
648,0.5100,0.2200,0.2900,False,False,peak switch,3.891479e-02,1.898833e-02
682,0.3900,0.6800,0.2900,False,False,peak switch,4.144367e-02,2.562084e-02
220,0.4200,0.7100,0.2900,False,False,peak switch,3.427286e-02,1.562851e-02
306,0.4700,0.1800,0.2900,False,False,peak switch,3.834178e-02,1.872268e-02
556,0.5800,0.2900,0.2900,False,False,peak switch,4.308960e-02,3.407815e-02
629,0.3400,0.6300,0.2900,False,False,peak switch,4.586711e-02,2.565433e-02
405,0.8200,0.5300,0.2900,False,False,peak switch,1.076834e-02,3.283555e-02
447,0.8200,0.5300,0.2900,False,False,peak switch,1.957296e-02,3.562035e-02
623,0.2800,0.5700,0.2900,False,False,peak switch,2.173905e-02,3.744101e-03
678,0.2800,0.5700,0.2900,False,False,peak switch,3.141831e-02,4.358259e-03
201,0.4400,0.1600,0.2800,False,False,peak switch,3.302875e-02,1.487367e-02
258,0.3900,0.6700,0.2800,False,False,peak switch,5.131361e-02,3.364687e-02
412,0.7600,0.4800,0.2800,False,False,peak switch,9.637475e-03,1.755318e-02
4,0.4300,0.7100,0.2800,False,False,peak switch,1.645531e-01,1.437592e-01
20,0.5800,0.3000,0.2800,False,False,peak switch,8.521136e-02,6.684810e-02
252,0.3300,0.6100,0.2800,False,False,peak switch,3.602384e-02,1.849972e-02
290,0.5800,0.3000,0.2800,False,False,peak switch,4.028177e-02,2.479112e-02
330,0.4700,0.1900,0.2800,False,False,peak switch,3.327144e-02,1.743579e-02
67,0.8400,0.5600,0.2800,False,False,peak switch,2.592543e-02,4.600745e-02
24,0.9000,0.6300,0.2700,False,False,peak switch,4.918549e-02,7.938850e-02
142,0.4600,0.1900,0.2700,False,False,peak switch,4.754855e-02,2.208777e-02
296,0.6300,0.3600,0.2700,True,False,peak switch,3.461691e-02,3.311064e-02
321,0.4400,0.1700,0.2700,False,False,peak switch,3.891706e-02,1.755951e-02
657,0.4800,0.7500,0.2700,False,False,peak switch,4.545667e-02,3.347237e-02
676,0.4700,0.7400,0.2700,False,False,peak switch,3.579622e-02,1.471606e-02
54,0.4300,0.7000,0.2700,False,False,peak switch,5.012923e-02,2.829560e-02
179,0.6900,0.4200,0.2700,False,False,peak switch,2.282984e-02,2.623087e-02
333,0.5800,0.3100,0.2700,False,False,peak switch,4.139758e-02,2.936267e-02
402,0.4400,0.7100,0.2700,False,False,peak switch,4.538824e-02,2.477933e-02
431,0.7300,0.4600,0.2700,False,False,peak switch,2.536784e-02,2.345374e-02
692,0.4300,0.7000,0.2700,False,False,peak switch,4.137548e-02,1.836906e-02
46,0.6700,0.9400,0.2700,False,False,peak switch,3.539365e-02,2.822056e-02
309,0.5500,0.2900,0.2600,False,False,peak switch,4.403622e-02,2.636315e-02
364,0.4200,0.6800,0.2600,False,False,peak switch,3.774830e-02,1.938048e-02
25,0.6300,0.3700,0.2600,False,False,peak switch,7.938850e-02,7.033804e-02
292,0.7500,0.4900,0.2600,False,False,peak switch,1.407408e-02,1.755118e-02
372,0.4600,0.2000,0.2600,False,False,peak switch,4.278853e-02,2.229409e-02
602,0.6700,0.9300,0.2600,False,False,peak switch,1.447011e-02,8.723276e-03
660,0.8000,0.5400,0.2600,False,False,peak switch,1.961816e-02,3.581975e-02
125,0.5800,0.3200,0.2600,False,False,peak switch,5.783043e-02,4.333628e-02
161,0.6000,0.3400,0.2600,False,False,peak switch,5.768622e-02,4.494763e-02
268,0.4500,0.7100,0.2600,False,False,peak switch,3.705011e-02,2.091892e-02
520,0.7200,0.4600,0.2600,False,False,peak switch,2.306106e-02,2.573256e-02
584,0.5900,0.3300,0.2600,False,False,peak switch,4.823755e-02,3.290483e-02
211,0.5500,0.3000,0.2500,False,False,peak switch,3.918602e-02,2.272924e-02
350,0.5400,0.2900,0.2500,False,False,peak switch,5.127398e-02,3.624522e-02
429,0.5500,0.3000,0.2500,False,False,peak switch,5.493778e-02,3.386823e-02
451,0.4100,0.6600,0.2500,False,False,peak switch,3.923893e-02,2.275368e-02
37,0.6400,0.3900,0.2500,False,False,peak switch,7.419954e-02,5.897324e-02
172,0.3700,0.6200,0.2500,False,False,peak switch,4.056362e-02,1.968263e-02
176,0.5400,0.7900,0.2500,False,False,peak switch,4.684810e-02,2.784280e-02
185,0.4700,0.7200,0.2500,False,False,peak switch,5.784468e-02,3.509092e-02
276,0.3800,0.1300,0.2500,False,False,peak switch,2.844499e-02,9.789196e-03
287,0.4400,0.1900,0.2500,False,False,peak switch,3.827548e-02,1.935013e-02
327,0.6300,0.3800,0.2500,True,False,peak switch,4.196218e-02,3.836531e-02
374,0.6500,0.9000,0.2500,False,False,peak switch,1.357357e-02,8.288848e-03
547,0.4800,0.7300,0.2500,False,False,peak switch,5.580909e-02,2.979223e-02
600,0.4600,0.2100,0.2500,False,False,peak switch,4.578730e-02,2.247586e-02
208,0.4700,0.2200,0.2500,False,False,peak switch,3.840946e-02,2.185757e-02
386,0.4700,0.2200,0.2500,False,False,peak switch,4.560568e-02,2.494823e-02
460,0.4800,0.2300,0.2500,False,False,peak switch,2.893753e-02,5.336486e-03
444,0.4400,0.6900,0.2500,False,False,peak switch,5.064772e-02,3.374346e-02
392,0.4300,0.6700,0.2400,False,False,peak switch,3.657755e-02,1.929960e-02
409,0.4100,0.6500,0.2400,False,False,peak switch,4.647699e-02,2.950945e-02
664,0.4300,0.6700,0.2400,False,False,peak switch,3.671054e-02,2.078488e-02
58,0.5400,0.7800,0.2400,False,False,peak switch,6.066350e-02,3.944178e-02
60,0.3900,0.6300,0.2400,False,False,peak switch,5.743190e-02,3.201603e-02
64,0.4900,0.7300,0.2400,False,False,peak switch,5.322909e-02,3.429752e-02
78,0.4800,0.7200,0.2400,False,False,peak switch,5.049050e-02,3.006531e-02
261,0.7600,0.5200,0.2400,False,False,peak switch,1.627731e-02,2.473463e-02
275,0.6200,0.3800,0.2400,False,False,peak switch,3.392401e-02,2.844499e-02
342,0.5100,0.7500,0.2400,False,False,peak switch,6.026069e-02,3.463624e-02
344,0.3600,0.6000,0.2400,False,False,peak switch,4.979816e-02,2.201945e-02
486,0.4400,0.2000,0.2400,False,False,peak switch,4.232934e-02,2.221298e-02
566,0.7500,0.5100,0.2400,False,False,peak switch,2.701308e-02,2.956058e-02
574,0.4700,0.7100,0.2400,False,False,peak switch,4.265680e-02,1.751702e-02
249,0.6900,0.4500,0.2400,False,False,peak switch,1.877856e-02,1.734230e-02
633,0.4500,0.6900,0.2400,False,False,peak switch,3.375444e-02,1.333044e-02
230,0.4500,0.6800,0.2300,False,False,peak switch,5.808304e-02,3.731052e-02
496,0.4300,0.6600,0.2300,False,False,peak switch,5.334170e-02,3.518689e-02
561,0.4600,0.2300,0.2300,False,False,peak switch,3.674245e-02,9.046773e-03
30,0.5400,0.7700,0.2300,False,False,peak switch,7.458407e-02,5.088090e-02
100,0.5000,0.7300,0.2300,False,False,peak switch,4.966641e-02,3.091936e-02
112,0.4700,0.2400,0.2300,False,False,peak switch,4.447483e-02,2.508066e-02
152,0.4000,0.6300,0.2300,False,False,peak switch,4.730992e-02,2.631588e-02
192,0.6100,0.3800,0.2300,True,False,peak switch,4.711191e-02,3.980713e-02
265,0.5800,0.3500,0.2300,False,False,peak switch,5.047316e-02,3.768971e-02
274,0.8500,0.6200,0.2300,False,False,peak switch,1.091849e-02,3.392401e-02
299,0.4300,0.2000,0.2300,False,False,peak switch,3.105197e-02,1.281676e-02
416,0.5800,0.3500,0.2300,False,False,peak switch,5.010970e-02,3.626143e-02
564,0.6100,0.3800,0.2300,False,False,peak switch,5.467306e-02,4.069487e-02
74,0.8100,0.5900,0.2200,False,False,peak switch,3.078324e-02,4.000027e-02
488,0.6900,0.9100,0.2200,False,False,peak switch,1.358634e-02,8.255773e-03
48,0.5100,0.2900,0.2200,False,False,peak switch,7.462335e-02,4.926440e-02
71,0.4600,0.6800,0.2200,True,False,peak switch,6.245139e-02,4.711462e-02
156,0.5300,0.3100,0.2200,False,False,peak switch,3.672886e-02,2.052409e-02
224,0.5300,0.3100,0.2200,False,False,peak switch,4.795971e-02,2.589200e-02
272,0.5300,0.3100,0.2200,False,False,peak switch,4.216532e-02,2.406097e-02
6,0.5400,0.7600,0.2200,True,False,peak switch,1.294884e-01,1.179051e-01
16,0.5200,0.7400,0.2200,False,False,peak switch,9.302405e-02,7.105318e-02
115,0.6100,0.3900,0.2200,False,False,peak switch,5.518408e-02,4.001689e-02
145,0.5900,0.3700,0.2200,False,False,peak switch,4.938594e-02,3.494175e-02
463,0.6100,0.3900,0.2200,False,False,peak switch,4.034181e-02,2.790448e-02
482,0.5300,0.7500,0.2200,False,False,peak switch,4.626216e-02,3.072991e-02
490,0.5000,0.2800,0.2200,False,False,peak switch,5.061846e-02,3.060579e-02
492,0.7900,0.5800,0.2100,False,False,peak switch,1.481680e-02,2.849692e-02
3,0.6400,0.4300,0.2100,True,False,peak switch,1.804870e-01,1.645531e-01
34,0.5000,0.2900,0.2100,True,False,peak switch,6.453633e-02,4.382260e-02
468,0.5000,0.2900,0.2100,False,False,peak switch,3.212682e-02,1.251061e-02
604,0.5100,0.3000,0.2100,False,False,peak switch,5.308391e-02,3.307223e-02
617,0.4400,0.6500,0.2100,False,False,peak switch,2.902636e-02,1.160256e-02
94,0.6700,0.8800,0.2100,False,False,peak switch,2.815833e-02,2.201575e-02
108,0.5400,0.7500,0.2100,False,False,peak switch,5.535211e-02,3.596472e-02
149,0.7000,0.4900,0.2100,False,False,peak switch,1.331615e-02,1.575686e-02
360,0.7700,0.5600,0.2100,False,False,peak switch,1.871758e-02,2.383183e-02
368,0.5200,0.7300,0.2100,False,False,peak switch,5.357482e-02,3.263211e-02
540,0.6000,0.3900,0.2100,False,False,peak switch,3.902915e-02,2.883585e-02
