lag,L1_min,L1_mean
1,2.740961e-02,7.629826e-02
2,4.997912e-02,8.167164e-02
3,5.341773e-02,8.541944e-02
4,5.192288e-02,8.546163e-02
5,4.940398e-02,8.887018e-02
6,5.214457e-02,9.025915e-02
7,4.785541e-02,8.834862e-02
8,4.885859e-02,8.924585e-02
9,5.420255e-02,9.226293e-02
10,4.274747e-02,8.885462e-02
11,4.204186e-02,9.032929e-02
12,4.636085e-02,9.148901e-02
13,4.525646e-02,9.036843e-02
14,3.675279e-02,8.907542e-02
15,5.070288e-02,9.309624e-02
16,4.752642e-02,9.210561e-02
17,5.033089e-02,9.024870e-02
18,4.712239e-02,9.238418e-02
19,5.153860e-02,9.198249e-02
20,5.705461e-02,9.156833e-02
21,3.844545e-02,9.306271e-02
22,5.327435e-02,9.180429e-02
23,5.163072e-02,9.261778e-02
24,4.854703e-02,9.147423e-02
25,5.051886e-02,9.039278e-02
26,4.663749e-02,9.303429e-02
27,4.184037e-02,8.999189e-02
28,4.764945e-02,8.967688e-02
29,5.235366e-02,9.385787e-02
30,4.675359e-02,9.182651e-02
31,4.522828e-02,9.224854e-02
32,5.004033e-02,9.174115e-02
33,4.437146e-02,9.122931e-02
34,4.708163e-02,8.969791e-02
35,4.470689e-02,9.184692e-02
36,5.641332e-02,9.435049e-02
37,4.732980e-02,9.233079e-02
38,3.708970e-02,9.164076e-02
39,5.278360e-02,9.266388e-02
40,4.908302e-02,9.192517e-02
41,5.156723e-02,9.367472e-02
42,3.029643e-02,9.019452e-02
43,5.266031e-02,9.222326e-02
44,4.815555e-02,9.262734e-02
45,4.126925e-02,9.029696e-02
46,5.439069e-02,9.406311e-02
47,4.795698e-02,9.020723e-02
48,4.543606e-02,8.949926e-02
49,3.744531e-02,8.830366e-02
50,5.895071e-02,9.503637e-02
