K,epsilon,implemented_tolerance,predicted_t_stop_from_reference,matches_reference_prediction,stopping_round,D_max_at_stop,U_density_at_stop,U_raw_at_stop,near_half_mass_at_stop,boundary_before_stop,actions_executed,delta_t_vs_U_best,uniformity_regret
50,0.0,1e-12,324,True,324,6.661338147751e-16,8.997465561547e-03,1.799493112309e-04,0.4790422992,0.2400,324,32,1.425081
50,0.005,0.005,253,True,253,4.025562638775e-03,6.749252168277e-03,1.349850433655e-04,0.4868896557,0.1200,253,-39,0.819121
50,0.01,0.01,165,True,165,9.218783591281e-03,1.114059705027e-02,2.228119410055e-04,0.4819939727,0.1400,165,-127,2.002718
50,0.02,0.02,76,True,76,1.832425162856e-02,1.713301710976e-02,3.426603421951e-04,0.5018009224,0.4200,76,-216,3.617851
50,0.04,0.04,34,True,34,3.676178258978e-02,3.096335573364e-02,6.192671146728e-04,0.5264946806,0.3400,34,-258,7.345533
100,0.0,1e-12,699,True,699,1.643130076445e-14,7.067150914710e-03,7.067150914710e-05,0.4872256301,0.0700,699,46,0.849605
100,0.005,0.005,340,True,340,4.717901382348e-03,8.540115351989e-03,8.540115351989e-05,0.4982071234,0.1300,340,-313,1.235108
100,0.01,0.01,159,True,159,9.551589890188e-03,1.239268843409e-02,1.239268843409e-04,0.4895692247,0.4400,159,-494,2.243398
100,0.02,0.02,80,True,80,1.756367274637e-02,1.683283323746e-02,1.683283323746e-04,0.5062375828,0.3200,80,-573,3.405467
100,0.04,0.04,35,True,35,3.549633914935e-02,3.255588879687e-02,3.255588879687e-04,0.5083889000,0.2900,35,-618,7.520484
200,0.0,1e-12,1445,True,1445,-3.330669073875e-16,7.883847194322e-03,3.941923597161e-05,0.4929247457,0.1950,1445,96,1.135469
200,0.005,0.005,338,True,338,4.733482170212e-03,9.771102993242e-03,4.885551496621e-05,0.4864689847,0.2100,338,-1011,1.646663
200,0.01,0.01,173,True,173,8.929501933612e-03,1.278275989743e-02,6.391379948715e-05,0.4906458590,0.1550,173,-1176,2.462419
200,0.02,0.02,76,True,76,1.957376533036e-02,1.817635046017e-02,9.088175230084e-05,0.5096105841,0.2900,76,-1273,3.923361
200,0.04,0.04,34,True,34,3.609311777982e-02,3.271268183609e-02,1.635634091805e-04,0.5178869258,0.3900,34,-1315,7.860764
400,0.0,1e-12,2876,True,2876,-9.992007221626e-16,7.135128284666e-03,1.783782071167e-05,0.4772007100,0.0350,2876,249,1.005455
400,0.005,0.005,321,True,321,4.995318284281e-03,7.913830744963e-03,1.978457686241e-05,0.4911519759,0.4525,321,-2306,1.224323
400,0.01,0.01,169,True,169,9.134123404111e-03,1.249832161614e-02,3.124580404034e-05,0.4884280733,0.3975,169,-2458,2.512876
400,0.02,0.02,82,True,82,1.935533499021e-02,1.937894468363e-02,4.844736170906e-05,0.4979813476,0.4800,82,-2545,4.446798
400,0.04,0.04,34,True,34,3.755001742752e-02,3.164711873586e-02,7.911779683964e-05,0.5255311032,0.3300,34,-2593,7.894988
