kernel,K,t,x_witness,x_next,delta_x,abs_delta_x
KC,50,6,0.38000,0.80000,0.42000,0.42000
KC,50,8,0.62000,0.46000,-0.16000,0.16000
KC,50,11,0.68000,0.34000,-0.34000,0.34000
KC,50,14,0.52000,0.74000,0.22000,0.22000
KC,50,16,0.40000,0.88000,0.48000,0.48000
KC,50,18,0.58000,0.30000,-0.28000,0.28000
KC,50,21,0.48000,0.90000,0.42000,0.42000
KC,50,23,0.64000,0.36000,-0.28000,0.28000
KC,50,26,0.54000,0.26000,-0.28000,0.28000
KC,50,29,0.66000,0.44000,-0.22000,0.22000
KC,50,32,0.34000,0.86000,0.52000,0.52000
KC,50,34,0.56000,0.28000,-0.28000,0.28000
KC,50,37,0.62000,0.42000,-0.20000,0.20000
KC,50,42,0.52000,0.70000,0.18000,0.18000
KC,50,44,0.24000,0.92000,0.68000,0.68000
KC,50,46,0.46000,0.64000,0.18000,0.18000
KC,50,50,0.56000,0.26000,-0.30000,0.30000
KC,50,53,0.42000,0.96000,0.54000,0.54000
KC,50,55,0.60000,0.36000,-0.24000,0.24000
KC,50,60,0.30000,0.68000,0.38000,0.38000
KC,50,64,0.24000,0.62000,0.38000,0.38000
KC,50,67,0.48000,0.72000,0.24000,0.24000
KC,50,69,0.34000,0.86000,0.52000,0.52000
KC,50,71,0.54000,0.26000,-0.28000,0.28000
KC,50,74,0.42000,0.96000,0.54000,0.54000
KC,50,76,0.60000,0.32000,-0.28000,0.28000
KC,50,81,0.28000,0.66000,0.38000,0.38000
KC,50,85,0.56000,0.22000,-0.34000,0.34000
KC,50,88,0.48000,0.74000,0.26000,0.26000
KC,50,90,0.32000,0.96000,0.64000,0.64000
KC,50,92,0.58000,0.38000,-0.20000,0.20000
KC,50,95,0.50000,0.22000,-0.28000,0.28000
KC,50,100,0.62000,0.42000,-0.20000,0.20000
KC,50,103,0.26000,0.98000,0.72000,0.72000
KC,50,105,0.54000,0.68000,0.14000,0.14000
KC,50,107,0.36000,0.82000,0.46000,0.46000
KC,50,109,0.46000,0.20000,-0.26000,0.26000
KC,50,112,0.60000,0.32000,-0.28000,0.28000
KC,50,115,0.42000,0.94000,0.52000,0.52000
KC,50,117,0.52000,0.24000,-0.28000,0.28000
KC,50,120,0.64000,0.34000,-0.30000,0.30000
KC,50,121,0.34000,0.92000,0.58000,0.58000
KC,50,123,0.48000,0.70000,0.22000,0.22000
KC,50,125,0.26000,0.84000,0.58000,0.58000
KC,50,127,0.42000,0.58000,0.16000,0.16000
KC,50,131,0.54000,0.78000,0.24000,0.24000
KC,50,133,0.36000,0.66000,0.30000,0.30000
KC,50,135,0.24000,0.88000,0.64000,0.64000
KC,50,137,0.46000,0.72000,0.26000,0.26000
KC,50,139,0.30000,0.96000,0.66000,0.66000
KC,50,141,0.56000,0.40000,-0.16000,0.16000
KC,50,144,0.26000,0.64000,0.38000,0.38000
KC,50,147,0.44000,0.20000,-0.24000,0.24000
KC,50,150,0.52000,0.94000,0.42000,0.42000
KC,50,152,0.36000,0.62000,0.26000,0.26000
KC,50,156,0.48000,0.90000,0.42000,0.42000
KC,50,158,0.38000,0.68000,0.30000,0.30000
KC,50,162,0.50000,0.14000,-0.36000,0.36000
KC,50,165,0.58000,0.34000,-0.24000,0.24000
KC,50,168,0.44000,0.70000,0.26000,0.26000
KC,50,170,0.26000,0.92000,0.66000,0.66000
KC,50,172,0.54000,0.36000,-0.18000,0.18000
KC,50,175,0.62000,0.22000,-0.40000,0.40000
KC,50,176,0.22000,0.88000,0.66000,0.66000
KC,50,178,0.46000,0.68000,0.22000,0.22000
KC,50,180,0.30000,0.96000,0.66000,0.66000
KC,50,182,0.52000,0.74000,0.22000,0.22000
KC,50,184,0.36000,0.82000,0.46000,0.46000
KC,50,186,0.44000,0.18000,-0.26000,0.26000
KC,50,190,0.50000,0.28000,-0.22000,0.22000
KC,50,193,0.58000,0.20000,-0.38000,0.38000
KC,50,196,0.40000,0.70000,0.30000,0.30000
KC,50,198,0.26000,0.98000,0.72000,0.72000
KC,50,200,0.54000,0.36000,-0.18000,0.18000
KC,50,203,0.62000,0.24000,-0.38000,0.38000
KC,50,206,0.46000,0.72000,0.26000,0.26000
KC,50,208,0.32000,0.84000,0.52000,0.52000
KC,50,210,0.52000,0.20000,-0.32000,0.32000
KC,50,214,0.42000,0.60000,0.18000,0.18000
KC,50,218,0.36000,0.92000,0.56000,0.56000
KC,50,220,0.54000,0.22000,-0.32000,0.32000
KC,50,223,0.44000,0.88000,0.44000,0.44000
KC,50,225,0.32000,0.64000,0.32000,0.32000
KC,50,229,0.48000,0.24000,-0.24000,0.24000
KC,50,232,0.58000,0.70000,0.12000,0.12000
KC,50,234,0.36000,0.86000,0.50000,0.50000
KC,50,236,0.46000,0.20000,-0.26000,0.26000
KC,50,239,0.54000,0.28000,-0.26000,0.26000
KC,50,242,0.62000,0.38000,-0.24000,0.24000
KC,50,245,0.24000,0.68000,0.44000,0.44000
KC,50,247,0.44000,0.90000,0.46000,0.46000
KC,50,249,0.32000,0.58000,0.26000,0.26000
KC,50,253,0.50000,0.74000,0.24000,0.24000
KC,50,255,0.36000,0.84000,0.48000,0.48000
KC,50,257,0.54000,0.24000,-0.30000,0.30000
KC,50,262,0.60000,0.28000,-0.32000,0.32000
KC,50,265,0.46000,0.14000,-0.32000,0.32000
KC,50,268,0.56000,0.32000,-0.24000,0.24000
KC,50,271,0.66000,0.42000,-0.24000,0.24000
KC,50,274,0.26000,0.52000,0.26000,0.26000
KC,50,277,0.36000,0.68000,0.32000,0.32000
KC,50,279,0.18000,0.94000,0.76000,0.76000
KC,50,281,0.48000,0.62000,0.14000,0.14000
KC,50,285,0.40000,0.10000,-0.30000,0.30000
KC,50,288,0.56000,0.24000,-0.32000,0.32000
KC,50,293,0.60000,0.32000,-0.28000,0.28000
KC,50,296,0.48000,0.18000,-0.30000,0.30000
KC,50,299,0.64000,0.36000,-0.28000,0.28000
KC,50,300,0.36000,0.10000,-0.26000,0.26000
KC,50,303,0.52000,0.70000,0.18000,0.18000
KC,50,305,0.28000,0.80000,0.52000,0.52000
KC,50,307,0.42000,0.14000,-0.28000,0.28000
KC,50,310,0.58000,0.34000,-0.24000,0.24000
KC,50,313,0.48000,0.18000,-0.30000,0.30000
KC,50,316,0.62000,0.30000,-0.32000,0.32000
KC,50,319,0.44000,0.12000,-0.32000,0.32000
KC,50,322,0.24000,1.00000,0.76000,0.76000
KC,100,8,0.61000,0.46000,-0.15000,0.15000
KC,100,11,0.68000,0.34000,-0.34000,0.34000
KC,100,14,0.52000,0.74000,0.22000,0.22000
KC,100,16,0.40000,0.88000,0.48000,0.48000
KC,100,18,0.58000,0.30000,-0.28000,0.28000
KC,100,21,0.48000,0.90000,0.42000,0.42000
KC,100,23,0.63000,0.37000,-0.26000,0.26000
KC,100,28,0.54000,0.77000,0.23000,0.23000
KC,100,30,0.42000,0.84000,0.42000,0.42000
KC,100,32,0.50000,0.29000,-0.21000,0.21000
KC,100,35,0.64000,0.39000,-0.25000,0.25000
KC,100,41,0.46000,0.81000,0.35000,0.35000
KC,100,43,0.34000,0.67000,0.33000,0.33000
KC,100,46,0.51000,0.29000,-0.22000,0.22000
KC,100,49,0.59000,0.22000,-0.37000,0.37000
KC,100,52,0.43000,0.70000,0.27000,0.27000
KC,100,54,0.33000,0.95000,0.62000,0.62000
KC,100,56,0.54000,0.78000,0.24000,0.24000
KC,100,58,0.39000,0.63000,0.24000,0.24000
KC,100,62,0.49000,0.73000,0.24000,0.24000
KC,100,64,0.32000,0.84000,0.52000,0.52000
KC,100,66,0.56000,0.26000,-0.30000,0.30000
KC,100,69,0.46000,0.68000,0.22000,0.22000
KC,100,73,0.59000,0.23000,-0.36000,0.36000
KC,100,76,0.48000,0.72000,0.24000,0.24000
KC,100,78,0.32000,0.94000,0.62000,0.62000
KC,100,80,0.54000,0.65000,0.11000,0.11000
KC,100,82,0.27000,0.83000,0.56000,0.56000
KC,100,84,0.42000,0.76000,0.34000,0.34000
KC,100,86,0.34000,0.97000,0.63000,0.63000
KC,100,88,0.57000,0.46000,-0.11000,0.11000
KC,100,91,0.28000,0.67000,0.39000,0.39000
KC,100,94,0.40000,0.60000,0.20000,0.20000
KC,100,98,0.50000,0.73000,0.23000,0.23000
KC,100,100,0.33000,0.85000,0.52000,0.52000
KC,100,102,0.45000,0.64000,0.19000,0.19000
KC,100,104,0.22000,0.97000,0.75000,0.75000
KC,100,106,0.54000,0.75000,0.21000,0.21000
KC,100,108,0.36000,0.81000,0.45000,0.45000
KC,100,110,0.47000,0.24000,-0.23000,0.23000
KC,100,113,0.61000,0.39000,-0.22000,0.22000
KC,100,116,0.27000,0.87000,0.60000,0.60000
KC,100,118,0.52000,0.18000,-0.34000,0.34000
KC,100,121,0.43000,0.96000,0.53000,0.53000
KC,100,123,0.58000,0.32000,-0.26000,0.26000
KC,100,128,0.48000,0.65000,0.17000,0.17000
KC,100,130,0.27000,0.92000,0.65000,0.65000
KC,100,132,0.42000,0.74000,0.32000,0.32000
KC,100,134,0.34000,0.98000,0.64000,0.64000
KC,100,136,0.56000,0.67000,0.11000,0.11000
KC,100,138,0.29000,0.82000,0.53000,0.53000
KC,100,140,0.46000,0.19000,-0.27000,0.27000
KC,100,143,0.59000,0.37000,-0.22000,0.22000
KC,100,146,0.26000,0.70000,0.44000,0.44000
KC,100,148,0.49000,0.95000,0.46000,0.46000
KC,100,150,0.40000,0.63000,0.23000,0.23000
KC,100,154,0.53000,0.31000,-0.22000,0.22000
KC,100,157,0.44000,0.98000,0.54000,0.54000
KC,100,159,0.60000,0.34000,-0.26000,0.26000
KC,100,164,0.50000,0.67000,0.17000,0.17000
KC,100,166,0.30000,0.91000,0.61000,0.61000
KC,100,168,0.46000,0.76000,0.30000,0.30000
KC,100,170,0.37000,0.62000,0.25000,0.25000
KC,100,174,0.54000,0.79000,0.25000,0.25000
KC,100,176,0.33000,0.69000,0.36000,0.36000
KC,100,178,0.42000,0.85000,0.43000,0.43000
KC,100,180,0.25000,0.58000,0.33000,0.33000
KC,100,183,0.47000,0.72000,0.25000,0.25000
KC,100,185,0.31000,0.82000,0.51000,0.51000
KC,100,187,0.52000,0.21000,-0.31000,0.31000
KC,100,190,0.61000,0.38000,-0.23000,0.23000
KC,100,193,0.27000,0.93000,0.66000,0.66000
KC,100,195,0.49000,0.66000,0.17000,0.17000
KC,100,199,0.44000,0.16000,-0.28000,0.28000
KC,100,202,0.58000,0.70000,0.12000,0.12000
KC,100,204,0.36000,0.79000,0.43000,0.43000
KC,100,206,0.47000,0.22000,-0.25000,0.25000
KC,100,209,0.55000,0.30000,-0.25000,0.25000
KC,100,212,0.15000,0.95000,0.80000,0.80000
KC,100,214,0.50000,0.64000,0.14000,0.14000
KC,100,218,0.42000,0.71000,0.29000,0.29000
KC,100,220,0.23000,0.92000,0.69000,0.69000
KC,100,222,0.53000,0.31000,-0.22000,0.22000
KC,100,225,0.59000,0.18000,-0.41000,0.41000
KC,100,228,0.45000,0.68000,0.23000,0.23000
KC,100,232,0.54000,0.25000,-0.29000,0.29000
KC,100,235,0.42000,0.72000,0.30000,0.30000
KC,100,237,0.19000,0.91000,0.72000,0.72000
KC,100,239,0.50000,0.63000,0.13000,0.13000
KC,100,241,0.30000,0.96000,0.66000,0.66000
KC,100,243,0.56000,0.37000,-0.19000,0.19000
KC,100,246,0.23000,0.69000,0.46000,0.46000
KC,100,250,0.33000,0.61000,0.28000,0.28000
KC,100,254,0.48000,0.94000,0.46000,0.46000
KC,100,256,0.39000,0.67000,0.28000,0.28000
KC,100,260,0.52000,0.17000,-0.35000,0.35000
KC,100,263,0.58000,0.35000,-0.23000,0.23000
KC,100,266,0.45000,0.71000,0.26000,0.26000
KC,100,268,0.24000,0.88000,0.64000,0.64000
KC,100,270,0.53000,0.31000,-0.22000,0.22000
KC,100,273,0.62000,0.38000,-0.24000,0.24000
KC,100,277,0.56000,0.73000,0.17000,0.17000
KC,100,279,0.29000,0.47000,0.18000,0.18000
KC,100,282,0.65000,0.35000,-0.30000,0.30000
KC,100,285,0.44000,0.19000,-0.25000,0.25000
KC,100,288,0.58000,0.30000,-0.28000,0.28000
KC,100,291,0.49000,0.13000,-0.36000,0.36000
KC,100,294,0.63000,0.36000,-0.27000,0.27000
KC,100,297,0.43000,0.20000,-0.23000,0.23000
KC,100,300,0.59000,0.70000,0.11000,0.11000
KC,100,302,0.33000,0.78000,0.45000,0.45000
KC,100,304,0.47000,0.18000,-0.29000,0.29000
KC,100,307,0.55000,0.29000,-0.26000,0.26000
KC,100,310,0.40000,0.95000,0.55000,0.55000
KC,100,312,0.61000,0.26000,-0.35000,0.35000
KC,100,315,0.49000,0.68000,0.19000,0.19000
KC,100,317,0.32000,0.88000,0.56000,0.56000
KC,100,319,0.44000,0.17000,-0.27000,0.27000
KC,100,322,0.56000,0.24000,-0.32000,0.32000
KC,100,325,0.63000,0.38000,-0.25000,0.25000
KC,100,328,0.47000,0.19000,-0.28000,0.28000
KC,100,331,0.58000,0.31000,-0.27000,0.27000
KC,100,336,0.25000,0.65000,0.40000,0.40000
KC,100,340,0.51000,0.75000,0.24000,0.24000
KC,100,342,0.36000,0.60000,0.24000,0.24000
KC,100,346,0.45000,0.93000,0.48000,0.48000
KC,100,348,0.54000,0.29000,-0.25000,0.25000
KC,100,353,0.22000,0.63000,0.41000,0.41000
KC,100,356,0.47000,0.31000,-0.16000,0.16000
KC,100,359,0.56000,0.17000,-0.39000,0.39000
KC,100,362,0.42000,0.68000,0.26000,0.26000
KC,100,364,0.26000,0.97000,0.71000,0.71000
KC,100,366,0.52000,0.73000,0.21000,0.21000
KC,100,368,0.35000,0.83000,0.48000,0.48000
KC,100,370,0.46000,0.20000,-0.26000,0.26000
KC,100,374,0.39000,0.59000,0.20000,0.20000
KC,100,378,0.31000,0.98000,0.67000,0.67000
KC,100,380,0.53000,0.70000,0.17000,0.17000
KC,100,382,0.36000,0.85000,0.49000,0.49000
KC,100,384,0.47000,0.22000,-0.25000,0.25000
KC,100,387,0.58000,0.27000,-0.31000,0.31000
KC,100,390,0.43000,0.67000,0.24000,0.24000
KC,100,394,0.50000,0.32000,-0.18000,0.18000
KC,100,397,0.60000,0.21000,-0.39000,0.39000
KC,100,398,0.21000,0.96000,0.75000,0.75000
KC,100,400,0.44000,0.71000,0.27000,0.27000
KC,100,402,0.30000,0.82000,0.52000,0.52000
KC,100,404,0.53000,0.17000,-0.36000,0.36000
KC,100,407,0.41000,0.65000,0.24000,0.24000
KC,100,411,0.48000,0.11000,-0.37000,0.37000
KC,100,414,0.58000,0.35000,-0.23000,0.23000
KC,100,417,0.51000,0.70000,0.19000,0.19000
KC,100,419,0.25000,0.89000,0.64000,0.64000
KC,100,421,0.43000,0.63000,0.20000,0.20000
KC,100,425,0.37000,0.95000,0.58000,0.58000
KC,100,427,0.55000,0.30000,-0.25000,0.25000
KC,100,432,0.26000,0.65000,0.39000,0.39000
KC,100,436,0.50000,0.36000,-0.14000,0.14000
KC,100,439,0.59000,0.21000,-0.38000,0.38000
KC,100,442,0.44000,0.69000,0.25000,0.25000
KC,100,446,0.53000,0.19000,-0.34000,0.34000
KC,100,449,0.41000,0.66000,0.25000,0.25000
KC,100,453,0.56000,0.74000,0.18000,0.18000
KC,100,455,0.35000,0.16000,-0.19000,0.19000
KC,100,458,0.48000,0.23000,-0.25000,0.25000
KC,100,461,0.61000,0.39000,-0.22000,0.22000
KC,100,464,0.20000,0.85000,0.65000,0.65000
KC,100,466,0.50000,0.29000,-0.21000,0.21000
KC,100,469,0.59000,0.41000,-0.18000,0.18000
KC,100,472,0.25000,0.67000,0.42000,0.42000
KC,100,476,0.47000,0.63000,0.16000,0.16000
KC,100,478,0.31000,0.96000,0.65000,0.65000
KC,100,480,0.53000,0.75000,0.22000,0.22000
KC,100,482,0.36000,0.83000,0.47000,0.47000
KC,100,484,0.44000,0.20000,-0.24000,0.24000
KC,100,488,0.50000,0.28000,-0.22000,0.22000
KC,100,491,0.58000,0.22000,-0.36000,0.36000
KC,100,494,0.43000,0.66000,0.23000,0.23000
KC,100,498,0.54000,0.19000,-0.35000,0.35000
KC,100,501,0.39000,0.93000,0.54000,0.54000
KC,100,503,0.60000,0.29000,-0.31000,0.31000
KC,100,506,0.47000,0.16000,-0.31000,0.31000
KC,100,511,0.53000,0.22000,-0.31000,0.31000
KC,100,514,0.41000,0.99000,0.58000,0.58000
KC,100,516,0.61000,0.31000,-0.30000,0.30000
KC,100,519,0.46000,0.87000,0.41000,0.41000
KC,100,521,0.27000,0.64000,0.37000,0.37000
KC,100,525,0.49000,0.34000,-0.15000,0.15000
KC,100,528,0.58000,0.24000,-0.34000,0.34000
KC,100,531,0.42000,0.88000,0.46000,0.46000
KC,100,533,0.53000,0.21000,-0.32000,0.32000
KC,100,538,0.60000,0.39000,-0.21000,0.21000
KC,100,541,0.26000,0.66000,0.40000,0.40000
KC,100,545,0.48000,0.73000,0.25000,0.25000
KC,100,547,0.35000,0.84000,0.49000,0.49000
KC,100,549,0.54000,0.24000,-0.30000,0.30000
KC,100,552,0.42000,0.91000,0.49000,0.49000
KC,100,554,0.58000,0.29000,-0.29000,0.29000
KC,100,557,0.16000,0.87000,0.71000,0.71000
KC,100,559,0.46000,0.23000,-0.23000,0.23000
KC,100,562,0.61000,0.38000,-0.23000,0.23000
KC,100,565,0.51000,0.19000,-0.32000,0.32000
KC,100,568,0.34000,0.66000,0.32000,0.32000
KC,100,572,0.47000,0.71000,0.24000,0.24000
KC,100,574,0.28000,0.86000,0.58000,0.58000
KC,100,576,0.54000,0.22000,-0.32000,0.32000
KC,100,579,0.40000,0.08000,-0.32000,0.32000
KC,100,582,0.59000,0.33000,-0.26000,0.26000
KC,100,587,0.48000,0.63000,0.15000,0.15000
KC,100,589,0.26000,0.81000,0.55000,0.55000
KC,100,591,0.39000,0.09000,-0.30000,0.30000
KC,100,594,0.55000,0.73000,0.18000,0.18000
KC,100,596,0.34000,0.84000,0.50000,0.50000
KC,100,598,0.46000,0.21000,-0.25000,0.25000
KC,100,602,0.51000,0.30000,-0.21000,0.21000
KC,100,605,0.41000,0.88000,0.47000,0.47000
KC,100,607,0.58000,0.24000,-0.34000,0.34000
KC,100,610,0.36000,0.95000,0.59000,0.59000
KC,100,612,0.52000,0.20000,-0.32000,0.32000
KC,100,615,0.44000,0.65000,0.21000,0.21000
KC,100,617,0.15000,0.90000,0.75000,0.75000
KC,100,619,0.38000,0.72000,0.34000,0.34000
KC,100,621,0.28000,0.57000,0.29000,0.29000
KC,100,625,0.48000,0.81000,0.33000,0.33000
KC,100,627,0.34000,0.63000,0.29000,0.29000
KC,100,631,0.45000,0.69000,0.24000,0.24000
KC,100,633,0.26000,0.92000,0.66000,0.66000
KC,100,635,0.53000,0.36000,-0.17000,0.17000
KC,100,638,0.18000,0.61000,0.43000,0.43000
KC,100,642,0.43000,0.73000,0.30000,0.30000
KC,100,644,0.30000,0.83000,0.53000,0.53000
KC,100,646,0.51000,0.22000,-0.29000,0.29000
KC,100,651,0.40000,0.58000,0.18000,0.18000
KC,100,655,0.48000,0.75000,0.27000,0.27000
KC,100,657,0.33000,0.80000,0.47000,0.47000
KC,100,659,0.54000,0.24000,-0.30000,0.30000
KC,100,662,0.43000,0.67000,0.24000,0.24000
KC,100,666,0.51000,0.71000,0.20000,0.20000
KC,100,668,0.32000,0.82000,0.50000,0.50000
KC,100,670,0.41000,0.61000,0.20000,0.20000
KC,100,672,0.16000,0.91000,0.75000,0.75000
KC,100,674,0.47000,0.74000,0.27000,0.27000
KC,100,676,0.28000,0.57000,0.29000,0.29000
KC,100,678,0.09000,0.97000,0.88000,0.88000
KC,100,680,0.39000,0.68000,0.29000,0.29000
KC,100,684,0.50000,0.31000,-0.19000,0.19000
KC,100,687,0.59000,0.17000,-0.42000,0.42000
KC,100,688,0.17000,0.93000,0.76000,0.76000
KC,100,690,0.43000,0.70000,0.27000,0.27000
KC,100,692,0.27000,0.86000,0.59000,0.59000
KC,100,694,0.52000,0.20000,-0.32000,0.32000
KC,200,8,0.61000,0.46000,-0.15000,0.15000
KC,200,11,0.67500,0.34500,-0.33000,0.33000
KC,200,14,0.52500,0.73500,0.21000,0.21000
KC,200,16,0.40000,0.88000,0.48000,0.48000
KC,200,18,0.57500,0.30500,-0.27000,0.27000
KC,200,21,0.48500,0.90000,0.41500,0.41500
KC,200,23,0.63500,0.37000,-0.26500,0.26500
KC,200,26,0.45000,0.91500,0.46500,0.46500
KC,200,28,0.56000,0.28500,-0.27500,0.27500
KC,200,31,0.65500,0.39000,-0.26500,0.26500
KC,200,34,0.51000,0.71000,0.20000,0.20000
KC,200,36,0.31500,0.85000,0.53500,0.53500
KC,200,38,0.46500,0.62000,0.15500,0.15500
KC,200,42,0.55000,0.76500,0.21500,0.21500
KC,200,44,0.37000,0.83000,0.46000,0.46000
KC,200,46,0.48000,0.67500,0.19500,0.19500
KC,200,48,0.27000,0.90500,0.63500,0.63500
KC,200,50,0.53000,0.34000,-0.19000,0.19000
KC,200,53,0.60500,0.22000,-0.38500,0.38500
KC,200,56,0.45000,0.72000,0.27000,0.27000
KC,200,60,0.56500,0.28000,-0.28500,0.28500
KC,200,63,0.47500,0.96000,0.48500,0.48500
KC,200,65,0.63000,0.34500,-0.28500,0.28500
KC,200,68,0.51000,0.23000,-0.28000,0.28000
KC,200,71,0.66000,0.40500,-0.25500,0.25500
KC,200,74,0.29000,0.92500,0.63500,0.63500
KC,200,76,0.54000,0.37000,-0.17000,0.17000
KC,200,79,0.59500,0.21500,-0.38000,0.38000
KC,200,82,0.47000,0.69500,0.22500,0.22500
KC,200,86,0.52500,0.24500,-0.28000,0.28000
KC,200,89,0.42000,0.91000,0.49000,0.49000
KC,200,91,0.61000,0.30500,-0.30500,0.30500
KC,200,94,0.19000,0.94500,0.75500,0.75500
KC,200,96,0.49500,0.65000,0.15500,0.15500
KC,200,100,0.44500,0.87500,0.43000,0.43000
KC,200,102,0.56000,0.26000,-0.30000,0.30000
KC,200,105,0.38500,0.97500,0.59000,0.59000
KC,200,107,0.59500,0.31500,-0.28000,0.28000
KC,200,110,0.48000,0.68500,0.20500,0.20500
KC,200,112,0.22000,0.90000,0.68000,0.68000
KC,200,114,0.42500,0.63500,0.21000,0.21000
KC,200,118,0.52000,0.16500,-0.35500,0.35500
KC,200,121,0.58000,0.36500,-0.21500,0.21500
KC,200,126,0.28500,0.66500,0.38000,0.38000
KC,200,130,0.50500,0.71500,0.21000,0.21000
KC,200,132,0.34500,0.87000,0.52500,0.52500
KC,200,134,0.46000,0.61500,0.15500,0.15500
KC,200,136,0.22000,0.98000,0.76000,0.76000
KC,200,138,0.54500,0.75000,0.20500,0.20500
KC,200,140,0.37000,0.82500,0.45500,0.45500
KC,200,142,0.43500,0.65500,0.22000,0.22000
KC,200,144,0.24000,0.91500,0.67500,0.67500
KC,200,146,0.51500,0.31000,-0.20500,0.20500
KC,200,149,0.59000,0.18500,-0.40500,0.40500
KC,200,152,0.45500,0.70000,0.24500,0.24500
KC,200,156,0.54000,0.25000,-0.29000,0.29000
KC,200,159,0.41000,0.89500,0.48500,0.48500
KC,200,161,0.60500,0.29500,-0.31000,0.31000
KC,200,164,0.18000,0.94500,0.76500,0.76500
KC,200,166,0.49000,0.64500,0.15500,0.15500
KC,200,170,0.43500,0.15500,-0.28000,0.28000
KC,200,173,0.56500,0.28000,-0.28500,0.28500
KC,200,176,0.39500,0.98500,0.59000,0.59000
KC,200,178,0.61500,0.32500,-0.29000,0.29000
KC,200,181,0.50000,0.20500,-0.29500,0.29500
KC,200,184,0.66000,0.41500,-0.24500,0.24500
KC,200,187,0.27500,0.86000,0.58500,0.58500
KC,200,189,0.53000,0.34500,-0.18500,0.18500
KC,200,192,0.59500,0.43500,-0.16000,0.16000
KC,200,195,0.25000,0.68500,0.43500,0.43500
KC,200,199,0.51500,0.19000,-0.32500,0.32500
KC,200,202,0.57500,0.30500,-0.27000,0.27000
KC,200,205,0.64000,0.41000,-0.23000,0.23000
KC,200,208,0.26000,0.85000,0.59000,0.59000
KC,200,210,0.49000,0.67000,0.18000,0.18000
KC,200,212,0.32000,0.93500,0.61500,0.61500
KC,200,214,0.54000,0.22500,-0.31500,0.31500
KC,200,217,0.43000,0.70500,0.27500,0.27500
KC,200,219,0.18000,0.89000,0.71000,0.71000
KC,200,221,0.47500,0.61000,0.13500,0.13500
KC,200,223,0.28000,0.98500,0.70500,0.70500
KC,200,225,0.55500,0.76000,0.20500,0.20500
KC,200,227,0.36000,0.83500,0.47500,0.47500
KC,200,229,0.44500,0.65500,0.21000,0.21000
KC,200,231,0.23000,0.91500,0.68500,0.68500
KC,200,233,0.51000,0.31500,-0.19500,0.19500
KC,200,238,0.57000,0.38500,-0.18500,0.18500
KC,200,241,0.62500,0.29500,-0.33000,0.33000
KC,200,244,0.46500,0.19000,-0.27500,0.27500
KC,200,247,0.53500,0.26000,-0.27500,0.27500
KC,200,250,0.66500,0.40500,-0.26000,0.26000
KC,200,253,0.31500,0.88000,0.56500,0.56500
KC,200,255,0.50500,0.21000,-0.29500,0.29500
KC,200,258,0.58000,0.34500,-0.23500,0.23500
KC,200,261,0.45500,0.69000,0.23500,0.23500
KC,200,263,0.24000,0.84500,0.60500,0.60500
KC,200,265,0.52500,0.17000,-0.35500,0.35500
KC,200,268,0.61500,0.38500,-0.23000,0.23000
KC,200,271,0.47000,0.25500,-0.21500,0.21500
KC,200,274,0.65000,0.35000,-0.30000,0.30000
KC,200,277,0.50000,0.17500,-0.32500,0.32500
KC,200,280,0.57500,0.31000,-0.26500,0.26500
KC,200,283,0.43000,0.70000,0.27000,0.27000
KC,200,285,0.22000,0.87000,0.65000,0.65000
KC,200,287,0.52000,0.33000,-0.19000,0.19000
KC,200,290,0.62500,0.40000,-0.22500,0.22500
KC,200,293,0.26000,0.67500,0.41500,0.41500
KC,200,297,0.34500,0.80000,0.45500,0.45500
KC,200,299,0.54500,0.20500,-0.34000,0.34000
KC,200,302,0.43500,0.64500,0.21000,0.21000
KC,200,306,0.57000,0.36500,-0.20500,0.20500
KC,200,311,0.49000,0.68500,0.19500,0.19500
KC,200,313,0.30000,0.92500,0.62500,0.62500
KC,200,315,0.45000,0.61500,0.16500,0.16500
KC,200,319,0.39500,0.72500,0.33000,0.33000
KC,200,321,0.27000,0.79000,0.52000,0.52000
KC,200,323,0.52000,0.14500,-0.37500,0.37500
KC,200,326,0.58000,0.35000,-0.23000,0.23000
KC,200,329,0.43500,0.17500,-0.26000,0.26000
KC,200,332,0.63500,0.31000,-0.32500,0.32500
KC,200,335,0.49000,0.21000,-0.28000,0.28000
KC,200,338,0.59500,0.39000,-0.20500,0.20500
KC,200,343,0.52500,0.18000,-0.34500,0.34500
KC,200,346,0.42000,0.93500,0.51500,0.51500
KC,200,348,0.57000,0.31500,-0.25500,0.25500
KC,200,353,0.47000,0.65000,0.18000,0.18000
KC,200,355,0.27000,0.96000,0.69000,0.69000
KC,200,357,0.51500,0.75000,0.23500,0.23500
KC,200,359,0.36000,0.81000,0.45000,0.45000
KC,200,361,0.43500,0.17500,-0.26000,0.26000
KC,200,365,0.49000,0.28500,-0.20500,0.20500
KC,200,368,0.58000,0.21000,-0.37000,0.37000
KC,200,371,0.42000,0.70500,0.28500,0.28500
KC,200,375,0.54000,0.23500,-0.30500,0.30500
KC,200,378,0.39500,0.89500,0.50000,0.50000
KC,200,380,0.60000,0.28000,-0.32000,0.32000
KC,200,383,0.46500,0.14500,-0.32000,0.32000
KC,200,386,0.56000,0.34500,-0.21500,0.21500
KC,200,391,0.49000,0.65000,0.16000,0.16000
KC,200,393,0.26500,0.98500,0.72000,0.72000
KC,200,395,0.43000,0.75500,0.32500,0.32500
KC,200,397,0.33500,0.61500,0.28000,0.28000
KC,200,400,0.39000,0.16500,-0.22500,0.22500
KC,200,403,0.54000,0.68500,0.14500,0.14500
KC,200,405,0.29000,0.79000,0.50000,0.50000
KC,200,407,0.45000,0.13500,-0.31500,0.31500
KC,200,410,0.58000,0.35000,-0.23000,0.23000
KC,200,413,0.23500,0.87500,0.64000,0.64000
KC,200,415,0.50000,0.64500,0.14500,0.14500
KC,200,417,0.28000,0.93000,0.65000,0.65000
KC,200,419,0.43000,0.76000,0.33000,0.33000
KC,200,421,0.33000,0.60500,0.27500,0.27500
KC,200,425,0.47500,0.21500,-0.26000,0.26000
KC,200,428,0.66500,0.39500,-0.27000,0.27000
KC,200,431,0.53000,0.26000,-0.27000,0.27000
KC,200,434,0.58500,0.34000,-0.24500,0.24500
KC,200,437,0.18000,0.96500,0.78500,0.78500
KC,200,439,0.48500,0.68000,0.19500,0.19500
KC,200,441,0.31000,0.82000,0.51000,0.51000
KC,200,443,0.43500,0.62000,0.18500,0.18500
KC,200,445,0.19500,0.90500,0.71000,0.71000
KC,200,447,0.51500,0.28000,-0.23500,0.23500
KC,200,450,0.38500,0.86000,0.47500,0.47500
KC,200,452,0.56500,0.21500,-0.35000,0.35000
KC,200,455,0.33500,0.97000,0.63500,0.63500
KC,200,457,0.48000,0.65500,0.17500,0.17500
KC,200,459,0.24500,0.83000,0.58500,0.58500
KC,200,461,0.41500,0.74500,0.33000,0.33000
KC,200,463,0.18500,0.92500,0.74000,0.74000
KC,200,465,0.53000,0.34500,-0.18500,0.18500
KC,200,470,0.46000,0.61000,0.15000,0.15000
KC,200,474,0.55000,0.78000,0.23000,0.23000
KC,200,476,0.37000,0.71500,0.34500,0.34500
KC,200,478,0.28000,0.85000,0.57000,0.57000
KC,200,480,0.48500,0.18500,-0.30000,0.30000
KC,200,483,0.59000,0.40000,-0.19000,0.19000
KC,200,486,0.30000,0.66000,0.36000,0.36000
KC,200,490,0.50000,0.34000,-0.16000,0.16000
KC,200,493,0.56500,0.21500,-0.35000,0.35000
KC,200,496,0.44500,0.70000,0.25500,0.25500
KC,200,500,0.52500,0.18500,-0.34000,0.34000
KC,200,503,0.38000,0.98000,0.60000,0.60000
KC,200,505,0.60500,0.32000,-0.28500,0.28500
KC,200,508,0.47500,0.20000,-0.27500,0.27500
KC,200,511,0.63500,0.39500,-0.24000,0.24000
KC,200,514,0.25500,0.92000,0.66500,0.66500
KC,200,516,0.51500,0.33500,-0.18000,0.18000
KC,200,519,0.58000,0.19000,-0.39000,0.39000
KC,200,522,0.45000,0.68000,0.23000,0.23000
KC,200,526,0.40500,0.86500,0.46000,0.46000
KC,200,528,0.54000,0.22000,-0.32000,0.32000
KC,200,531,0.34500,0.98500,0.64000,0.64000
KC,200,533,0.59500,0.43000,-0.16500,0.16500
KC,200,536,0.27500,0.65500,0.38000,0.38000
KC,200,540,0.49500,0.74000,0.24500,0.24500
KC,200,542,0.35500,0.57500,0.22000,0.22000
KC,200,544,0.13000,0.93500,0.80500,0.80500
KC,200,546,0.44500,0.78000,0.33500,0.33500
KC,200,548,0.29500,0.64000,0.34500,0.34500
KC,200,552,0.51000,0.34000,-0.17000,0.17000
KC,200,555,0.61000,0.40000,-0.21000,0.21000
KC,200,558,0.24000,0.83500,0.59500,0.59500
KC,200,560,0.48500,0.68000,0.19500,0.19500
KC,200,562,0.28500,0.91500,0.63000,0.63000
KC,200,564,0.54000,0.35500,-0.18500,0.18500
KC,200,567,0.20000,0.63000,0.43000,0.43000
KC,200,571,0.45500,0.71500,0.26000,0.26000
KC,200,573,0.32500,0.85500,0.53000,0.53000
KC,200,575,0.52500,0.24500,-0.28000,0.28000
KC,200,578,0.41000,0.89500,0.48500,0.48500
KC,200,580,0.58500,0.29000,-0.29500,0.29500
KC,200,583,0.16500,0.95000,0.78500,0.78500
KC,200,585,0.48000,0.64500,0.16500,0.16500
KC,200,587,0.33500,0.82000,0.48500,0.48500
KC,200,589,0.42500,0.13500,-0.29000,0.29000
KC,200,592,0.56000,0.26500,-0.29500,0.29500
KC,200,595,0.38000,0.97500,0.59500,0.59500
KC,200,597,0.60500,0.31000,-0.29500,0.29500
KC,200,600,0.49000,0.18500,-0.30500,0.30500
KC,200,603,0.63500,0.39500,-0.24000,0.24000
KC,200,606,0.25000,0.84500,0.59500,0.59500
KC,200,608,0.51000,0.16000,-0.35000,0.35000
KC,200,611,0.57000,0.35000,-0.22000,0.22000
KC,200,614,0.43500,0.12500,-0.31000,0.31000
KC,200,617,0.61500,0.28500,-0.33000,0.33000
KC,200,620,0.49500,0.69000,0.19500,0.19500
KC,200,622,0.33500,0.80500,0.47000,0.47000
KC,200,624,0.42000,0.17000,-0.25000,0.25000
KC,200,627,0.58000,0.27500,-0.30500,0.30500
KC,200,630,0.46500,0.10000,-0.36500,0.36500
KC,200,633,0.63000,0.36500,-0.26500,0.26500
KC,200,636,0.51500,0.22500,-0.29000,0.29000
KC,200,639,0.42500,0.68000,0.25500,0.25500
KC,200,643,0.55500,0.34000,-0.21500,0.21500
KC,200,646,0.18500,0.64500,0.46000,0.46000
KC,200,649,0.45000,0.71000,0.26000,0.26000
KC,200,651,0.30500,0.83000,0.52500,0.52500
KC,200,653,0.50500,0.21500,-0.29000,0.29000
KC,200,656,0.58500,0.37500,-0.21000,0.21000
KC,200,659,0.25500,0.87000,0.61500,0.61500
KC,200,661,0.47500,0.63500,0.16000,0.16000
KC,200,663,0.17500,0.98000,0.80500,0.80500
KC,200,665,0.42000,0.69500,0.27500,0.27500
KC,200,669,0.53500,0.21000,-0.32500,0.32500
KC,200,672,0.59500,0.37000,-0.22500,0.22500
KC,200,675,0.27000,0.66500,0.39500,0.39500
KC,200,677,0.13000,0.94500,0.81500,0.81500
KC,200,679,0.47000,0.72500,0.25500,0.25500
KC,200,681,0.33500,0.84500,0.51000,0.51000
KC,200,683,0.52000,0.22500,-0.29500,0.29500
KC,200,686,0.57500,0.38000,-0.19500,0.19500
KC,200,689,0.19000,0.99500,0.80500,0.80500
KC,200,691,0.49000,0.65000,0.16000,0.16000
KC,200,695,0.43000,0.70000,0.27000,0.27000
KC,200,697,0.23000,0.91000,0.68000,0.68000
KC,200,699,0.54000,0.35000,-0.19000,0.19000
KC,200,702,0.19500,0.61500,0.42000,0.42000
KC,200,705,0.45000,0.68000,0.23000,0.23000
KC,200,707,0.29000,0.85500,0.56500,0.56500
KC,200,709,0.50500,0.21500,-0.29000,0.29000
KC,200,712,0.39000,0.93000,0.54000,0.54000
KC,200,714,0.57500,0.31000,-0.26500,0.26500
KC,200,717,0.17500,0.87500,0.70000,0.70000
KC,200,719,0.47000,0.63500,0.16500,0.16500
KC,200,721,0.25500,0.97500,0.72000,0.72000
KC,200,723,0.53000,0.77500,0.24500,0.24500
KC,200,725,0.36500,0.67000,0.30500,0.30500
KC,200,727,0.22000,0.83500,0.61500,0.61500
KC,200,729,0.44500,0.13500,-0.31000,0.31000
KC,200,732,0.56500,0.32500,-0.24000,0.24000
KC,200,735,0.41000,0.95000,0.54000,0.54000
KC,200,737,0.60500,0.27000,-0.33500,0.33500
KC,200,740,0.48500,0.18000,-0.30500,0.30500
KC,200,745,0.54000,0.22500,-0.31500,0.31500
KC,200,748,0.42500,0.09500,-0.33000,0.33000
KC,200,751,0.62500,0.34000,-0.28500,0.28500
KC,200,754,0.49500,0.19500,-0.30000,0.30000
KC,200,757,0.57500,0.29500,-0.28000,0.28000
KC,200,760,0.40500,0.93500,0.53000,0.53000
KC,200,762,0.52500,0.23500,-0.29000,0.29000
KC,200,767,0.47000,0.13500,-0.33500,0.33500
KC,200,770,0.61500,0.32000,-0.29500,0.29500
KC,200,773,0.43500,0.88000,0.44500,0.44500
KC,200,775,0.55000,0.24000,-0.31000,0.31000
KC,200,778,0.37500,0.09500,-0.28000,0.28000
KC,200,781,0.59500,0.30000,-0.29500,0.29500
KC,200,787,0.64000,0.35500,-0.28500,0.28500
KC,200,790,0.50500,0.22500,-0.28000,0.28000
KC,200,793,0.57000,0.31500,-0.25500,0.25500
KC,200,796,0.17000,0.94000,0.77000,0.77000
KC,200,798,0.47000,0.66500,0.19500,0.19500
KC,200,802,0.53000,0.21500,-0.31500,0.31500
KC,200,805,0.42000,0.70500,0.28500,0.28500
KC,200,807,0.28000,0.61500,0.33500,0.33500
KC,200,809,0.10000,0.97000,0.87000,0.87000
KC,200,811,0.48500,0.77500,0.29000,0.29000
KC,200,813,0.35500,0.65000,0.29500,0.29500
KC,200,815,0.20000,0.87000,0.67000,0.67000
KC,200,817,0.45000,0.73000,0.28000,0.28000
KC,200,819,0.29000,0.92500,0.63500,0.63500
KC,200,821,0.54500,0.37500,-0.17000,0.17000
KC,200,824,0.23000,0.62500,0.39500,0.39500
KC,200,828,0.49500,0.69500,0.20000,0.20000
KC,200,830,0.33500,0.84000,0.50500,0.50500
KC,200,832,0.44000,0.60000,0.16000,0.16000
KC,200,836,0.52000,0.75000,0.23000,0.23000
KC,200,838,0.30500,0.95000,0.64500,0.64500
KC,200,840,0.46500,0.66500,0.20000,0.20000
KC,200,844,0.40000,0.61000,0.21000,0.21000
KC,200,848,0.50500,0.72500,0.22000,0.22000
KC,200,850,0.31500,0.85500,0.54000,0.54000
KC,200,852,0.43000,0.19000,-0.24000,0.24000
KC,200,856,0.54000,0.34500,-0.19500,0.19500
KC,200,859,0.46000,0.16500,-0.29500,0.29500
KC,200,862,0.60000,0.29000,-0.31000,0.31000
KC,200,865,0.40000,0.94500,0.54500,0.54500
KC,200,867,0.52500,0.23000,-0.29500,0.29500
KC,200,872,0.57000,0.17500,-0.39500,0.39500
KC,200,875,0.44500,0.65500,0.21000,0.21000
KC,200,877,0.27500,0.79500,0.52000,0.52000
KC,200,879,0.38500,0.08500,-0.30000,0.30000
KC,200,882,0.55000,0.71500,0.16500,0.16500
KC,200,884,0.32000,0.85000,0.53000,0.53000
KC,200,886,0.48000,0.21500,-0.26500,0.26500
KC,200,890,0.41000,0.59500,0.18500,0.18500
KC,200,894,0.33500,0.96000,0.62500,0.62500
KC,200,896,0.52000,0.69000,0.17000,0.17000
KC,200,898,0.27500,0.82000,0.54500,0.54500
KC,200,900,0.44000,0.15000,-0.29000,0.29000
KC,200,903,0.57000,0.35500,-0.21500,0.21500
KC,200,906,0.23000,0.63500,0.40500,0.40500
KC,200,908,0.07500,0.99000,0.91500,0.91500
KC,200,910,0.47500,0.78500,0.31000,0.31000
KC,200,912,0.37500,0.60500,0.23000,0.23000
KC,200,916,0.50500,0.28500,-0.22000,0.22000
KC,200,919,0.67000,0.41000,-0.26000,0.26000
KC,200,922,0.25000,0.56000,0.31000,0.31000
KC,200,925,0.35000,0.12000,-0.23000,0.23000
KC,200,928,0.59500,0.45000,-0.14500,0.14500
KC,200,931,0.27000,0.81500,0.54500,0.54500
KC,200,933,0.49500,0.17500,-0.32000,0.32000
KC,200,936,0.62500,0.36500,-0.26000,0.26000
KC,200,939,0.24500,0.54000,0.29500,0.29500
KC,200,942,0.42500,0.69000,0.26500,0.26500
KC,200,944,0.29000,0.86000,0.57000,0.57000
KC,200,946,0.51000,0.18500,-0.32500,0.32500
KC,200,949,0.37500,0.92500,0.55000,0.55000
KC,200,951,0.58000,0.26500,-0.31500,0.31500
KC,200,954,0.45500,0.13500,-0.32000,0.32000
KC,200,958,0.40000,0.61500,0.21500,0.21500
KC,200,962,0.50000,0.72000,0.22000,0.22000
KC,200,964,0.31000,0.89000,0.58000,0.58000
KC,200,966,0.44000,0.64500,0.20500,0.20500
KC,200,968,0.19500,0.94000,0.74500,0.74500
KC,200,970,0.53500,0.34500,-0.19000,0.19000
KC,200,973,0.25500,0.69500,0.44000,0.44000
KC,200,977,0.32000,0.60000,0.28000,0.28000
KC,200,981,0.50500,0.75000,0.24500,0.24500
KC,200,983,0.37000,0.82000,0.45000,0.45000
KC,200,985,0.27000,0.63000,0.36000,0.36000
KC,200,989,0.47500,0.68000,0.20500,0.20500
KC,200,991,0.32500,0.85000,0.52500,0.52500
KC,200,993,0.53000,0.21000,-0.32000,0.32000
KC,200,996,0.58500,0.39500,-0.19000,0.19000
KC,200,999,0.28500,0.71000,0.42500,0.42500
KC,200,1001,0.45500,0.89500,0.44000,0.44000
KC,200,1003,0.34500,0.64000,0.29500,0.29500
KC,200,1007,0.50000,0.24000,-0.26000,0.26000
KC,200,1010,0.57000,0.37500,-0.19500,0.19500
KC,200,1013,0.20000,0.86500,0.66500,0.66500
KC,200,1015,0.46500,0.66000,0.19500,0.19500
KC,200,1017,0.28000,0.96000,0.68000,0.68000
KC,200,1019,0.53500,0.35000,-0.18500,0.18500
KC,200,1022,0.60500,0.21500,-0.39000,0.39000
KC,200,1023,0.21500,0.88500,0.67000,0.67000
KC,200,1025,0.43000,0.70000,0.27000,0.27000
KC,200,1027,0.29000,0.07500,-0.21500,0.21500
KC,200,1030,0.51500,0.73000,0.21500,0.21500
KC,200,1032,0.36000,0.15500,-0.20500,0.20500
KC,200,1035,0.56500,0.25500,-0.31000,0.31000
KC,200,1038,0.47500,0.67000,0.19500,0.19500
KC,200,1042,0.42000,0.13500,-0.28500,0.28500
KC,200,1045,0.59000,0.27500,-0.31500,0.31500
KC,200,1048,0.45500,0.08500,-0.37000,0.37000
KC,200,1051,0.54000,0.30500,-0.23500,0.23500
KC,200,1054,0.18500,0.84500,0.66000,0.66000
KC,200,1056,0.41000,0.63000,0.22000,0.22000
KC,200,1058,0.12500,0.99500,0.87000,0.87000
KC,200,1060,0.50000,0.76500,0.26500,0.26500
KC,200,1062,0.34000,0.65500,0.31500,0.31500
KC,200,1064,0.23000,0.90500,0.67500,0.67500
KC,200,1066,0.46500,0.72000,0.25500,0.25500
KC,200,1068,0.29500,0.82500,0.53000,0.53000
KC,200,1070,0.53500,0.18500,-0.35000,0.35000
KC,200,1073,0.43000,0.64000,0.21000,0.21000
KC,200,1077,0.49500,0.13500,-0.36000,0.36000
KC,200,1080,0.58000,0.33500,-0.24500,0.24500
KC,200,1083,0.22000,0.97000,0.75000,0.75000
KC,200,1085,0.47000,0.67500,0.20500,0.20500
KC,200,1089,0.54500,0.24500,-0.30000,0.30000
KC,200,1092,0.41000,0.92000,0.51000,0.51000
KC,200,1094,0.60000,0.29500,-0.30500,0.30500
KC,200,1097,0.17500,0.87500,0.70000,0.70000
KC,200,1099,0.46500,0.63000,0.16500,0.16500
KC,200,1101,0.25500,0.98500,0.73000,0.73000
KC,200,1103,0.51500,0.75500,0.24000,0.24000
KC,200,1105,0.35500,0.81500,0.46000,0.46000
KC,200,1107,0.43500,0.19000,-0.24500,0.24500
KC,200,1111,0.49500,0.29000,-0.20500,0.20500
KC,200,1117,0.39000,0.64500,0.25500,0.25500
KC,200,1119,0.22500,0.95500,0.73000,0.73000
KC,200,1121,0.47500,0.78000,0.30500,0.30500
KC,200,1123,0.33000,0.60500,0.27500,0.27500
KC,200,1127,0.44000,0.70000,0.26000,0.26000
KC,200,1129,0.26500,0.83000,0.56500,0.56500
KC,200,1131,0.52000,0.18500,-0.33500,0.33500
KC,200,1134,0.58000,0.37000,-0.21000,0.21000
KC,200,1137,0.29000,0.85500,0.56500,0.56500
KC,200,1139,0.48500,0.66000,0.17500,0.17500
KC,200,1141,0.21500,0.91500,0.70000,0.70000
KC,200,1143,0.42500,0.71000,0.28500,0.28500
KC,200,1145,0.31500,0.80000,0.48500,0.48500
KC,200,1147,0.53500,0.17000,-0.36500,0.36500
KC,200,1150,0.59500,0.38000,-0.21500,0.21500
KC,200,1153,0.27000,0.88000,0.61000,0.61000
KC,200,1155,0.49500,0.65000,0.15500,0.15500
KC,200,1157,0.22500,0.94000,0.71500,0.71500
KC,200,1159,0.44500,0.69500,0.25000,0.25000
KC,200,1161,0.33000,0.82000,0.49000,0.49000
KC,200,1163,0.54500,0.20000,-0.34500,0.34500
KC,200,1166,0.42000,0.63500,0.21500,0.21500
KC,200,1170,0.48000,0.11500,-0.36500,0.36500
KC,200,1173,0.58000,0.34000,-0.24000,0.24000
KC,200,1176,0.22500,0.85000,0.62500,0.62500
KC,200,1178,0.45500,0.66500,0.21000,0.21000
KC,200,1180,0.28000,0.92500,0.64500,0.64500
KC,200,1182,0.52500,0.18500,-0.34000,0.34000
KC,200,1185,0.39000,0.06500,-0.32500,0.32500
KC,200,1188,0.57000,0.30000,-0.27000,0.27000
KC,200,1191,0.15000,0.99500,0.84500,0.84500
KC,200,1193,0.47500,0.63000,0.15500,0.15500
KC,200,1197,0.42500,0.89000,0.46500,0.46500
KC,200,1199,0.54500,0.24000,-0.30500,0.30500
KC,200,1202,0.36500,0.95000,0.58500,0.58500
KC,200,1204,0.59500,0.29000,-0.30500,0.30500
KC,200,1207,0.46500,0.16000,-0.30500,0.30500
KC,200,1210,0.53000,0.25500,-0.27500,0.27500
KC,200,1215,0.42000,0.64500,0.22500,0.22500
KC,200,1219,0.50500,0.19500,-0.31000,0.31000
KC,200,1222,0.38000,0.91500,0.53500,0.53500
KC,200,1224,0.58000,0.27000,-0.31000,0.31000
KC,200,1227,0.44000,0.10000,-0.34000,0.34000
KC,200,1230,0.54500,0.30500,-0.24000,0.24000
KC,200,1233,0.63000,0.22000,-0.41000,0.41000
KC,200,1234,0.22000,0.88000,0.66000,0.66000
KC,200,1236,0.42500,0.68000,0.25500,0.25500
KC,200,1238,0.27500,0.98000,0.70500,0.70500
KC,200,1240,0.51000,0.74000,0.23000,0.23000
KC,200,1242,0.36000,0.60000,0.24000,0.24000
KC,200,1246,0.45000,0.10500,-0.34500,0.34500
KC,200,1249,0.55500,0.30000,-0.25500,0.25500
KC,200,1252,0.39500,0.67000,0.27500,0.27500
KC,200,1254,0.18000,0.96500,0.78500,0.78500
KC,200,1256,0.49500,0.72000,0.22500,0.22500
KC,200,1258,0.32000,0.85500,0.53500,0.53500
KC,200,1260,0.44000,0.61500,0.17500,0.17500
KC,200,1262,0.20500,0.92500,0.72000,0.72000
KC,200,1264,0.53000,0.28500,-0.24500,0.24500
KC,200,1267,0.40000,0.69000,0.29000,0.29000
KC,200,1269,0.15000,0.99000,0.84000,0.84000
KC,200,1271,0.56000,0.34500,-0.21500,0.21500
KC,200,1274,0.47500,0.73000,0.25500,0.25500
KC,200,1276,0.25000,0.88500,0.63500,0.63500
KC,200,1278,0.51500,0.31500,-0.20000,0.20000
KC,200,1283,0.44000,0.76000,0.32000,0.32000
KC,200,1285,0.36000,0.61000,0.25000,0.25000
KC,200,1289,0.49500,0.26000,-0.23500,0.23500
KC,200,1292,0.57000,0.13000,-0.44000,0.44000
KC,200,1295,0.41000,0.69500,0.28500,0.28500
KC,200,1299,0.52000,0.20500,-0.31500,0.31500
KC,200,1302,0.37500,0.91500,0.54000,0.54000
KC,200,1304,0.59000,0.27000,-0.32000,0.32000
KC,200,1307,0.45000,0.12000,-0.33000,0.33000
KC,200,1310,0.62500,0.35000,-0.27500,0.27500
KC,200,1313,0.23500,0.87500,0.64000,0.64000
KC,200,1315,0.50000,0.31000,-0.19000,0.19000
KC,200,1318,0.56000,0.17000,-0.39000,0.39000
KC,200,1321,0.43000,0.67000,0.24000,0.24000
KC,200,1325,0.47500,0.11000,-0.36500,0.36500
KC,200,1328,0.59500,0.34500,-0.25000,0.25000
KC,200,1331,0.51500,0.22000,-0.29500,0.29500
KC,200,1334,0.39000,0.89500,0.50500,0.50500
KC,200,1336,0.57000,0.26000,-0.31000,0.31000
KC,200,1339,0.43500,0.11500,-0.32000,0.32000
KC,200,1342,0.63000,0.33000,-0.30000,0.30000
KC,200,1345,0.20500,0.85500,0.65000,0.65000
KC,200,1347,0.48500,0.28500,-0.20000,0.20000
KC,200,1350,0.58500,0.40000,-0.18500,0.18500
KC,200,1353,0.24000,0.82000,0.58000,0.58000
KC,200,1355,0.52000,0.32000,-0.20000,0.20000
KC,200,1358,0.64000,0.42000,-0.22000,0.22000
KC,200,1364,0.55000,0.68000,0.13000,0.13000
KC,200,1366,0.35500,0.84500,0.49000,0.49000
KC,200,1368,0.46000,0.19500,-0.26500,0.26500
KC,200,1371,0.57500,0.26000,-0.31500,0.31500
KC,200,1374,0.42500,0.69500,0.27000,0.27000
KC,200,1376,0.21500,0.87500,0.66000,0.66000
KC,200,1378,0.50500,0.32000,-0.18500,0.18500
KC,200,1381,0.14000,0.97500,0.83500,0.83500
KC,200,1383,0.56000,0.39000,-0.17000,0.17000
KC,200,1388,0.46500,0.11500,-0.35000,0.35000
KC,200,1391,0.60000,0.33000,-0.27000,0.27000
KC,200,1394,0.20500,0.96000,0.75500,0.75500
KC,200,1396,0.50000,0.64500,0.14500,0.14500
KC,200,1398,0.29500,0.80000,0.50500,0.50500
KC,200,1400,0.41500,0.13000,-0.28500,0.28500
KC,200,1403,0.55000,0.25500,-0.29500,0.29500
KC,200,1406,0.36500,0.00500,-0.36000,0.36000
KC,200,1409,0.58500,0.30500,-0.28000,0.28000
KC,200,1412,0.46000,0.15000,-0.31000,0.31000
KC,200,1415,0.62500,0.38000,-0.24500,0.24500
KC,200,1418,0.50500,0.22000,-0.28500,0.28500
KC,200,1421,0.31500,0.93500,0.62000,0.62000
KC,200,1423,0.56000,0.25500,-0.30500,0.30500
KC,200,1426,0.43000,0.09500,-0.33500,0.33500
KC,200,1429,0.60500,0.33500,-0.27000,0.27000
KC,200,1433,0.51500,0.68500,0.17000,0.17000
KC,200,1435,0.27500,0.80500,0.53000,0.53000
KC,200,1437,0.41500,0.15500,-0.26000,0.26000
KC,200,1440,0.57000,0.31000,-0.26000,0.26000
KC,200,1443,0.19500,1.00000,0.80500,0.80500
KC,400,6,0.38250,0.79750,0.41500,0.41500
KC,400,8,0.61250,0.46000,-0.15250,0.15250
KC,400,11,0.67500,0.34250,-0.33250,0.33250
KC,400,14,0.52250,0.73750,0.21500,0.21500
KC,400,16,0.40250,0.88250,0.48000,0.48000
KC,400,18,0.57750,0.30500,-0.27250,0.27250
KC,400,21,0.48250,0.90250,0.42000,0.42000
KC,400,23,0.63250,0.36750,-0.26500,0.26500
KC,400,26,0.53250,0.26250,-0.27000,0.27000
KC,400,29,0.67000,0.43250,-0.23750,0.23750
KC,400,32,0.33000,0.87000,0.54000,0.54000
KC,400,34,0.56000,0.39000,-0.17000,0.17000
KC,400,37,0.62250,0.29250,-0.33000,0.33000
KC,400,40,0.48750,0.84250,0.35500,0.35500
KC,400,42,0.37000,0.69000,0.32000,0.32000
KC,400,46,0.54250,0.72000,0.17750,0.17750
KC,400,48,0.41000,0.89000,0.48000,0.48000
KC,400,50,0.50250,0.28000,-0.22250,0.22250
KC,400,53,0.60500,0.34000,-0.26500,0.26500
KC,400,56,0.65000,0.43750,-0.21250,0.21250
KC,400,59,0.30500,0.70250,0.39750,0.39750
KC,400,61,0.51500,0.91250,0.39750,0.39750
KC,400,63,0.38250,0.74500,0.36250,0.36250
KC,400,65,0.25500,0.58500,0.33000,0.33000
KC,400,68,0.46500,0.67500,0.21000,0.21000
KC,400,70,0.31750,0.85250,0.53500,0.53500
KC,400,72,0.53500,0.22250,-0.31250,0.31250
KC,400,75,0.41500,0.92500,0.51000,0.51000
KC,400,77,0.61000,0.34000,-0.27000,0.27000
KC,400,80,0.48000,0.87750,0.39750,0.39750
KC,400,82,0.28250,0.64750,0.36500,0.36500
KC,400,86,0.52250,0.76250,0.24000,0.24000
KC,400,88,0.39000,0.81750,0.42750,0.42750
KC,400,90,0.45750,0.62500,0.16750,0.16750
KC,400,92,0.24000,0.90000,0.66000,0.66000
KC,400,94,0.55250,0.32250,-0.23000,0.23000
KC,400,97,0.17750,0.94750,0.77000,0.77000
KC,400,99,0.49250,0.68000,0.18750,0.18750
KC,400,101,0.36000,0.84000,0.48000,0.48000
KC,400,103,0.43750,0.63750,0.20000,0.20000
KC,400,105,0.21500,0.97250,0.75750,0.75750
KC,400,107,0.54000,0.77750,0.23750,0.23750
KC,400,109,0.34250,0.70500,0.36250,0.36250
KC,400,111,0.26500,0.88250,0.61750,0.61750
KC,400,113,0.48250,0.60500,0.12250,0.12250
KC,400,117,0.41750,0.74750,0.33000,0.33000
KC,400,119,0.31750,0.81250,0.49500,0.49500
KC,400,121,0.53000,0.22500,-0.30500,0.30500
KC,400,124,0.62250,0.39500,-0.22750,0.22750
KC,400,127,0.28250,0.86000,0.57750,0.57750
KC,400,129,0.49750,0.66250,0.16500,0.16500
KC,400,131,0.21000,0.93500,0.72500,0.72500
KC,400,133,0.44250,0.76750,0.32500,0.32500
KC,400,135,0.34500,0.59000,0.24500,0.24500
KC,400,139,0.51750,0.70000,0.18250,0.18250
KC,400,141,0.29000,0.98000,0.69000,0.69000
KC,400,143,0.46250,0.79250,0.33000,0.33000
KC,400,145,0.37750,0.63750,0.26000,0.26000
KC,400,149,0.54250,0.31250,-0.23000,0.23000
KC,400,152,0.60500,0.40750,-0.19750,0.19750
KC,400,155,0.24000,0.95500,0.71500,0.71500
KC,400,157,0.50250,0.68250,0.18000,0.18000
KC,400,159,0.33750,0.82250,0.48500,0.48500
KC,400,161,0.45000,0.17750,-0.27250,0.27250
KC,400,164,0.58000,0.29500,-0.28500,0.28500
KC,400,167,0.39750,0.97750,0.58000,0.58000
KC,400,169,0.53750,0.66500,0.12750,0.12750
KC,400,171,0.25500,0.80500,0.55000,0.55000
KC,400,173,0.43250,0.90000,0.46750,0.46750
KC,400,175,0.50750,0.28500,-0.22250,0.22250
KC,400,178,0.61000,0.19500,-0.41500,0.41500
KC,400,181,0.45500,0.69750,0.24250,0.24250
KC,400,183,0.33250,0.84750,0.51500,0.51500
KC,400,185,0.54500,0.23500,-0.31000,0.31000
KC,400,188,0.40250,0.98500,0.58250,0.58250
KC,400,190,0.59250,0.31250,-0.28000,0.28000
KC,400,193,0.47500,0.88000,0.40500,0.40500
KC,400,195,0.36250,0.65250,0.29000,0.29000
KC,400,199,0.52250,0.76250,0.24000,0.24000
KC,400,201,0.33500,0.61750,0.28250,0.28250
KC,400,205,0.43500,0.95750,0.52250,0.52250
KC,400,207,0.55250,0.29250,-0.26000,0.26000
KC,400,212,0.50000,0.20500,-0.29500,0.29500
KC,400,215,0.60250,0.31000,-0.29250,0.29250
KC,400,218,0.46250,0.68500,0.22250,0.22250
KC,400,222,0.53000,0.34500,-0.18500,0.18500
KC,400,225,0.63250,0.27750,-0.35500,0.35500
KC,400,228,0.42750,0.13000,-0.29750,0.29750
KC,400,231,0.56500,0.32750,-0.23750,0.23750
KC,400,234,0.48250,0.18500,-0.29750,0.29750
KC,400,237,0.65000,0.37250,-0.27750,0.27750
KC,400,240,0.24000,0.98750,0.74750,0.74750
KC,400,242,0.52250,0.61000,0.08750,0.08750
KC,400,246,0.43500,0.76000,0.32500,0.32500
KC,400,248,0.22250,0.91750,0.69500,0.69500
KC,400,250,0.54500,0.36000,-0.18500,0.18500
KC,400,255,0.48750,0.64500,0.15750,0.15750
KC,400,259,0.41750,0.86500,0.44750,0.44750
KC,400,261,0.56750,0.24500,-0.32250,0.32250
KC,400,264,0.37000,0.97500,0.60500,0.60500
KC,400,266,0.51750,0.67250,0.15500,0.15500
KC,400,268,0.28000,0.83000,0.55000,0.55000
KC,400,270,0.44500,0.16750,-0.27750,0.27750
KC,400,273,0.59500,0.34500,-0.25000,0.25000
KC,400,276,0.48250,0.19250,-0.29000,0.29000
KC,400,279,0.63250,0.38250,-0.25000,0.25000
KC,400,282,0.27250,0.69500,0.42250,0.42250
KC,400,284,0.46000,0.10750,-0.35250,0.35250
KC,400,287,0.55500,0.32250,-0.23250,0.23250
KC,400,290,0.61250,0.24750,-0.36500,0.36500
KC,400,293,0.42000,0.90500,0.48500,0.48500
KC,400,295,0.51000,0.21000,-0.30000,0.30000
KC,400,298,0.35250,0.87750,0.52500,0.52500
KC,400,300,0.57000,0.26500,-0.30500,0.30500
KC,400,303,0.44500,0.12250,-0.32250,0.32250
KC,400,306,0.63000,0.37500,-0.25500,0.25500
KC,400,309,0.24500,0.83750,0.59250,0.59250
KC,400,311,0.49750,0.17750,-0.32000,0.32000
KC,400,314,0.58250,0.34750,-0.23500,0.23500
KC,400,319,0.45250,0.99000,0.53750,0.53750
KC,400,321,0.54000,0.30500,-0.23500,0.23500
KC,400,324,0.40750,0.87000,0.46250,0.46250
KC,400,326,0.60750,0.25500,-0.35250,0.35250
KC,400,329,0.16000,0.91500,0.75500,0.75500
KC,400,331,0.47500,0.35000,-0.12500,0.12500
KC,400,334,0.56500,0.21500,-0.35000,0.35000
KC,400,337,0.64000,0.39750,-0.24250,0.24250
KC,400,340,0.29250,0.85250,0.56000,0.56000
KC,400,342,0.50500,0.19250,-0.31250,0.31250
KC,400,347,0.57750,0.27500,-0.30250,0.30250
KC,400,350,0.45750,0.89000,0.43250,0.43250
KC,400,352,0.53500,0.24000,-0.29500,0.29500
KC,400,355,0.36000,0.93250,0.57250,0.57250
KC,400,357,0.61250,0.41500,-0.19750,0.19750
KC,400,360,0.28500,0.66500,0.38000,0.38000
KC,400,364,0.49000,0.33500,-0.15500,0.15500
KC,400,367,0.20250,0.99000,0.78750,0.78750
KC,400,369,0.56000,0.42750,-0.13250,0.13250
KC,400,372,0.29500,0.64750,0.35250,0.35250
KC,400,376,0.50250,0.70500,0.20250,0.20250
KC,400,378,0.34750,0.84250,0.49500,0.49500
KC,400,380,0.44500,0.19250,-0.25250,0.25250
KC,400,383,0.59250,0.37500,-0.21750,0.21750
KC,400,386,0.26250,0.66250,0.40000,0.40000
KC,400,390,0.48250,0.31500,-0.16750,0.16750
KC,400,393,0.55250,0.18250,-0.37000,0.37000
KC,400,396,0.62000,0.39500,-0.22500,0.22500
KC,400,399,0.27500,0.85750,0.58250,0.58250
KC,400,401,0.49750,0.20250,-0.29500,0.29500
KC,400,406,0.56750,0.25000,-0.31750,0.31750
KC,400,409,0.44000,0.11000,-0.33000,0.33000
KC,400,412,0.61000,0.34000,-0.27000,0.27000
KC,400,415,0.48000,0.18000,-0.30000,0.30000
KC,400,418,0.54500,0.28250,-0.26250,0.26250
KC,400,421,0.40750,0.67500,0.26750,0.26750
KC,400,423,0.15000,0.99250,0.84250,0.84250
KC,400,425,0.51250,0.71750,0.20500,0.20500
KC,400,427,0.32750,0.89750,0.57000,0.57000
KC,400,429,0.45750,0.63250,0.17500,0.17500
KC,400,433,0.38750,0.93500,0.54750,0.54750
KC,400,435,0.56250,0.29250,-0.27000,0.27000
KC,400,438,0.47750,0.15250,-0.32500,0.32500
KC,400,441,0.60500,0.33500,-0.27000,0.27000
KC,400,444,0.51750,0.69750,0.18000,0.18000
KC,400,446,0.26250,0.81250,0.55000,0.55000
KC,400,448,0.42000,0.64750,0.22750,0.22750
KC,400,450,0.18500,0.91000,0.72500,0.72500
KC,400,452,0.47000,0.75750,0.28750,0.28750
KC,400,454,0.31750,0.58000,0.26250,0.26250
KC,400,458,0.50000,0.72000,0.22000,0.22000
KC,400,460,0.35000,0.86250,0.51250,0.51250
KC,400,462,0.43500,0.65750,0.22250,0.22250
KC,400,464,0.22500,0.88750,0.66250,0.66250
KC,400,466,0.53750,0.29750,-0.24000,0.24000
KC,400,469,0.40250,0.10500,-0.29750,0.29750
KC,400,472,0.60750,0.33750,-0.27000,0.27000
KC,400,475,0.48000,0.17000,-0.31000,0.31000
KC,400,478,0.56250,0.25750,-0.30500,0.30500
KC,400,481,0.64500,0.38750,-0.25750,0.25750
KC,400,484,0.30250,0.87750,0.57500,0.57500
KC,400,486,0.50750,0.20750,-0.30000,0.30000
KC,400,491,0.58000,0.27500,-0.30500,0.30500
KC,400,494,0.45750,0.14250,-0.31500,0.31500
KC,400,497,0.33750,0.98750,0.65000,0.65000
KC,400,499,0.55000,0.66000,0.11000,0.11000
KC,400,501,0.25500,0.85250,0.59750,0.59750
KC,400,503,0.41750,0.75500,0.33750,0.33750
KC,400,505,0.31250,0.60250,0.29000,0.29000
KC,400,509,0.48500,0.70250,0.21750,0.21750
KC,400,511,0.27000,0.89250,0.62250,0.62250
KC,400,513,0.43750,0.63000,0.19250,0.19250
KC,400,517,0.37000,0.96250,0.59250,0.59250
KC,400,519,0.53750,0.68000,0.14250,0.14250
KC,400,521,0.29750,0.78250,0.48500,0.48500
KC,400,523,0.45000,0.16000,-0.29000,0.29000
KC,400,526,0.57250,0.33000,-0.24250,0.24250
KC,400,529,0.21500,0.99500,0.78000,0.78000
KC,400,531,0.50250,0.65000,0.14750,0.14750
KC,400,535,0.43250,0.17000,-0.26250,0.26250
KC,400,538,0.59750,0.30500,-0.29250,0.29250
KC,400,541,0.48250,0.13750,-0.34500,0.34500
KC,400,544,0.63250,0.37750,-0.25500,0.25500
KC,400,547,0.52250,0.23750,-0.28500,0.28500
KC,400,550,0.44000,0.69750,0.25750,0.25750
KC,400,552,0.28500,0.95750,0.67250,0.67250
KC,400,554,0.56750,0.35750,-0.21000,0.21000
KC,400,557,0.20500,0.82750,0.62250,0.62250
KC,400,559,0.49000,0.64750,0.15750,0.15750
KC,400,561,0.26500,0.91750,0.65250,0.65250
KC,400,563,0.42250,0.71250,0.29000,0.29000
KC,400,565,0.31250,0.85500,0.54250,0.54250
KC,400,567,0.53750,0.18750,-0.35000,0.35000
KC,400,570,0.60000,0.38750,-0.21250,0.21250
KC,400,573,0.46500,0.22250,-0.24250,0.24250
KC,400,576,0.63750,0.33500,-0.30250,0.30250
KC,400,579,0.50500,0.17000,-0.33500,0.33500
KC,400,582,0.57500,0.36500,-0.21000,0.21000
KC,400,585,0.25250,0.84250,0.59000,0.59000
KC,400,587,0.45500,0.66750,0.21250,0.21250
KC,400,589,0.19000,0.97250,0.78250,0.78250
KC,400,591,0.52750,0.33000,-0.19750,0.19750
KC,400,594,0.42000,0.87250,0.45250,0.45250
KC,400,596,0.59750,0.26250,-0.33500,0.33500
KC,400,599,0.37500,0.92500,0.55000,0.55000
KC,400,601,0.50000,0.19750,-0.30250,0.30250
KC,400,604,0.43500,0.09000,-0.34500,0.34500
KC,400,607,0.57250,0.28000,-0.29250,0.29250
KC,400,610,0.64000,0.38750,-0.25250,0.25250
KC,400,613,0.47750,0.20750,-0.27000,0.27000
KC,400,616,0.60250,0.33000,-0.27250,0.27250
KC,400,619,0.24000,0.95000,0.71000,0.71000
KC,400,621,0.52000,0.67750,0.15750,0.15750
KC,400,623,0.36750,0.85000,0.48250,0.48250
KC,400,625,0.45000,0.18250,-0.26750,0.26750
KC,400,628,0.56500,0.27000,-0.29500,0.29500
KC,400,631,0.48500,0.69750,0.21250,0.21250
KC,400,633,0.31000,0.96500,0.65500,0.65500
KC,400,635,0.59250,0.38750,-0.20500,0.20500
KC,400,638,0.24500,0.65250,0.40750,0.40750
KC,400,642,0.32750,0.73750,0.41000,0.41000
KC,400,644,0.51750,0.16250,-0.35500,0.35500
KC,400,647,0.57500,0.29500,-0.28000,0.28000
KC,400,650,0.41750,0.11000,-0.30750,0.30750
KC,400,653,0.61750,0.34000,-0.27750,0.27750
KC,400,656,0.50000,0.70250,0.20250,0.20250
KC,400,658,0.26750,0.81750,0.55000,0.55000
KC,400,660,0.44750,0.64500,0.19750,0.19750
KC,400,662,0.19750,0.90500,0.70750,0.70750
KC,400,664,0.53250,0.32500,-0.20750,0.20750
KC,400,667,0.39750,0.09500,-0.30250,0.30250
KC,400,670,0.59500,0.28250,-0.31250,0.31250
KC,400,673,0.47750,0.68500,0.20750,0.20750
KC,400,675,0.21250,0.88500,0.67250,0.67250
KC,400,677,0.41750,0.62500,0.20750,0.20750
KC,400,681,0.51500,0.73500,0.22000,0.22000
KC,400,683,0.33500,0.83500,0.50000,0.50000
KC,400,685,0.45000,0.22750,-0.22250,0.22250
KC,400,689,0.54000,0.30500,-0.23500,0.23500
KC,400,692,0.40250,0.12500,-0.27750,0.27750
KC,400,695,0.58750,0.26250,-0.32500,0.32500
KC,400,698,0.43750,0.99500,0.55750,0.55750
KC,400,700,0.52000,0.23000,-0.29000,0.29000
KC,400,703,0.62750,0.34750,-0.28000,0.28000
KC,400,706,0.47250,0.69250,0.22000,0.22000
KC,400,708,0.25750,0.84500,0.58750,0.58750
KC,400,710,0.41250,0.59750,0.18500,0.18500
KC,400,714,0.50750,0.74500,0.23750,0.23750
KC,400,716,0.31750,0.65750,0.34000,0.34000
KC,400,718,0.20250,0.92750,0.72500,0.72500
KC,400,720,0.45250,0.78250,0.33000,0.33000
KC,400,722,0.36250,0.58000,0.21750,0.21750
KC,400,726,0.48750,0.25000,-0.23750,0.23750
KC,400,730,0.41500,0.63250,0.21750,0.21750
KC,400,734,0.53000,0.18500,-0.34500,0.34500
KC,400,737,0.44250,0.68750,0.24500,0.24500
KC,400,739,0.31250,0.77000,0.45750,0.45750
KC,400,741,0.21500,0.57250,0.35750,0.35750
KC,400,744,0.40500,0.66250,0.25750,0.25750
KC,400,748,0.49750,0.16250,-0.33500,0.33500
KC,400,751,0.36000,0.93250,0.57250,0.57250
KC,400,753,0.55750,0.28750,-0.27000,0.27000
KC,400,756,0.45500,0.67750,0.22250,0.22250
KC,400,758,0.19500,0.91000,0.71500,0.71500
KC,400,760,0.41000,0.61500,0.20500,0.20500
KC,400,764,0.50750,0.12500,-0.38250,0.38250
KC,400,767,0.58250,0.34000,-0.24250,0.24250
KC,400,772,0.47000,0.65750,0.18750,0.18750
KC,400,774,0.19750,0.78750,0.59000,0.59000
KC,400,776,0.38750,0.07000,-0.31750,0.31750
KC,400,779,0.54500,0.69750,0.15250,0.15250
KC,400,781,0.31250,0.88250,0.57000,0.57000
KC,400,783,0.45500,0.62250,0.16750,0.16750
KC,400,787,0.39750,0.94000,0.54250,0.54250
KC,400,789,0.53000,0.28250,-0.24750,0.24750
KC,400,795,0.43000,0.76000,0.33000,0.33000
KC,400,797,0.33000,0.65000,0.32000,0.32000
KC,400,799,0.14500,0.96500,0.82000,0.82000
KC,400,801,0.49500,0.70250,0.20750,0.20750
KC,400,803,0.29750,0.84000,0.54250,0.54250
KC,400,805,0.44500,0.60250,0.15750,0.15750
KC,400,807,0.19500,0.91750,0.72250,0.72250
KC,400,809,0.38750,0.74500,0.35750,0.35750
KC,400,811,0.52500,0.23250,-0.29250,0.29250
KC,400,814,0.42250,0.67000,0.24750,0.24750
KC,400,816,0.15500,0.98750,0.83250,0.83250
KC,400,818,0.55500,0.33250,-0.22250,0.22250
KC,400,821,0.47000,0.71500,0.24500,0.24500
KC,400,823,0.24750,0.89000,0.64250,0.64250
KC,400,825,0.51000,0.30500,-0.20500,0.20500
KC,400,828,0.61000,0.19500,-0.41500,0.41500
KC,400,831,0.43500,0.68000,0.24500,0.24500
KC,400,835,0.23500,0.56750,0.33250,0.33250
KC,400,838,0.41000,0.65000,0.24000,0.24000
KC,400,840,0.18000,0.84750,0.66750,0.66750
KC,400,842,0.48250,0.28250,-0.20000,0.20000
KC,400,845,0.11500,0.97750,0.86250,0.86250
KC,400,847,0.53500,0.36750,-0.16750,0.16750
KC,400,850,0.60250,0.25000,-0.35250,0.35250
KC,400,853,0.44750,0.69250,0.24500,0.24500
KC,400,855,0.30500,0.93500,0.63000,0.63000
KC,400,857,0.51750,0.20750,-0.31000,0.31000
KC,400,860,0.40000,0.64250,0.24250,0.24250
KC,400,862,0.13000,0.86500,0.73500,0.73500
KC,400,864,0.46750,0.26000,-0.20750,0.20750
KC,400,867,0.58750,0.72000,0.13250,0.13250
KC,400,869,0.35250,0.82000,0.46750,0.46750
KC,400,871,0.49000,0.21500,-0.27500,0.27500
KC,400,874,0.56250,0.32250,-0.24000,0.24000
KC,400,877,0.42500,0.67250,0.24750,0.24750
KC,400,879,0.16750,0.95500,0.78750,0.78750
KC,400,881,0.51500,0.29000,-0.22500,0.22500
KC,400,884,0.61500,0.37250,-0.24250,0.24250
KC,400,887,0.46500,0.71000,0.24500,0.24500
KC,400,889,0.23750,0.78750,0.55000,0.55000
KC,400,891,0.40250,0.11500,-0.28750,0.28750
KC,400,894,0.57000,0.32500,-0.24500,0.24500
KC,400,897,0.49500,0.17500,-0.32000,0.32000
KC,400,900,0.63250,0.36000,-0.27250,0.27250
KC,400,903,0.44500,0.20250,-0.24250,0.24250
KC,400,906,0.55500,0.28000,-0.27500,0.27500
KC,400,909,0.11000,0.98250,0.87250,0.87250
KC,400,911,0.48000,0.65750,0.17750,0.17750
KC,400,913,0.32750,0.83750,0.51000,0.51000
KC,400,915,0.41500,0.75250,0.33750,0.33750
KC,400,917,0.23000,0.58500,0.35500,0.35500
KC,400,920,0.38000,0.67750,0.29750,0.29750
KC,400,922,0.19750,0.87750,0.68000,0.68000
KC,400,924,0.50250,0.30250,-0.20000,0.20000
KC,400,927,0.55000,0.14750,-0.40250,0.40250
KC,400,930,0.43250,0.70500,0.27250,0.27250
KC,400,932,0.27750,0.82000,0.54250,0.54250
KC,400,934,0.48500,0.18000,-0.30500,0.30500
KC,400,938,0.38750,0.73250,0.34500,0.34500
KC,400,940,0.31250,0.58250,0.27000,0.27000
KC,400,943,0.45000,0.20750,-0.24250,0.24250
KC,400,946,0.53500,0.14000,-0.39500,0.39500
KC,400,949,0.40000,0.67000,0.27000,0.27000
KC,400,953,0.50000,0.17750,-0.32250,0.32250
KC,400,956,0.35500,0.99750,0.64250,0.64250
KC,400,958,0.59500,0.43000,-0.16500,0.16500
KC,400,961,0.28750,0.65500,0.36750,0.36750
KC,400,965,0.51250,0.34500,-0.16750,0.16750
KC,400,968,0.22500,0.94250,0.71750,0.71750
KC,400,970,0.56500,0.41250,-0.15250,0.15250
KC,400,973,0.26250,0.85750,0.59500,0.59500
KC,400,975,0.48250,0.15500,-0.32750,0.32750
KC,400,980,0.58500,0.38750,-0.19750,0.19750
KC,400,983,0.24250,0.73000,0.48750,0.48750
KC,400,985,0.46500,0.11500,-0.35000,0.35000
KC,400,988,0.54500,0.30250,-0.24250,0.24250
KC,400,991,0.41500,0.08000,-0.33500,0.33500
KC,400,994,0.62500,0.35000,-0.27500,0.27500
KC,400,999,0.50500,0.65250,0.14750,0.14750
KC,400,1001,0.28250,0.83500,0.55250,0.55250
KC,400,1003,0.43250,0.14000,-0.29250,0.29250
KC,400,1006,0.57000,0.33750,-0.23250,0.23250
KC,400,1009,0.47500,0.17500,-0.30000,0.30000
KC,400,1012,0.61250,0.29750,-0.31500,0.31500
KC,400,1015,0.40750,0.09750,-0.31000,0.31000
KC,400,1018,0.54500,0.68750,0.14250,0.14250
KC,400,1020,0.32000,0.82500,0.50500,0.50500
KC,400,1022,0.45500,0.19500,-0.26000,0.26000
KC,400,1025,0.36500,0.94000,0.57500,0.57500
KC,400,1027,0.58000,0.26000,-0.32000,0.32000
KC,400,1030,0.48500,0.13500,-0.35000,0.35000
KC,400,1033,0.62250,0.34000,-0.28250,0.28250
KC,400,1036,0.43500,0.18750,-0.24750,0.24750
KC,400,1041,0.52750,0.36750,-0.16000,0.16000
KC,400,1044,0.27000,0.64750,0.37750,0.37750
KC,400,1047,0.45250,0.20500,-0.24750,0.24750
KC,400,1050,0.55750,0.31250,-0.24500,0.24500
KC,400,1053,0.60750,0.39000,-0.21750,0.21750
KC,400,1056,0.22750,0.91250,0.68500,0.68500
KC,400,1058,0.49500,0.67250,0.17750,0.17750
KC,400,1060,0.29500,0.83250,0.53750,0.53750
KC,400,1062,0.43000,0.14500,-0.28500,0.28500
KC,400,1065,0.54250,0.21500,-0.32750,0.32750
KC,400,1068,0.59750,0.35750,-0.24000,0.24000
KC,400,1071,0.47000,0.70250,0.23250,0.23250
KC,400,1073,0.26000,0.92250,0.66250,0.66250
KC,400,1075,0.52000,0.32750,-0.19250,0.19250
KC,400,1078,0.62500,0.20500,-0.42000,0.42000
KC,400,1079,0.20500,0.88500,0.68000,0.68000
KC,400,1081,0.42750,0.67750,0.25000,0.25000
KC,400,1083,0.28250,0.96250,0.68000,0.68000
KC,400,1085,0.53750,0.37000,-0.16750,0.16750
KC,400,1088,0.21750,0.82000,0.60250,0.60250
KC,400,1090,0.48250,0.64000,0.15750,0.15750
KC,400,1092,0.16500,0.93500,0.77000,0.77000
KC,400,1094,0.40750,0.71250,0.30500,0.30500
KC,400,1096,0.30000,0.85000,0.55000,0.55000
KC,400,1098,0.52500,0.21000,-0.31500,0.31500
KC,400,1101,0.09000,0.99000,0.90000,0.90000
KC,400,1103,0.45000,0.76500,0.31500,0.31500
KC,400,1105,0.35000,0.59500,0.24500,0.24500
KC,400,1108,0.39750,0.69000,0.29250,0.29250
KC,400,1110,0.24000,0.81000,0.57000,0.57000
KC,400,1112,0.49500,0.15750,-0.33750,0.33750
KC,400,1115,0.56250,0.33000,-0.23250,0.23250
KC,400,1118,0.42500,0.90000,0.47500,0.47500
KC,400,1120,0.61250,0.26500,-0.34750,0.34750
KC,400,1123,0.46000,0.15000,-0.31000,0.31000
KC,400,1126,0.54750,0.68000,0.13250,0.13250
KC,400,1128,0.33750,0.84000,0.50250,0.50250
KC,400,1130,0.41500,0.64250,0.22750,0.22750
KC,400,1132,0.20750,0.91500,0.70750,0.70750
KC,400,1134,0.50250,0.74750,0.24500,0.24500
KC,400,1136,0.30750,0.59000,0.28250,0.28250
KC,400,1138,0.13250,0.86750,0.73500,0.73500
KC,400,1140,0.40000,0.70750,0.30750,0.30750
KC,400,1142,0.24000,0.95750,0.71750,0.71750
KC,400,1144,0.52000,0.34750,-0.17250,0.17250
KC,400,1147,0.61000,0.21000,-0.40000,0.40000
KC,400,1150,0.45000,0.67250,0.22250,0.22250
KC,400,1152,0.28500,0.06750,-0.21750,0.21750
KC,400,1155,0.49500,0.16250,-0.33250,0.33250
KC,400,1158,0.57500,0.37250,-0.20250,0.20250
KC,400,1165,0.53750,0.22250,-0.31500,0.31500
KC,400,1168,0.39750,0.65000,0.25250,0.25250
KC,400,1172,0.33500,0.95000,0.61500,0.61500
KC,400,1174,0.51500,0.62000,0.10500,0.10500
KC,400,1178,0.44500,0.72250,0.27750,0.27750
KC,400,1180,0.30250,0.81250,0.51000,0.51000
KC,400,1182,0.49250,0.16000,-0.33250,0.33250
KC,400,1185,0.58500,0.36750,-0.21750,0.21750
KC,400,1188,0.24750,0.89750,0.65000,0.65000
KC,400,1190,0.53000,0.66500,0.13500,0.13500
KC,400,1192,0.32000,0.83500,0.51500,0.51500
KC,400,1194,0.43250,0.15500,-0.27750,0.27750
KC,400,1197,0.26750,0.93750,0.67000,0.67000
KC,400,1199,0.55500,0.38250,-0.17250,0.17250
KC,400,1202,0.21250,0.62750,0.41500,0.41500
KC,400,1206,0.47500,0.73000,0.25500,0.25500
KC,400,1208,0.33250,0.86000,0.52750,0.52750
KC,400,1210,0.52250,0.24750,-0.27500,0.27500
KC,400,1214,0.41500,0.59500,0.18000,0.18000
KC,400,1218,0.36000,0.75000,0.39000,0.39000
KC,400,1220,0.48500,0.12500,-0.36000,0.36000
KC,400,1223,0.56500,0.29750,-0.26750,0.26750
KC,400,1226,0.44000,0.66750,0.22750,0.22750
KC,400,1228,0.21500,0.89000,0.67500,0.67500
KC,400,1230,0.51250,0.32500,-0.18750,0.18750
KC,400,1233,0.16250,0.62250,0.46000,0.46000
KC,400,1236,0.41250,0.70250,0.29000,0.29000
KC,400,1238,0.28000,0.82250,0.54250,0.54250
KC,400,1240,0.49250,0.19250,-0.30000,0.30000
KC,400,1243,0.57750,0.36250,-0.21500,0.21500
KC,400,1246,0.24750,0.86750,0.62000,0.62000
KC,400,1248,0.47000,0.64500,0.17500,0.17500
KC,400,1250,0.17500,0.94500,0.77000,0.77000
KC,400,1252,0.42250,0.69000,0.26750,0.26750
KC,400,1254,0.30500,0.79500,0.49000,0.49000
KC,400,1256,0.52750,0.20000,-0.32750,0.32750
KC,400,1259,0.44750,0.62750,0.18000,0.18000
KC,400,1263,0.56250,0.75250,0.19000,0.19000
KC,400,1265,0.36000,0.83000,0.47000,0.47000
KC,400,1267,0.47750,0.22000,-0.25750,0.25750
KC,400,1272,0.58500,0.40500,-0.18000,0.18000
KC,400,1275,0.24750,0.65750,0.41000,0.41000
KC,400,1279,0.49000,0.33250,-0.15750,0.15750
KC,400,1282,0.60500,0.41750,-0.18750,0.18750
KC,400,1285,0.26000,0.84500,0.58500,0.58500
KC,400,1287,0.52500,0.19500,-0.33000,0.33000
KC,400,1290,0.36500,0.91500,0.55000,0.55000
KC,400,1292,0.56000,0.28000,-0.28000,0.28000
KC,400,1295,0.44750,0.12250,-0.32500,0.32500
KC,400,1298,0.63000,0.38250,-0.24750,0.24750
KC,400,1301,0.25250,0.86250,0.61000,0.61000
KC,400,1303,0.50750,0.66500,0.15750,0.15750
KC,400,1305,0.31000,0.93750,0.62750,0.62750
KC,400,1307,0.46250,0.76750,0.30500,0.30500
KC,400,1309,0.35000,0.59750,0.24750,0.24750
KC,400,1313,0.52250,0.26250,-0.26000,0.26000
KC,400,1316,0.41750,0.69750,0.28000,0.28000
KC,400,1318,0.19000,0.95750,0.76750,0.76750
KC,400,1320,0.55500,0.33750,-0.21750,0.21750
KC,400,1323,0.45250,0.12250,-0.33000,0.33000
KC,400,1326,0.61500,0.27750,-0.33750,0.33750
KC,400,1329,0.50000,0.68250,0.18250,0.18250
KC,400,1331,0.35500,0.82250,0.46750,0.46750
KC,400,1333,0.42750,0.18000,-0.24750,0.24750
KC,400,1336,0.58250,0.30500,-0.27750,0.27750
KC,400,1342,0.63500,0.36500,-0.27000,0.27000
KC,400,1345,0.25750,0.54750,0.29000,0.29000
KC,400,1348,0.41250,0.69500,0.28250,0.28250
KC,400,1350,0.20000,0.97000,0.77000,0.77000
KC,400,1352,0.50500,0.65250,0.14750,0.14750
KC,400,1354,0.31250,0.83000,0.51750,0.51750
KC,400,1356,0.44000,0.15750,-0.28250,0.28250
KC,400,1359,0.56750,0.24500,-0.32250,0.32250
KC,400,1362,0.47250,0.71250,0.24000,0.24000
KC,400,1364,0.32750,0.88250,0.55500,0.55500
KC,400,1366,0.53250,0.21000,-0.32250,0.32250
KC,400,1369,0.39500,0.63750,0.24250,0.24250
KC,400,1371,0.12500,0.97750,0.85250,0.85250
KC,400,1373,0.48500,0.72750,0.24250,0.24250
KC,400,1375,0.30000,0.84750,0.54750,0.54750
KC,400,1377,0.43250,0.60500,0.17250,0.17250
KC,400,1381,0.52000,0.32250,-0.19750,0.19750
KC,400,1384,0.23000,0.67250,0.44250,0.44250
KC,400,1388,0.46000,0.58750,0.12750,0.12750
KC,400,1392,0.39000,0.71750,0.32750,0.32750
KC,400,1394,0.17250,0.89500,0.72250,0.72250
KC,400,1396,0.50250,0.31000,-0.19250,0.19250
KC,400,1399,0.56500,0.20000,-0.36500,0.36500
KC,400,1402,0.44250,0.66500,0.22250,0.22250
KC,400,1406,0.53000,0.73750,0.20750,0.20750
KC,400,1408,0.35000,0.14000,-0.21000,0.21000
KC,400,1411,0.60000,0.41250,-0.18750,0.18750
KC,400,1414,0.26500,0.68250,0.41750,0.41750
KC,400,1419,0.55500,0.32000,-0.23500,0.23500
KC,400,1422,0.63250,0.37500,-0.25750,0.25750
KC,400,1425,0.49250,0.21500,-0.27750,0.27750
KC,400,1430,0.58250,0.28000,-0.30250,0.30250
KC,400,1433,0.16750,0.81500,0.64750,0.64750
KC,400,1435,0.45000,0.09500,-0.35500,0.35500
KC,400,1438,0.54250,0.34500,-0.19750,0.19750
KC,400,1441,0.62250,0.25000,-0.37250,0.37250
KC,400,1444,0.46750,0.67750,0.21000,0.21000
KC,400,1446,0.29750,0.94000,0.64250,0.64250
KC,400,1448,0.51750,0.20750,-0.31000,0.31000
KC,400,1451,0.40250,0.65000,0.24750,0.24750
KC,400,1455,0.48000,0.72500,0.24500,0.24500
KC,400,1457,0.31000,0.84250,0.53250,0.53250
KC,400,1459,0.42750,0.17500,-0.25250,0.25250
KC,400,1462,0.58500,0.36000,-0.22500,0.22500
KC,400,1465,0.52500,0.22000,-0.30500,0.30500
KC,400,1468,0.63000,0.32500,-0.30500,0.30500
KC,400,1471,0.44750,0.13750,-0.31000,0.31000
KC,400,1474,0.56250,0.29000,-0.27250,0.27250
KC,400,1479,0.50000,0.18500,-0.31500,0.31500
KC,400,1482,0.33500,0.98250,0.64750,0.64750
KC,400,1484,0.60250,0.42750,-0.17500,0.17500
KC,400,1487,0.24250,0.90750,0.66500,0.66500
KC,400,1489,0.52750,0.31750,-0.21000,0.21000
KC,400,1492,0.63500,0.37750,-0.25750,0.25750
KC,400,1496,0.55500,0.27000,-0.28500,0.28500
KC,400,1499,0.45250,0.86250,0.41000,0.41000
KC,400,1501,0.34000,0.66750,0.32750,0.32750
KC,400,1505,0.51000,0.70250,0.19250,0.19250
KC,400,1507,0.30500,0.82250,0.51750,0.51750
KC,400,1509,0.43000,0.60000,0.17000,0.17000
KC,400,1511,0.16250,0.89250,0.73000,0.73000
KC,400,1513,0.38000,0.73250,0.35250,0.35250
KC,400,1515,0.25250,0.56000,0.30750,0.30750
KC,400,1518,0.47000,0.77750,0.30750,0.30750
KC,400,1520,0.32750,0.64750,0.32000,0.32000
KC,400,1524,0.50250,0.28250,-0.22000,0.22000
KC,400,1527,0.58250,0.15750,-0.42500,0.42500
KC,400,1530,0.42250,0.68750,0.26500,0.26500
KC,400,1534,0.52250,0.21250,-0.31000,0.31000
KC,400,1537,0.38000,0.96750,0.58750,0.58750
KC,400,1539,0.59750,0.28750,-0.31000,0.31000
KC,400,1542,0.46000,0.14500,-0.31500,0.31500
KC,400,1545,0.55500,0.33500,-0.22000,0.22000
KC,400,1548,0.20000,0.85750,0.65750,0.65750
KC,400,1550,0.48250,0.64500,0.16250,0.16250
KC,400,1552,0.25250,0.94750,0.69500,0.69500
KC,400,1554,0.41500,0.75000,0.33500,0.33500
KC,400,1556,0.31250,0.59000,0.27750,0.27750
KC,400,1560,0.50000,0.79500,0.29500,0.29500
KC,400,1562,0.35250,0.66750,0.31500,0.31500
KC,400,1564,0.20750,0.99500,0.78750,0.78750
KC,400,1566,0.53250,0.39750,-0.13500,0.13500
KC,400,1569,0.61500,0.27500,-0.34000,0.34000
KC,400,1572,0.46000,0.71500,0.25500,0.25500
KC,400,1574,0.31750,0.12250,-0.19500,0.19500
KC,400,1577,0.56250,0.38750,-0.17500,0.17500
KC,400,1580,0.23500,0.65500,0.42000,0.42000
KC,400,1584,0.47750,0.30000,-0.17750,0.17750
KC,400,1587,0.58000,0.18750,-0.39250,0.39250
KC,400,1590,0.43750,0.69500,0.25750,0.25750
KC,400,1594,0.52500,0.22500,-0.30000,0.30000
KC,400,1597,0.39250,0.95500,0.56250,0.56250
KC,400,1599,0.60250,0.29000,-0.31250,0.31250
KC,400,1602,0.46750,0.15750,-0.31000,0.31000
KC,400,1605,0.55750,0.33250,-0.22500,0.22500
KC,400,1610,0.44250,0.64500,0.20250,0.20250
KC,400,1612,0.14000,0.98500,0.84500,0.84500
KC,400,1614,0.50750,0.31250,-0.19500,0.19500
KC,400,1620,0.42250,0.69000,0.26750,0.26750
KC,400,1624,0.52250,0.17000,-0.35250,0.35250
KC,400,1627,0.61250,0.37250,-0.24000,0.24000
KC,400,1630,0.26250,0.85000,0.58750,0.58750
KC,400,1632,0.47750,0.65750,0.18000,0.18000
KC,400,1634,0.20500,0.96500,0.76000,0.76000
KC,400,1636,0.43500,0.71500,0.28000,0.28000
KC,400,1638,0.32500,0.80250,0.47750,0.47750
KC,400,1640,0.54000,0.22500,-0.31500,0.31500
KC,400,1643,0.46250,0.63500,0.17250,0.17250
KC,400,1647,0.37000,0.68500,0.31500,0.31500
KC,400,1649,0.25750,0.98000,0.72250,0.72250
KC,400,1651,0.51750,0.75250,0.23500,0.23500
KC,400,1653,0.34250,0.59250,0.25000,0.25000
KC,400,1657,0.44250,0.72250,0.28000,0.28000
KC,400,1659,0.28000,0.86500,0.58500,0.58500
KC,400,1661,0.50250,0.20250,-0.30000,0.30000
KC,400,1666,0.41000,0.77500,0.36500,0.36500
KC,400,1668,0.54750,0.29250,-0.25500,0.25500
KC,400,1671,0.45500,0.15500,-0.30000,0.30000
KC,400,1674,0.61750,0.36250,-0.25500,0.25500
KC,400,1679,0.30500,0.67000,0.36500,0.36500
KC,400,1683,0.43750,0.92500,0.48750,0.48750
KC,400,1685,0.55750,0.33000,-0.22750,0.22750
KC,400,1688,0.18750,0.84750,0.66000,0.66000
KC,400,1690,0.47500,0.62500,0.15000,0.15000
KC,400,1692,0.25250,0.95750,0.70500,0.70500
KC,400,1694,0.41250,0.75500,0.34250,0.34250
KC,400,1696,0.52750,0.20500,-0.32250,0.32250
KC,400,1699,0.59000,0.33750,-0.25250,0.25250
KC,400,1702,0.44000,0.13500,-0.30500,0.30500
KC,400,1705,0.65000,0.37250,-0.27750,0.27750
KC,400,1708,0.26250,0.85500,0.59250,0.59250
KC,400,1710,0.50750,0.19500,-0.31250,0.31250
KC,400,1715,0.56250,0.28750,-0.27500,0.27500
KC,400,1718,0.46000,0.14000,-0.32000,0.32000
KC,400,1721,0.61250,0.33500,-0.27750,0.27750
KC,400,1724,0.22250,0.98750,0.76500,0.76500
KC,400,1726,0.51750,0.66500,0.14750,0.14750
KC,400,1728,0.37000,0.83000,0.46000,0.46000
KC,400,1730,0.44250,0.18000,-0.26250,0.26250
KC,400,1733,0.57000,0.26500,-0.30500,0.30500
KC,400,1736,0.48250,0.70000,0.21750,0.21750
KC,400,1738,0.31000,0.95000,0.64000,0.64000
KC,400,1740,0.54000,0.22750,-0.31250,0.31250
KC,400,1743,0.41250,0.64750,0.23500,0.23500
KC,400,1747,0.46250,0.72250,0.26000,0.26000
KC,400,1749,0.29000,0.97500,0.68500,0.68500
KC,400,1751,0.55750,0.36500,-0.19250,0.19250
KC,400,1754,0.49750,0.20250,-0.29500,0.29500
KC,400,1758,0.40250,0.61500,0.21250,0.21250
KC,400,1762,0.47000,0.13750,-0.33250,0.33250
KC,400,1765,0.33000,0.94250,0.61250,0.61250
KC,400,1767,0.56750,0.27500,-0.29250,0.29250
KC,400,1770,0.42500,0.08000,-0.34500,0.34500
KC,400,1773,0.52500,0.21250,-0.31250,0.31250
KC,400,1776,0.36750,0.99250,0.62500,0.62500
KC,400,1778,0.60750,0.45000,-0.15750,0.15750
KC,400,1781,0.26500,0.85250,0.58750,0.58750
KC,400,1783,0.50500,0.18750,-0.31750,0.31750
KC,400,1788,0.56000,0.24250,-0.31750,0.31750
KC,400,1791,0.42250,0.70000,0.27750,0.27750
KC,400,1793,0.16250,0.96250,0.80000,0.80000
KC,400,1795,0.49000,0.63000,0.14000,0.14000
KC,400,1797,0.30000,0.83500,0.53500,0.53500
KC,400,1799,0.39500,0.75000,0.35500,0.35500
KC,400,1801,0.21750,0.57500,0.35750,0.35750
KC,400,1804,0.44000,0.16750,-0.27250,0.27250
KC,400,1809,0.53500,0.77750,0.24250,0.24250
KC,400,1811,0.37000,0.64000,0.27000,0.27000
KC,400,1813,0.20750,0.87250,0.66500,0.66500
KC,400,1815,0.47250,0.72500,0.25250,0.25250
KC,400,1817,0.28500,0.93500,0.65000,0.65000
KC,400,1819,0.55000,0.35500,-0.19500,0.19500
KC,400,1822,0.44500,0.16250,-0.28250,0.28250
KC,400,1826,0.39000,0.60250,0.21250,0.21250
KC,400,1830,0.49500,0.12250,-0.37250,0.37250
KC,400,1833,0.63250,0.34500,-0.28750,0.28750
KC,400,1836,0.43750,0.19000,-0.24750,0.24750
KC,400,1839,0.56000,0.28750,-0.27250,0.27250
KC,400,1842,0.47000,0.10750,-0.36250,0.36250
KC,400,1845,0.65000,0.36500,-0.28500,0.28500
KC,400,1848,0.24250,0.90500,0.66250,0.66250
KC,400,1850,0.51500,0.32250,-0.19250,0.19250
KC,400,1853,0.58500,0.19250,-0.39250,0.39250
KC,400,1856,0.44500,0.68500,0.24000,0.24000
KC,400,1860,0.49750,0.16500,-0.33250,0.33250
KC,400,1863,0.37250,0.97000,0.59750,0.59750
KC,400,1865,0.57000,0.27000,-0.30000,0.30000
KC,400,1868,0.43500,0.87750,0.44250,0.44250
KC,400,1870,0.61000,0.31250,-0.29750,0.29750
KC,400,1876,0.36000,0.65500,0.29500,0.29500
KC,400,1878,0.20000,0.84500,0.64500,0.64500
KC,400,1880,0.51750,0.26250,-0.25500,0.25500
KC,400,1883,0.58750,0.40000,-0.18750,0.18750
KC,400,1886,0.30250,0.72000,0.41750,0.41750
KC,400,1888,0.46750,0.89500,0.42750,0.42750
KC,400,1890,0.34500,0.63500,0.29000,0.29000
KC,400,1894,0.50250,0.24250,-0.26000,0.26000
KC,400,1897,0.57500,0.38000,-0.19500,0.19500
KC,400,1900,0.27500,0.86500,0.59000,0.59000
KC,400,1902,0.52750,0.18750,-0.34000,0.34000
KC,400,1907,0.60250,0.30250,-0.30000,0.30000
KC,400,1910,0.45500,0.14250,-0.31250,0.31250
KC,400,1913,0.64250,0.36500,-0.27750,0.27750
KC,400,1916,0.49750,0.21500,-0.28250,0.28250
KC,400,1919,0.56250,0.29500,-0.26750,0.26750
KC,400,1922,0.42500,0.69750,0.27250,0.27250
KC,400,1924,0.17750,0.94500,0.76750,0.76750
KC,400,1926,0.51750,0.33500,-0.18250,0.18250
KC,400,1929,0.60750,0.23500,-0.37250,0.37250
KC,400,1932,0.44750,0.67250,0.22500,0.22500
KC,400,1934,0.28250,0.84750,0.56500,0.56500
KC,400,1936,0.49000,0.15500,-0.33500,0.33500
KC,400,1939,0.36250,0.98500,0.62250,0.62250
KC,400,1941,0.57000,0.30000,-0.27000,0.27000
KC,400,1944,0.46000,0.65500,0.19500,0.19500
KC,400,1946,0.19750,0.91750,0.72000,0.72000
KC,400,1948,0.40750,0.71250,0.30500,0.30500
KC,400,1950,0.27000,0.86000,0.59000,0.59000
KC,400,1952,0.53000,0.33750,-0.19250,0.19250
KC,400,1955,0.17250,0.61000,0.43750,0.43750
KC,400,1958,0.44000,0.68000,0.24000,0.24000
KC,400,1960,0.28500,0.83250,0.54750,0.54750
KC,400,1962,0.49500,0.19250,-0.30250,0.30250
KC,400,1965,0.57250,0.35500,-0.21750,0.21750
KC,400,1968,0.23500,0.95000,0.71500,0.71500
KC,400,1970,0.51500,0.65000,0.13500,0.13500
KC,400,1972,0.31000,0.81000,0.50000,0.50000
KC,400,1974,0.42000,0.13500,-0.28500,0.28500
KC,400,1977,0.55750,0.26250,-0.29500,0.29500
KC,400,1980,0.37750,0.99500,0.61750,0.61750
KC,400,1982,0.60250,0.32000,-0.28250,0.28250
KC,400,1985,0.47250,0.17250,-0.30000,0.30000
KC,400,1988,0.63500,0.39250,-0.24250,0.24250
KC,400,1991,0.25750,0.85000,0.59250,0.59250
KC,400,1993,0.51250,0.19750,-0.31500,0.31500
KC,400,1996,0.35000,0.96000,0.61000,0.61000
KC,400,1998,0.56250,0.28500,-0.27750,0.27750
KC,400,2001,0.45000,0.13250,-0.31750,0.31750
KC,400,2004,0.61250,0.36500,-0.24750,0.24750
KC,400,2007,0.22750,0.93500,0.70750,0.70750
KC,400,2009,0.50250,0.66000,0.15750,0.15750
KC,400,2011,0.30500,0.82750,0.52250,0.52250
KC,400,2013,0.42500,0.14500,-0.28000,0.28000
KC,400,2016,0.57750,0.70500,0.12750,0.12750
KC,400,2018,0.34500,0.78500,0.44000,0.44000
KC,400,2020,0.46750,0.20500,-0.26250,0.26250
KC,400,2023,0.54500,0.28500,-0.26000,0.26000
KC,400,2026,0.39500,0.92500,0.53000,0.53000
KC,400,2028,0.60500,0.24250,-0.36250,0.36250
KC,400,2031,0.35750,0.98250,0.62500,0.62500
KC,400,2033,0.50500,0.80000,0.29500,0.29500
KC,400,2035,0.31500,0.63750,0.32250,0.32250
KC,400,2039,0.45250,0.72000,0.26750,0.26750
KC,400,2041,0.27500,0.90500,0.63000,0.63000
KC,400,2043,0.53250,0.37250,-0.16000,0.16000
KC,400,2046,0.20750,0.61250,0.40500,0.40500
KC,400,2050,0.44000,0.68750,0.24750,0.24750
KC,400,2052,0.29750,0.83500,0.53750,0.53750
KC,400,2054,0.50000,0.17500,-0.32500,0.32500
KC,400,2057,0.57000,0.34500,-0.22500,0.22500
KC,400,2060,0.23000,0.99000,0.76000,0.76000
KC,400,2062,0.48000,0.65250,0.17250,0.17250
KC,400,2066,0.42250,0.70750,0.28500,0.28500
KC,400,2068,0.19250,0.92000,0.72750,0.72750
KC,400,2070,0.53500,0.35250,-0.18250,0.18250
KC,400,2073,0.25250,0.61750,0.36500,0.36500
KC,400,2077,0.46500,0.68250,0.21750,0.21750
KC,400,2079,0.30500,0.86000,0.55500,0.55500
KC,400,2081,0.51500,0.20500,-0.31000,0.31000
KC,400,2084,0.39250,0.90000,0.50750,0.50750
KC,400,2086,0.57500,0.27000,-0.30500,0.30500
KC,400,2089,0.15250,0.97000,0.81750,0.81750
KC,400,2091,0.47500,0.63750,0.16250,0.16250
KC,400,2095,0.42500,0.17500,-0.25000,0.25000
KC,400,2098,0.55000,0.24500,-0.30500,0.30500
KC,400,2101,0.60750,0.36500,-0.24250,0.24250
KC,400,2104,0.20000,0.87500,0.67500,0.67500
KC,400,2106,0.48250,0.29500,-0.18750,0.18750
KC,400,2109,0.10250,0.99750,0.89500,0.89500
KC,400,2111,0.53000,0.38750,-0.14250,0.14250
KC,400,2114,0.62000,0.25750,-0.36250,0.36250
KC,400,2117,0.45250,0.71000,0.25750,0.25750
KC,400,2119,0.31750,0.84250,0.52500,0.52500
KC,400,2121,0.51250,0.19000,-0.32250,0.32250
KC,400,2124,0.58500,0.37000,-0.21500,0.21500
KC,400,2127,0.26500,0.66000,0.39500,0.39500
KC,400,2131,0.46750,0.61000,0.14250,0.14250
KC,400,2133,0.23000,0.81750,0.58750,0.58750
KC,400,2135,0.39500,0.97250,0.57750,0.57750
KC,400,2137,0.53750,0.70250,0.16500,0.16500
KC,400,2139,0.31000,0.78250,0.47250,0.47250
KC,400,2141,0.43500,0.16500,-0.27000,0.27000
KC,400,2144,0.57000,0.27750,-0.29250,0.29250
KC,400,2147,0.38000,0.95750,0.57750,0.57750
KC,400,2149,0.51000,0.65250,0.14250,0.14250
KC,400,2151,0.22750,0.83750,0.61000,0.61000
KC,400,2153,0.41750,0.13000,-0.28750,0.28750
KC,400,2156,0.54750,0.26750,-0.28000,0.28000
KC,400,2159,0.46500,0.68250,0.21750,0.21750
KC,400,2161,0.20250,0.89250,0.69000,0.69000
KC,400,2163,0.38750,0.61500,0.22750,0.22750
KC,400,2167,0.33250,0.98750,0.65500,0.65500
KC,400,2169,0.52500,0.70500,0.18000,0.18000
KC,400,2171,0.29250,0.59000,0.29750,0.29750
KC,400,2174,0.41000,0.18250,-0.22750,0.22750
KC,400,2177,0.48250,0.93750,0.45500,0.45500
KC,400,2179,0.34500,0.64750,0.30250,0.30250
KC,400,2183,0.51500,0.14000,-0.37500,0.37500
KC,400,2186,0.43000,0.68750,0.25750,0.25750
KC,400,2188,0.28500,0.77750,0.49250,0.49250
KC,400,2190,0.54750,0.17750,-0.37000,0.37000
KC,400,2193,0.45500,0.63750,0.18250,0.18250
KC,400,2197,0.50250,0.20500,-0.29750,0.29750
KC,400,2200,0.37250,0.95000,0.57750,0.57750
KC,400,2202,0.58750,0.27250,-0.31500,0.31500
KC,400,2205,0.44250,0.67750,0.23500,0.23500
KC,400,2207,0.18000,0.88500,0.70500,0.70500
KC,400,2209,0.49000,0.31500,-0.17500,0.17500
KC,400,2212,0.14000,0.60750,0.46750,0.46750
KC,400,2215,0.40250,0.70000,0.29750,0.29750
KC,400,2217,0.26250,0.84000,0.57750,0.57750
KC,400,2219,0.51750,0.20000,-0.31750,0.31750
KC,400,2222,0.56750,0.35750,-0.21000,0.21000
KC,400,2225,0.24000,0.81500,0.57500,0.57500
KC,400,2227,0.45750,0.11500,-0.34250,0.34250
KC,400,2230,0.61750,0.38500,-0.23250,0.23250
KC,400,2233,0.28000,0.87250,0.59250,0.59250
KC,400,2235,0.51000,0.20250,-0.30750,0.30750
KC,400,2238,0.42750,0.93000,0.50250,0.50250
KC,400,2240,0.58250,0.31750,-0.26500,0.26500
KC,400,2245,0.47000,0.25500,-0.21500,0.21500
KC,400,2248,0.54250,0.10000,-0.44250,0.44250
KC,400,2251,0.39250,0.65000,0.25750,0.25750
KC,400,2255,0.48750,0.14750,-0.34000,0.34000
KC,400,2258,0.59250,0.33750,-0.25500,0.25500
KC,400,2261,0.25000,0.98250,0.73250,0.73250
KC,400,2263,0.51750,0.67250,0.15500,0.15500
KC,400,2265,0.37000,0.80250,0.43250,0.43250
KC,400,2267,0.28000,0.61000,0.33000,0.33000
KC,400,2270,0.43500,0.18250,-0.25250,0.25250
KC,400,2273,0.50000,0.10750,-0.39250,0.39250
KC,400,2276,0.56750,0.32250,-0.24500,0.24500
KC,400,2279,0.22750,0.85500,0.62750,0.62750
KC,400,2281,0.45250,0.64250,0.19000,0.19000
KC,400,2283,0.16250,0.92250,0.76000,0.76000
KC,400,2285,0.39250,0.74000,0.34750,0.34750
KC,400,2287,0.29000,0.55250,0.26250,0.26250
KC,400,2291,0.48250,0.78750,0.30500,0.30500
KC,400,2293,0.34500,0.66250,0.31750,0.31750
KC,400,2297,0.51500,0.28000,-0.23500,0.23500
KC,400,2300,0.42750,0.69000,0.26250,0.26250
KC,400,2302,0.16000,0.95250,0.79250,0.79250
KC,400,2304,0.56250,0.33500,-0.22750,0.22750
KC,400,2307,0.45500,0.12250,-0.33250,0.33250
KC,400,2310,0.60500,0.28750,-0.31750,0.31750
KC,400,2313,0.40750,0.67000,0.26250,0.26250
KC,400,2315,0.19250,0.99500,0.80250,0.80250
KC,400,2317,0.51750,0.72250,0.20500,0.20500
KC,400,2319,0.34500,0.85000,0.50500,0.50500
KC,400,2321,0.46750,0.23000,-0.23750,0.23750
KC,400,2325,0.39500,0.74500,0.35000,0.35000
KC,400,2327,0.29000,0.57500,0.28500,0.28500
KC,400,2331,0.49500,0.78250,0.28750,0.28750
KC,400,2333,0.35250,0.66000,0.30750,0.30750
KC,400,2335,0.21000,0.87500,0.66500,0.66500
KC,400,2337,0.45250,0.61000,0.15750,0.15750
KC,400,2341,0.33000,0.96750,0.63750,0.63750
KC,400,2343,0.53250,0.70000,0.16750,0.16750
KC,400,2345,0.28500,0.76500,0.48000,0.48000
KC,400,2347,0.42000,0.13500,-0.28500,0.28500
KC,400,2350,0.56500,0.34250,-0.22250,0.22250
KC,400,2353,0.47750,0.18500,-0.29250,0.29250
KC,400,2356,0.63250,0.38500,-0.24750,0.24750
KC,400,2359,0.26250,0.85750,0.59500,0.59500
KC,400,2361,0.51750,0.31500,-0.20250,0.20250
KC,400,2364,0.13750,0.92750,0.79000,0.79000
KC,400,2366,0.45750,0.61250,0.15500,0.15500
KC,400,2370,0.39750,0.75250,0.35500,0.35500
KC,400,2372,0.28250,0.95500,0.67250,0.67250
KC,400,2374,0.54500,0.35750,-0.18750,0.18750
KC,400,2377,0.17750,0.88250,0.70500,0.70500
KC,400,2379,0.48750,0.64250,0.15500,0.15500
KC,400,2381,0.25750,0.80750,0.55000,0.55000
KC,400,2383,0.41250,0.09750,-0.31500,0.31500
KC,400,2386,0.57500,0.33000,-0.24500,0.24500
KC,400,2389,0.46500,0.86500,0.40000,0.40000
KC,400,2391,0.27500,0.66000,0.38500,0.38500
KC,400,2395,0.51500,0.37250,-0.14250,0.14250
KC,400,2398,0.23750,0.61750,0.38000,0.38000
KC,400,2402,0.44750,0.71000,0.26250,0.26250
KC,400,2404,0.31000,0.83500,0.52500,0.52500
KC,400,2406,0.53500,0.20000,-0.33500,0.33500
KC,400,2409,0.36000,0.99750,0.63750,0.63750
KC,400,2411,0.49000,0.79000,0.30000,0.30000
KC,400,2413,0.29000,0.60500,0.31500,0.31500
KC,400,2416,0.41250,0.72250,0.31000,0.31000
KC,400,2418,0.24250,0.55750,0.31500,0.31500
KC,400,2421,0.37750,0.65750,0.28000,0.28000
KC,400,2425,0.47000,0.27500,-0.19500,0.19500
KC,400,2428,0.59000,0.74750,0.15750,0.15750
KC,400,2430,0.35500,0.52000,0.16500,0.16500
KC,400,2433,0.25250,0.68250,0.43000,0.43000
KC,400,2438,0.56250,0.30000,-0.26250,0.26250
KC,400,2441,0.45500,0.14500,-0.31000,0.31000
KC,400,2444,0.63000,0.36250,-0.26750,0.26750
KC,400,2447,0.24000,0.84250,0.60250,0.60250
KC,400,2449,0.50250,0.18000,-0.32250,0.32250
KC,400,2453,0.41000,0.58250,0.17250,0.17250
KC,400,2457,0.46500,0.11750,-0.34750,0.34750
KC,400,2460,0.61500,0.32250,-0.29250,0.29250
KC,400,2463,0.21250,0.99000,0.77750,0.77750
KC,400,2465,0.51750,0.68750,0.17000,0.17000
KC,400,2467,0.37250,0.83000,0.45750,0.45750
KC,400,2469,0.44250,0.18250,-0.26000,0.26000
KC,400,2472,0.57500,0.30500,-0.27000,0.27000
KC,400,2478,0.63250,0.35250,-0.28000,0.28000
KC,400,2481,0.42750,0.19250,-0.23500,0.23500
KC,400,2484,0.55250,0.27500,-0.27750,0.27750
KC,400,2489,0.49250,0.65500,0.16250,0.16250
KC,400,2491,0.32500,0.82000,0.49500,0.49500
KC,400,2493,0.41000,0.16000,-0.25000,0.25000
KC,400,2496,0.58500,0.28750,-0.29750,0.29750
KC,400,2499,0.46250,0.10000,-0.36250,0.36250
KC,400,2502,0.61750,0.35750,-0.26000,0.26000
KC,400,2505,0.50750,0.21500,-0.29250,0.29250
KC,400,2508,0.42000,0.68500,0.26500,0.26500
KC,400,2510,0.25750,0.92500,0.66750,0.66750
KC,400,2512,0.55000,0.33250,-0.21750,0.21750
KC,400,2515,0.17000,0.87750,0.70750,0.70750
KC,400,2517,0.47250,0.63500,0.16250,0.16250
KC,400,2519,0.27000,0.98750,0.71750,0.71750
KC,400,2521,0.52750,0.71500,0.18750,0.18750
KC,400,2523,0.36250,0.81250,0.45000,0.45000
KC,400,2525,0.43250,0.18500,-0.24750,0.24750
KC,400,2528,0.59000,0.31000,-0.28000,0.28000
KC,400,2531,0.48750,0.14000,-0.34750,0.34750
KC,400,2534,0.64250,0.37750,-0.26500,0.26500
KC,400,2537,0.51750,0.24250,-0.27500,0.27500
KC,400,2540,0.33250,0.95500,0.62250,0.62250
KC,400,2542,0.57000,0.41500,-0.15500,0.15500
KC,400,2545,0.22250,0.66750,0.44500,0.44500
KC,400,2549,0.49250,0.15000,-0.34250,0.34250
KC,400,2552,0.38250,0.97000,0.58750,0.58750
KC,400,2554,0.58750,0.28000,-0.30750,0.30750
KC,400,2557,0.46500,0.68500,0.22000,0.22000
KC,400,2559,0.21750,0.91250,0.69500,0.69500
KC,400,2561,0.52750,0.34500,-0.18250,0.18250
KC,400,2564,0.42250,0.12250,-0.30000,0.30000
KC,400,2567,0.61250,0.27000,-0.34250,0.34250
KC,400,2570,0.17500,0.99500,0.82000,0.82000
KC,400,2572,0.49500,0.64750,0.15250,0.15250
KC,400,2574,0.33500,0.81750,0.48250,0.48250
KC,400,2576,0.43500,0.14750,-0.28750,0.28750
KC,400,2579,0.56750,0.29750,-0.27000,0.27000
KC,400,2584,0.36250,0.67000,0.30750,0.30750
KC,400,2586,0.20500,0.79750,0.59250,0.59250
KC,400,2588,0.51500,0.13000,-0.38500,0.38500
KC,400,2591,0.41500,0.63000,0.21500,0.21500
KC,400,2595,0.54500,0.18750,-0.35750,0.35750
KC,400,2598,0.35250,0.97500,0.62250,0.62250
KC,400,2600,0.48500,0.68750,0.20250,0.20250
KC,400,2602,0.28250,0.89000,0.60750,0.60750
KC,400,2604,0.57250,0.38250,-0.19000,0.19000
KC,400,2607,0.22250,0.64000,0.41750,0.41750
KC,400,2611,0.45500,0.71500,0.26000,0.26000
KC,400,2613,0.31500,0.83000,0.51500,0.51500
KC,400,2615,0.51000,0.19250,-0.31750,0.31750
KC,400,2618,0.59000,0.37250,-0.21750,0.21750
KC,400,2621,0.26750,0.66000,0.39250,0.39250
KC,400,2625,0.46250,0.30750,-0.15500,0.15500
KC,400,2628,0.54750,0.17250,-0.37500,0.37500
KC,400,2631,0.61500,0.39250,-0.22250,0.22250
KC,400,2634,0.26000,0.90000,0.64000,0.64000
KC,400,2636,0.49500,0.67750,0.18250,0.18250
KC,400,2638,0.32500,0.84250,0.51750,0.51750
KC,400,2640,0.43750,0.16000,-0.27750,0.27750
KC,400,2643,0.57750,0.35750,-0.22000,0.22000
KC,400,2646,0.24500,0.64750,0.40250,0.40250
KC,400,2650,0.47500,0.30250,-0.17250,0.17250
KC,400,2653,0.54250,0.17250,-0.37000,0.37000
KC,400,2656,0.61000,0.38250,-0.22750,0.22750
KC,400,2659,0.25750,0.85500,0.59750,0.59750
KC,400,2661,0.46250,0.14500,-0.31750,0.31750
KC,400,2666,0.55250,0.22750,-0.32500,0.32500
KC,400,2669,0.42250,0.08000,-0.34250,0.34250
KC,400,2672,0.60000,0.35500,-0.24500,0.24500
KC,400,2675,0.49250,0.18750,-0.30500,0.30500
KC,400,2678,0.63750,0.30750,-0.33000,0.33000
KC,400,2681,0.44250,0.14000,-0.30250,0.30250
KC,400,2684,0.56000,0.33750,-0.22250,0.22250
KC,400,2689,0.51000,0.66750,0.15750,0.15750
KC,400,2691,0.29250,0.80250,0.51000,0.51000
KC,400,2693,0.41500,0.12500,-0.29000,0.29000
KC,400,2696,0.58000,0.32750,-0.25250,0.25250
KC,400,2699,0.20750,0.62500,0.41750,0.41750
KC,400,2701,0.05000,0.99750,0.94750,0.94750
KC,400,2703,0.46500,0.70000,0.23500,0.23500
KC,400,2705,0.35000,0.84500,0.49500,0.49500
KC,400,2707,0.52000,0.23750,-0.28250,0.28250
KC,400,2710,0.59250,0.38500,-0.20750,0.20750
KC,400,2713,0.27750,0.66250,0.38500,0.38500
KC,400,2715,0.14000,0.94250,0.80250,0.80250
KC,400,2717,0.48000,0.72750,0.24750,0.24750
KC,400,2719,0.33500,0.83000,0.49500,0.49500
KC,400,2721,0.53250,0.21750,-0.31500,0.31500
KC,400,2724,0.60250,0.40000,-0.20250,0.20250
KC,400,2727,0.29000,0.87000,0.58000,0.58000
KC,400,2729,0.49750,0.65250,0.15500,0.15500
KC,400,2731,0.23000,0.92000,0.69000,0.69000
KC,400,2733,0.43750,0.70250,0.26500,0.26500
KC,400,2735,0.32250,0.80750,0.48500,0.48500
KC,400,2737,0.54250,0.18250,-0.36000,0.36000
KC,400,2740,0.46750,0.67250,0.20500,0.20500
KC,400,2744,0.57000,0.36250,-0.20750,0.20750
KC,400,2747,0.21250,0.89750,0.68500,0.68500
KC,400,2749,0.49250,0.63250,0.14000,0.14000
KC,400,2751,0.27000,0.93500,0.66500,0.66500
KC,400,2753,0.42750,0.72000,0.29250,0.29250
KC,400,2755,0.32500,0.79750,0.47250,0.47250
KC,400,2757,0.53000,0.17750,-0.35250,0.35250
KC,400,2760,0.40250,0.65000,0.24750,0.24750
KC,400,2764,0.56000,0.35250,-0.20750,0.20750
KC,400,2769,0.28000,0.67500,0.39500,0.39500
KC,400,2773,0.51250,0.61250,0.10000,0.10000
KC,400,2777,0.41750,0.12750,-0.29000,0.29000
KC,400,2780,0.57500,0.27000,-0.30500,0.30500
KC,400,2786,0.36000,0.66250,0.30250,0.30250
KC,400,2790,0.52750,0.76250,0.23500,0.23500
KC,400,2792,0.33250,0.62000,0.28750,0.28750
KC,400,2796,0.43250,0.09250,-0.34000,0.34000
KC,400,2799,0.55250,0.29500,-0.25750,0.25750
KC,400,2804,0.49750,0.20000,-0.29750,0.29750
KC,400,2807,0.59750,0.26750,-0.33000,0.33000
KC,400,2810,0.45500,0.68500,0.23000,0.23000
KC,400,2814,0.53000,0.18500,-0.34500,0.34500
KC,400,2817,0.41500,0.65500,0.24000,0.24000
KC,400,2821,0.48000,0.10750,-0.37250,0.37250
KC,400,2824,0.58000,0.33750,-0.24250,0.24250
KC,400,2827,0.43250,0.70500,0.27250,0.27250
KC,400,2829,0.21250,0.87500,0.66250,0.66250
KC,400,2831,0.51250,0.28750,-0.22500,0.22500
KC,400,2834,0.61500,0.38000,-0.23500,0.23500
KC,400,2837,0.22750,0.84250,0.61500,0.61500
KC,400,2839,0.47250,0.14750,-0.32500,0.32500
KC,400,2844,0.55250,0.77250,0.22000,0.22000
KC,400,2846,0.39250,0.19750,-0.19500,0.19500
KC,400,2849,0.59000,0.30500,-0.28500,0.28500
KC,400,2852,0.45000,0.10250,-0.34750,0.34750
KC,400,2855,0.52500,0.25000,-0.27500,0.27500
KC,400,2858,0.63250,0.35000,-0.28250,0.28250
KC,400,2859,0.35000,0.07000,-0.28000,0.28000
KC,400,2862,0.49000,0.69750,0.20750,0.20750
KC,400,2864,0.28000,0.83500,0.55500,0.55500
KC,400,2866,0.42500,0.60750,0.18250,0.18250
KC,400,2868,0.17000,0.87000,0.70000,0.70000
KC,400,2870,0.37250,0.73750,0.36500,0.36500
KC,400,2872,0.24000,0.55500,0.31500,0.31500
KS,50,13,0.34000,0.82000,0.48000,0.48000
KS,50,15,0.32000,0.66000,0.34000,0.34000
KS,50,21,0.66000,0.34000,-0.32000,0.32000
KS,50,22,0.34000,0.68000,0.34000,0.34000
KS,50,24,0.34000,1.00000,0.66000,0.66000
KS,100,13,0.33000,0.82000,0.49000,0.49000
KS,100,15,0.34000,0.67000,0.33000,0.33000
KS,100,21,0.66000,0.34000,-0.32000,0.32000
KS,100,22,0.34000,0.67000,0.33000,0.33000
KS,100,24,0.33000,1.00000,0.67000,0.67000
KS,200,13,0.33500,0.81500,0.48000,0.48000
KS,200,15,0.33000,0.66500,0.33500,0.33500
KS,200,21,0.66500,0.33500,-0.33000,0.33000
KS,200,22,0.33500,0.67000,0.33500,0.33500
KS,200,24,0.33500,1.00000,0.66500,0.66500
KS,400,8,0.33250,0.66500,0.33250,0.33250
KS,400,12,0.66750,0.33250,-0.33500,0.33500
KS,400,13,0.33250,0.66500,0.33250,0.33250
KS,400,17,0.66750,0.33250,-0.33500,0.33500
KS,400,18,0.33250,0.66500,0.33250,0.33250
KS,400,20,0.33250,0.94500,0.61250,0.61250
KS,400,22,0.66750,0.33500,-0.33250,0.33250
KS,400,23,0.33500,0.66750,0.33250,0.33250
KS,400,25,0.33250,0.66500,0.33250,0.33250
KS,400,27,0.33250,1.00000,0.66750,0.66750
