kernel,K,sample,count,mean,median,p05,p25,p75,p95,min,max,Near,Middle,Far,n_Near,n_Middle,n_Far,median_abs_x_minus_a
KC,50,actual rebound witnesses,117,0.45658,0.48000,0.24000,0.36000,0.56000,0.62400,0.18000,0.68000,0.18803,0.80342,0.00855,22,94,1,0.38000
KC,100,actual rebound witnesses,251,0.44143,0.46000,0.23000,0.35500,0.53000,0.61000,0.09000,0.68000,0.21514,0.78088,0.00398,54,196,1,0.39000
KC,200,actual rebound witnesses,531,0.43964,0.46500,0.20000,0.34500,0.54000,0.61500,0.07500,0.67500,0.22976,0.76648,0.00377,122,407,2,0.38500
KC,400,actual rebound witnesses,1059,0.43351,0.45500,0.20250,0.33500,0.53000,0.61250,0.05000,0.67500,0.24646,0.75165,0.00189,261,796,2,0.39250
KS,50,actual rebound witnesses,5,0.40000,0.34000,0.32400,0.34000,0.34000,0.59600,0.32000,0.66000,0.20000,0.80000,0.00000,1,4,0,0.34000
KS,100,actual rebound witnesses,5,0.40000,0.34000,0.33000,0.33000,0.34000,0.59600,0.33000,0.66000,0.40000,0.60000,0.00000,2,3,0,0.33000
KS,200,actual rebound witnesses,5,0.40000,0.33500,0.33100,0.33500,0.33500,0.59900,0.33000,0.66500,0.20000,0.80000,0.00000,1,4,0,0.33500
KS,400,actual rebound witnesses,10,0.43325,0.33250,0.33250,0.33250,0.58437,0.66750,0.33250,0.66750,0.60000,0.10000,0.30000,6,1,3,0.33250
KW,50,all active rounds (risk) [raw argmax],8,0.68500,0.74000,0.27600,0.53000,0.88500,0.98600,0.22000,1.00000,0.12500,0.25000,0.62500,1,2,5,0.20000
KW,50,top 25% R_t rounds (risk) [raw argmax],2,0.61000,0.61000,0.25900,0.41500,0.80500,0.96100,0.22000,1.00000,0.50000,0.00000,0.50000,1,0,1,0.34000
KW,50,closest-to-rebound round (risk) [raw argmax],1,1.00000,1.00000,1.00000,1.00000,1.00000,1.00000,1.00000,1.00000,0.00000,0.00000,1.00000,0,0,1,0.04000
KW,50,all active rounds (risk) [prefix-restricted],8,0.31250,0.30000,0.02000,0.17000,0.43000,0.65500,0.02000,0.76000,0.50000,0.37500,0.12500,4,3,1,0.18000
KW,50,top 25% R_t rounds (risk) [prefix-restricted],2,0.12000,0.12000,0.03000,0.07000,0.17000,0.21000,0.02000,0.22000,1.00000,0.00000,0.00000,2,0,0,0.79000
KW,50,closest-to-rebound round (risk) [prefix-restricted],1,0.02000,0.02000,0.02000,0.02000,0.02000,0.02000,0.02000,0.02000,1.00000,0.00000,0.00000,1,0,0,0.94000
KW,100,all active rounds (risk) [raw argmax],8,0.68500,0.73000,0.27600,0.53750,0.89250,0.98600,0.22000,1.00000,0.12500,0.25000,0.62500,1,2,5,0.19000
KW,100,top 25% R_t rounds (risk) [raw argmax],2,0.61000,0.61000,0.25900,0.41500,0.80500,0.96100,0.22000,1.00000,0.50000,0.00000,0.50000,1,0,1,0.34500
KW,100,closest-to-rebound round (risk) [raw argmax],1,1.00000,1.00000,1.00000,1.00000,1.00000,1.00000,1.00000,1.00000,0.00000,0.00000,1.00000,0,0,1,0.04000
KW,100,all active rounds (risk) [prefix-restricted],8,0.24250,0.22500,0.01000,0.16000,0.39000,0.44600,0.01000,0.46000,0.62500,0.37500,0.00000,5,3,0,0.25000
KW,100,top 25% R_t rounds (risk) [prefix-restricted],2,0.11500,0.11500,0.02050,0.06250,0.16750,0.20950,0.01000,0.22000,1.00000,0.00000,0.00000,2,0,0,0.80000
KW,100,closest-to-rebound round (risk) [prefix-restricted],1,0.01000,0.01000,0.01000,0.01000,0.01000,0.01000,0.01000,0.01000,1.00000,0.00000,0.00000,1,0,0,0.95000
KW,200,all active rounds (risk) [raw argmax],8,0.68500,0.73500,0.27425,0.53625,0.89125,0.98425,0.22000,1.00000,0.12500,0.25000,0.62500,1,2,5,0.19500
KW,200,top 25% R_t rounds (risk) [raw argmax],2,0.61000,0.61000,0.25900,0.41500,0.80500,0.96100,0.22000,1.00000,0.50000,0.00000,0.50000,1,0,1,0.34750
KW,200,closest-to-rebound round (risk) [raw argmax],1,1.00000,1.00000,1.00000,1.00000,1.00000,1.00000,1.00000,1.00000,0.00000,0.00000,1.00000,0,0,1,0.04500
KW,200,all active rounds (risk) [prefix-restricted],8,0.24000,0.22250,0.00500,0.15875,0.38625,0.44600,0.00500,0.46000,0.62500,0.37500,0.00000,5,3,0,0.25750
KW,200,top 25% R_t rounds (risk) [prefix-restricted],2,0.11250,0.11250,0.01575,0.05875,0.16625,0.20925,0.00500,0.22000,1.00000,0.00000,0.00000,2,0,0,0.80000
KW,200,closest-to-rebound round (risk) [prefix-restricted],1,0.00500,0.00500,0.00500,0.00500,0.00500,0.00500,0.00500,0.00500,1.00000,0.00000,0.00000,1,0,0,0.95000
KW,400,all active rounds (risk) [raw argmax],8,0.68437,0.73375,0.27350,0.53687,0.88938,0.98425,0.21750,1.00000,0.12500,0.25000,0.62500,1,2,5,0.19250
KW,400,top 25% R_t rounds (risk) [raw argmax],2,0.60875,0.60875,0.25662,0.41312,0.80438,0.96087,0.21750,1.00000,0.50000,0.00000,0.50000,1,0,1,0.34750
KW,400,closest-to-rebound round (risk) [raw argmax],1,1.00000,1.00000,1.00000,1.00000,1.00000,1.00000,1.00000,1.00000,0.00000,0.00000,1.00000,0,0,1,0.04500
KW,400,all active rounds (risk) [prefix-restricted],8,0.23938,0.22125,0.00250,0.16000,0.38750,0.44512,0.00250,0.46000,0.62500,0.37500,0.00000,5,3,0,0.25500
KW,400,top 25% R_t rounds (risk) [prefix-restricted],2,0.11000,0.11000,0.01325,0.05625,0.16375,0.20675,0.00250,0.21750,1.00000,0.00000,0.00000,2,0,0,0.80125
KW,400,closest-to-rebound round (risk) [prefix-restricted],1,0.00250,0.00250,0.00250,0.00250,0.00250,0.00250,0.00250,0.00250,1.00000,0.00000,0.00000,1,0,0,0.95250
