K,s,n,B_median,B_p25,B_p75,share_gate_open
50,-2,117,+0.038292,-0.085952,+0.136930,0.5897
50,-1,117,-0.271607,-0.353166,-0.168883,0.0598
50,0,117,+0.241564,+0.161251,+0.330090,1.0000
50,1,117,-0.155346,-0.266018,-0.085952,0.0684
50,2,117,+0.018110,-0.328655,+0.235509,0.5128
50,3,116,-0.057742,-0.263043,+0.194412,0.4741
50,4,116,-0.054460,-0.200477,+0.203854,0.4310
50,5,116,-0.099420,-0.272128,+0.139924,0.4052
100,-2,251,+0.071308,-0.060607,+0.165878,0.6494
100,-1,251,-0.291569,-0.372312,-0.181757,0.0319
100,0,251,+0.255113,+0.162375,+0.353912,1.0000
100,1,251,-0.166430,-0.272338,-0.091477,0.0319
100,2,251,+0.053495,-0.306772,+0.208861,0.5976
100,3,251,-0.100707,-0.287181,+0.185105,0.4024
100,4,251,-0.029461,-0.210311,+0.236840,0.4701
100,5,251,-0.102720,-0.253371,+0.117755,0.4024
200,-2,531,+0.048315,-0.069506,+0.154692,0.5989
200,-1,531,-0.304795,-0.379574,-0.216197,0.0188
200,0,531,+0.255442,+0.164555,+0.351480,1.0000
200,1,531,-0.158410,-0.271509,-0.087011,0.0377
200,2,531,+0.035479,-0.317738,+0.232935,0.5461
200,3,530,-0.070212,-0.260843,+0.193849,0.4566
200,4,530,-0.045866,-0.255451,+0.189601,0.4264
200,5,530,-0.119247,-0.281162,+0.177198,0.3849
400,-2,1059,+0.054094,-0.074523,+0.161578,0.5958
400,-1,1059,-0.300566,-0.384824,-0.210809,0.0217
400,0,1059,+0.259744,+0.163266,+0.357246,1.0000
400,1,1059,-0.162956,-0.281478,-0.093561,0.0378
400,2,1059,+0.040749,-0.310586,+0.226198,0.5467
400,3,1059,-0.078648,-0.275299,+0.208228,0.4551
400,4,1059,-0.052627,-0.248283,+0.176819,0.4098
400,5,1058,-0.117422,-0.280478,+0.181813,0.4102
