K,epsilon,mean_retention_over_B5_50,min_retention_over_B5_50,max_retention_over_B5_50
50,0.0,0.984419,0.983022,0.985799
50,0.005,0.992724,0.990776,0.994239
50,0.01,0.988208,0.977449,0.995570
50,0.02,0.977532,0.959262,0.993313
50,0.04,0.940292,0.917287,0.973001
100,0.0,0.990975,0.990721,0.991264
100,0.005,0.993521,0.990691,0.995062
100,0.01,0.985994,0.977715,0.993535
100,0.02,0.979338,0.962788,0.995065
100,0.04,0.940554,0.914161,0.976642
200,0.0,0.987947,0.986972,0.988671
200,0.005,0.990555,0.988459,0.991955
200,0.01,0.986504,0.979579,0.991750
200,0.02,0.976994,0.959198,0.995072
200,0.04,0.939612,0.913882,0.976485
400,0.0,0.990716,0.988965,0.992688
400,0.005,0.996403,0.995109,0.998559
400,0.01,0.986124,0.978891,0.990703
400,0.02,0.970504,0.954862,0.986650
400,0.04,0.939563,0.916826,0.973812
