K,epsilon,B,scale_label,t_stop,U_stop,U_best,t_best,absolute_gap,residual_regret,improvement_loss,improvement_retention
50,0.0,5,coarse B=5,324,5.125634778085e-03,2.985013240578e-04,190,4.827133454027e-03,16.171230,0.015099,0.984901
50,0.0,10,coarse B=10,324,5.841994653818e-03,1.172479225206e-03,292,4.669515428612e-03,3.982600,0.014201,0.985799
50,0.0,25,coarse B=25,324,8.132250905381e-03,2.524765454233e-03,292,5.607485451148e-03,2.220993,0.016978,0.983022
50,0.0,50,fine (B=K),324,8.997465561547e-03,3.710171270209e-03,292,5.287294291338e-03,1.425081,0.016047,0.983953
50,0.005,5,coarse B=5,253,2.140198174761e-03,2.985013240578e-04,190,1.841696850703e-03,6.169811,0.005761,0.994239
50,0.005,10,coarse B=10,253,3.126352288274e-03,1.172479225206e-03,292,1.953873063069e-03,1.666446,0.005942,0.994058
50,0.005,25,coarse B=25,253,5.224965533732e-03,2.524765454233e-03,292,2.700200079500e-03,1.069486,0.008176,0.991824
50,0.005,50,fine (B=K),253,6.749252168277e-03,3.710171270209e-03,292,3.039080898068e-03,0.819121,0.009224,0.990776
50,0.01,5,coarse B=5,165,1.714859297888e-03,2.985013240578e-04,190,1.416357973831e-03,4.744897,0.004430,0.995570
50,0.01,10,coarse B=10,165,3.798874261926e-03,1.172479225206e-03,292,2.626395036720e-03,2.240035,0.007987,0.992013
50,0.01,25,coarse B=25,165,6.554534618793e-03,2.524765454233e-03,292,4.029769164560e-03,1.596096,0.012201,0.987799
50,0.01,50,fine (B=K),165,1.114059705027e-02,3.710171270209e-03,292,7.430425780064e-03,2.002718,0.022551,0.977449
50,0.02,5,coarse B=5,76,2.436360703755e-03,2.985013240578e-04,190,2.137859379697e-03,7.161976,0.006687,0.993313
50,0.02,10,coarse B=10,76,4.979289981232e-03,1.172479225206e-03,292,3.806810756026e-03,3.246804,0.011577,0.988423
50,0.02,25,coarse B=25,76,1.272056786074e-02,2.524765454233e-03,292,1.019580240651e-02,4.038317,0.030871,0.969129
50,0.02,50,fine (B=K),76,1.713301710976e-02,3.710171270209e-03,292,1.342284583955e-02,3.617851,0.040738,0.959262
50,0.04,5,coarse B=5,34,8.929965271206e-03,2.985013240578e-04,190,8.631463947148e-03,28.915999,0.026999,0.973001
50,0.04,10,coarse B=10,34,1.776885784504e-02,1.172479225206e-03,292,1.659637861984e-02,14.154945,0.050471,0.949529
50,0.04,25,coarse B=25,34,2.850000874936e-02,2.524765454233e-03,292,2.597524329512e-02,10.288181,0.078647,0.921353
50,0.04,50,fine (B=K),34,3.096335573364e-02,3.710171270209e-03,292,2.725318446343e-02,7.345533,0.082713,0.917287
100,0.0,5,coarse B=5,699,2.924092395986e-03,7.244585181861e-05,602,2.851646544168e-03,39.362454,0.008913,0.991087
100,0.0,10,coarse B=10,699,3.905537483500e-03,1.031611279643e-03,561,2.873926203857e-03,2.785862,0.008736,0.991264
100,0.0,25,coarse B=25,699,5.415651507727e-03,2.349544984351e-03,653,3.066106523376e-03,1.304979,0.009279,0.990721
100,0.0,50,coarse B=50,699,6.156970590507e-03,3.129174314712e-03,653,3.027796275795e-03,0.967602,0.009173,0.990827
100,0.0,100,fine (B=K),699,7.067150914710e-03,3.820896619547e-03,653,3.246254295163e-03,0.849605,0.009853,0.990147
100,0.005,5,coarse B=5,340,1.740283962923e-03,7.244585181861e-05,602,1.667838111104e-03,23.021858,0.005213,0.994787
100,0.005,10,coarse B=10,340,2.655928939738e-03,1.031611279643e-03,561,1.624317660096e-03,1.574544,0.004938,0.995062
100,0.005,25,coarse B=25,340,4.483493215754e-03,2.349544984351e-03,653,2.133948231403e-03,0.908239,0.006458,0.993542
100,0.005,50,coarse B=50,340,6.201952669384e-03,3.129174314712e-03,653,3.072778354672e-03,0.981977,0.009309,0.990691
100,0.005,100,fine (B=K),340,8.540115351989e-03,3.820896619547e-03,653,4.719218732441e-03,1.235108,0.014323,0.985677
100,0.01,5,coarse B=5,159,2.140826621919e-03,7.244585181861e-05,602,2.068380770100e-03,28.550714,0.006465,0.993535
100,0.01,10,coarse B=10,159,4.912285262235e-03,1.031611279643e-03,561,3.880673982593e-03,3.761760,0.011796,0.988204
100,0.01,25,coarse B=25,159,7.464581871421e-03,2.349544984351e-03,653,5.115036887070e-03,2.177033,0.015479,0.984521
100,0.01,50,coarse B=50,159,1.048470169189e-02,3.129174314712e-03,653,7.355527377178e-03,2.350629,0.022285,0.977715
100,0.01,100,fine (B=K),159,1.239268843409e-02,3.820896619547e-03,653,8.571791814547e-03,2.243398,0.026016,0.973984
100,0.02,5,coarse B=5,80,1.651341294623e-03,7.244585181861e-05,602,1.578895442804e-03,21.794146,0.004935,0.995065
100,0.02,10,coarse B=10,80,4.815709867936e-03,1.031611279643e-03,561,3.784098588293e-03,3.668144,0.011503,0.988497
100,0.02,25,coarse B=25,80,1.193152920155e-02,2.349544984351e-03,653,9.581984217201e-03,4.078230,0.028997,0.971003
100,0.02,50,coarse B=50,80,1.541191561060e-02,3.129174314712e-03,653,1.228274129589e-02,3.925234,0.037212,0.962788
100,0.02,100,fine (B=K),80,1.683283323746e-02,3.820896619547e-03,653,1.301193661792e-02,3.405467,0.039492,0.960508
100,0.04,5,coarse B=5,35,7.545210501214e-03,7.244585181861e-05,602,7.472764649396e-03,103.149655,0.023358,0.976642
100,0.04,10,coarse B=10,35,1.702848333015e-02,1.031611279643e-03,561,1.599687205051e-02,15.506686,0.048627,0.951373
100,0.04,25,coarse B=25,35,2.877194207922e-02,2.349544984351e-03,653,2.642239709487e-02,11.245751,0.079959,0.920041
100,0.04,50,coarse B=50,35,3.146207933133e-02,3.129174314712e-03,653,2.833290501662e-02,9.054435,0.085839,0.914161
100,0.04,100,fine (B=K),35,3.255588879687e-02,3.820896619547e-03,653,2.873499217732e-02,7.520484,0.087213,0.912787
200,0.0,5,coarse B=5,1445,4.184201538899e-03,1.535614553682e-05,1111,4.168845393362e-03,271.477330,0.013028,0.986972
200,0.0,10,coarse B=10,1445,4.996406629946e-03,9.886487243612e-04,1363,4.007757905584e-03,4.053773,0.012181,0.987819
200,0.0,25,coarse B=25,1445,5.921297937516e-03,2.060340511736e-03,1349,3.860957425780e-03,1.873941,0.011674,0.988326
200,0.0,50,coarse B=50,1445,6.443094478817e-03,2.698970729350e-03,1349,3.744123749467e-03,1.387241,0.011329,0.988671
200,0.0,200,fine (B=K),1445,7.883847194322e-03,3.691857807259e-03,1349,4.191989387063e-03,1.135469,0.012717,0.987283
200,0.005,5,coarse B=5,338,2.589612030045e-03,1.535614553682e-05,1111,2.574255884508e-03,167.636851,0.008045,0.991955
200,0.005,10,coarse B=10,338,4.111731674738e-03,9.886487243612e-04,1363,3.123082950376e-03,3.158941,0.009492,0.990508
200,0.005,25,coarse B=25,338,4.938717862912e-03,2.060340511736e-03,1349,2.878377351176e-03,1.397040,0.008703,0.991297
200,0.005,50,coarse B=50,338,6.513280453407e-03,2.698970729350e-03,1349,3.814309724057e-03,1.413246,0.011541,0.988459
200,0.005,200,fine (B=K),338,9.771102993242e-03,3.691857807259e-03,1349,6.079245185983e-03,1.646663,0.018442,0.981558
200,0.01,5,coarse B=5,173,3.195305587601e-03,1.535614553682e-05,1111,3.179949442064e-03,207.079923,0.009938,0.990062
200,0.01,10,coarse B=10,173,3.703114402590e-03,9.886487243612e-04,1363,2.714465678229e-03,2.745632,0.008250,0.991750
200,0.01,25,coarse B=25,173,7.145621481084e-03,2.060340511736e-03,1349,5.085280969348e-03,2.468175,0.015375,0.984625
200,0.01,50,coarse B=50,173,9.447982979353e-03,2.698970729350e-03,1349,6.749012250002e-03,2.500587,0.020421,0.979579
200,0.01,200,fine (B=K),173,1.278275989743e-02,3.691857807259e-03,1349,9.090902090171e-03,2.462419,0.027579,0.972421
200,0.02,5,coarse B=5,76,1.592137427729e-03,1.535614553682e-05,1111,1.576781282192e-03,102.680798,0.004928,0.995072
200,0.02,10,coarse B=10,76,5.852550676162e-03,9.886487243612e-04,1363,4.863901951801e-03,4.919747,0.014783,0.985217
200,0.02,25,coarse B=25,76,1.248157354790e-02,2.060340511736e-03,1349,1.042123303617e-02,5.058015,0.031509,0.968491
200,0.02,50,coarse B=50,76,1.618422901308e-02,2.698970729350e-03,1349,1.348525828373e-02,4.996445,0.040802,0.959198
200,0.02,200,fine (B=K),76,1.817635046017e-02,3.691857807259e-03,1349,1.448449265291e-02,3.923361,0.043941,0.956059
200,0.04,5,coarse B=5,34,7.539643207703e-03,1.535614553682e-05,1111,7.524287062166e-03,489.985397,0.023515,0.976485
200,0.04,10,coarse B=10,34,1.763165947351e-02,9.886487243612e-04,1363,1.664301074915e-02,16.834099,0.050585,0.949415
200,0.04,25,coarse B=25,34,2.896080979994e-02,2.060340511736e-03,1349,2.690046928821e-02,13.056322,0.081334,0.918666
200,0.04,50,coarse B=50,34,3.116097587060e-02,2.698970729350e-03,1349,2.846200514125e-02,10.545503,0.086118,0.913882
200,0.04,200,fine (B=K),34,3.271268183609e-02,3.691857807259e-03,1349,2.902082402883e-02,7.860764,0.088040,0.911960
400,0.0,5,coarse B=5,2876,2.947862827093e-03,1.193707395513e-04,730,2.828492087542e-03,23.695020,0.008842,0.991158
400,0.0,10,coarse B=10,2876,2.964287955699e-03,5.554689246408e-04,2627,2.408819031059e-03,4.336550,0.007312,0.992688
400,0.0,25,coarse B=25,2876,5.095420674642e-03,1.438696062803e-03,2627,3.656724611840e-03,2.541694,0.011035,0.988965
400,0.0,50,coarse B=50,2876,5.720772437922e-03,2.429929318045e-03,2627,3.290843119877e-03,1.354296,0.009949,0.990051
400,0.0,400,fine (B=K),2876,7.135128284666e-03,3.557859771223e-03,2627,3.577268513443e-03,1.005455,0.010848,0.989152
400,0.005,5,coarse B=5,321,5.802889929768e-04,1.193707395513e-04,730,4.609182534255e-04,3.861233,0.001441,0.998559
400,0.005,10,coarse B=10,321,1.770907027958e-03,5.554689246408e-04,2627,1.215438103317e-03,2.188130,0.003689,0.996311
400,0.005,25,coarse B=25,321,2.885858195393e-03,1.438696062803e-03,2627,1.447162132590e-03,1.005885,0.004367,0.995633
400,0.005,50,coarse B=50,321,4.047715004762e-03,2.429929318045e-03,2627,1.617785686718e-03,0.665775,0.004891,0.995109
400,0.005,400,fine (B=K),321,7.913830744963e-03,3.557859771223e-03,2627,4.355970973740e-03,1.224323,0.013209,0.986791
400,0.01,5,coarse B=5,169,3.093345906739e-03,1.193707395513e-04,730,2.973975167188e-03,24.913770,0.009297,0.990703
400,0.01,10,coarse B=10,169,4.224685998450e-03,5.554689246408e-04,2627,3.669217073809e-03,6.605621,0.011138,0.988862
400,0.01,25,coarse B=25,169,6.064775823302e-03,1.438696062803e-03,2627,4.626079760499e-03,3.215467,0.013961,0.986039
400,0.01,50,coarse B=50,169,9.412093467054e-03,2.429929318045e-03,2627,6.982164149009e-03,2.873402,0.021109,0.978891
400,0.01,400,fine (B=K),169,1.249832161614e-02,3.557859771223e-03,2627,8.940461844913e-03,2.512876,0.027111,0.972889
400,0.02,5,coarse B=5,82,4.389647933409e-03,1.193707395513e-04,730,4.270277193858e-03,35.773232,0.013350,0.986650
400,0.02,10,coarse B=10,82,8.140673232937e-03,5.554689246408e-04,2627,7.585204308297e-03,13.655497,0.023024,0.976976
400,0.02,25,coarse B=25,82,1.352382439919e-02,1.438696062803e-03,2627,1.208512833639e-02,8.400057,0.036471,0.963529
400,0.02,50,coarse B=50,82,1.736006388630e-02,2.429929318045e-03,2627,1.493013456826e-02,6.144267,0.045138,0.954862
400,0.02,400,fine (B=K),82,1.937894468363e-02,3.557859771223e-03,2627,1.582108491240e-02,4.446798,0.047976,0.952024
400,0.04,5,coarse B=5,34,8.496281324017e-03,1.193707395513e-04,730,8.376910584466e-03,70.175577,0.026188,0.973812
400,0.04,10,coarse B=10,34,1.775040084927e-02,5.554689246408e-04,2627,1.719493192463e-02,30.955705,0.052194,0.947806
400,0.04,25,coarse B=25,34,2.801041295920e-02,1.438696062803e-03,2627,2.657171689640e-02,18.469305,0.080190,0.919810
400,0.04,50,coarse B=50,34,2.994140482110e-02,2.429929318045e-03,2627,2.751147550305e-02,11.321924,0.083174,0.916826
400,0.04,400,fine (B=K),34,3.164711873586e-02,3.557859771223e-03,2627,2.808925896463e-02,7.894988,0.085177,0.914823
