variant,K,epsilon,t_stop,moved_mass_at_stop,U_density_at_stop,improvement_retention
A,50,0.005,253,0.246006,6.749252e-03,0.990776
A,50,0.01,165,0.247305,1.114060e-02,0.977449
A,50,0.02,76,0.244581,1.713302e-02,0.959262
A,50,0.04,34,0.224190,3.096336e-02,0.917287
A,100,0.005,340,0.248679,8.540115e-03,0.985677
A,100,0.01,159,0.247388,1.239269e-02,0.973984
A,100,0.02,80,0.239391,1.683283e-02,0.960508
A,100,0.04,35,0.241374,3.255589e-02,0.912787
A,200,0.005,338,0.248683,9.771103e-03,0.981558
A,200,0.01,173,0.222232,1.278276e-02,0.972421
A,200,0.02,76,0.236143,1.817635e-02,0.956059
A,200,0.04,34,0.241523,3.271268e-02,0.911960
A,400,0.005,321,0.248749,7.913831e-03,0.986791
A,400,0.01,169,0.246659,1.249832e-02,0.972889
A,400,0.02,82,0.224214,1.937894e-02,0.952024
A,400,0.04,34,0.226888,3.164712e-02,0.914823
U,50,0.005,5,0.235798,6.217345e-03,0.997971
U,50,0.01,5,0.235798,6.217345e-03,0.997971
U,50,0.02,5,0.235798,6.217345e-03,0.997971
U,50,0.04,4,0.216799,1.476776e-02,0.971875
U,100,0.005,5,0.235793,5.967961e-03,0.998337
U,100,0.01,5,0.235793,5.967961e-03,0.998337
U,100,0.02,5,0.235793,5.967961e-03,0.998337
U,100,0.04,4,0.216787,1.428405e-02,0.972973
U,200,0.005,5,0.237047,6.163633e-03,0.997209
U,200,0.01,5,0.237047,6.163633e-03,0.997209
U,200,0.02,5,0.237047,6.163633e-03,0.997209
U,200,0.04,4,0.215492,1.412146e-02,0.972953
U,400,0.005,5,0.236440,6.257078e-03,0.997411
U,400,0.01,5,0.236440,6.257078e-03,0.997411
U,400,0.02,5,0.236440,6.257078e-03,0.997411
U,400,0.04,4,0.215545,1.441513e-02,0.972533
B,50,0.005,3,0.235000,3.611119e-33,1.000000
B,50,0.01,2,0.031725,6.531473e-04,0.998040
B,50,0.02,2,0.031725,6.531473e-04,0.998040
B,50,0.04,2,0.031725,6.531473e-04,0.998040
B,100,0.005,3,0.235000,1.835652e-31,1.000000
B,100,0.01,2,0.029236,6.589261e-04,0.998023
B,100,0.02,2,0.029236,6.589261e-04,0.998023
B,100,0.04,2,0.029236,6.589261e-04,0.998023
B,200,0.005,3,0.235000,3.310192e-33,1.000000
B,200,0.01,2,0.029236,6.592009e-04,0.998022
B,200,0.02,2,0.029236,6.592009e-04,0.998022
B,200,0.04,2,0.029236,6.592009e-04,0.998022
B,400,0.005,3,0.117500,1.579864e-33,1.000000
B,400,0.01,2,0.029236,6.597209e-04,0.998021
B,400,0.02,2,0.029236,6.597209e-04,0.998021
B,400,0.04,2,0.029236,6.597209e-04,0.998021
