t,s,branch,p_m,F_m,restriction_ok,branch_eq_ok,sel_branch_ok,dpred_ok,class_predicted,class_observed,tie_exact
0,24,pre,0.00737847222222222222222222222222222222222222222222222222222222,0.972222222222222222222222222222222222222222222222222222222222,False,,True,False,,contraction,False
1,31,pre,0.0151909722222222222222222222222222222222222222222222222222222,0.972222222222222222222222222222222222222222222222222222222222,False,,True,False,,contraction,False
2,40,A,0.0235889576099537037037037037037037037037037037037037037037037,0.972222222222222222222222222222222222222222222222222222222222,True,True,True,True,tie,tie,True
3,40,A,0.0278190330222800925925925925925925925925925925925925925925926,0.972222222222222222222222222222222222222222222222222222222222,True,True,True,True,tie,tie,True
4,40,A,0.0309915895815248842592592592592592592592592592592592592592593,0.972222222222222222222222222222222222222222222222222222222222,True,True,True,True,tie,tie,True
5,40,A,0.0333710070009584780092592592592592592592592592592592592592593,0.972222222222222222222222222222222222222222222222222222222222,True,True,True,True,tie,tie,True
6,40,A,0.0351555700655336733217592592592592592592592592592592592592593,0.972222222222222222222222222222222222222222222222222222222222,True,True,True,True,tie,tie,True
7,40,A,0.0364939923639650698061342592592592592592592592592592592592593,0.972222222222222222222222222222222222222222222222222222222222,True,True,True,True,tie,tie,True
8,40,A,0.0374978090877886171694155092592592592592592592592592592592593,0.972222222222222222222222222222222222222222222222222222222222,True,True,True,True,tie,tie,True
9,40,A,0.0382506716306562776918764467592592592592592592592592592592593,0.972222222222222222222222222222222222222222222222222222222222,True,True,True,True,tie,tie,True
10,40,A,0.0388153185378070230837221498842592592592592592592592592592593,0.972222222222222222222222222222222222222222222222222222222222,True,True,True,True,tie,tie,True
11,40,A,0.0392388037181700821276064272280092592592592592592592592592593,0.972222222222222222222222222222222222222222222222222222222222,True,True,True,True,tie,tie,True
12,40,A,0.0395564176034423764105196352358217592592592592592592592592593,0.972222222222222222222222222222222222222222222222222222222222,True,True,True,True,tie,tie,True
13,40,A,0.0397946280173965971227045412416811342592592592592592592592593,0.972222222222222222222222222222222222222222222222222222222222,True,True,True,True,tie,tie,True
14,40,A,0.0399732858278622626568432207460756655092592592592592592592593,0.972222222222222222222222222222222222222222222222222222222222,True,True,True,True,tie,tie,True
15,40,A,0.0401072791857115118074472303743715639467592592592592592592593,0.972222222222222222222222222222222222222222222222222222222222,True,True,True,True,tie,tie,True
16,40,A,0.0402077742040984486704002375955934877748842592592592592592593,0.972222222222222222222222222222222222222222222222222222222222,True,True,True,True,tie,tie,True
17,40,A,0.0402831454678886513176149930115099306459780092592592592592593,0.972222222222222222222222222222222222222222222222222222222222,True,True,True,True,tie,tie,True
18,40,A,0.0403396739157313033030260595734472627992983217592592592592593,0.972222222222222222222222222222222222222222222222222222222222,True,True,True,True,tie,tie,True
19,40,A,0.0403820702516132922920843594949002619142885561342592592592593,0.972222222222222222222222222222222222222222222222222222222222,True,True,True,True,tie,tie,True
20,40,A,0.0404138675035247840338780844359900112505312319155092592592593,0.972222222222222222222222222222222222222222222222222222222222,True,True,True,True,tie,tie,True
21,40,A,0.0404377154424584028402233781418073232527132387514467592592593,0.972222222222222222222222222222222222222222222222222222222222,True,True,True,True,tie,tie,True
22,40,A,0.0404556013966586169449823484211703072543497438783998842592593,0.972222222222222222222222222222222222222222222222222222222222,True,True,True,True,tie,tie,True
23,40,A,0.0404690158623087775235515761306925452555771227236147280092593,0.972222222222222222222222222222222222222222222222222222222222,True,True,True,True,tie,tie,True
24,40,A,0.0404790767115463979574784969128342237564976568575258608217593,0.972222222222222222222222222222222222222222222222222222222222,True,True,True,True,tie,tie,True
25,40,A,0.0404866223484746132829236874994404826321880574579592104311343,0.972222222222222222222222222222222222222222222222222222222222,True,True,True,True,tie,tie,True
26,40,A,0.0404922815761707747770075804393951767889558579082842226381655,0.972222222222222222222222222222222222222222222222222222222222,True,True,True,True,tie,tie,True
27,40,A,0.0404965259969428958975705001443611974065317082460279817934389,0.972222222222222222222222222222222222222222222222222222222222,True,True,True,True,tie,tie,True
28,40,A,0.040499709312521986737992689923085712869713595999335801159894,0.972222222222222222222222222222222222222222222222222222222222,True,True,True,True,tie,tie,True
29,40,A,0.0405020967992063048683093322571290994671000118143166656847353,0.972222222222222222222222222222222222222222222222222222222222,True,True,True,True,tie,tie,True
30,40,A,0.0405038874142195434660468140076616394151398236755523140783663,0.972222222222222222222222222222222222222222222222222222222222,True,True,True,True,tie,tie,True
31,40,A,0.0405052303754794724143499253205610443761696825714790503735896,0.972222222222222222222222222222222222222222222222222222222222,True,True,True,True,tie,tie,True
32,40,A,0.040506237596424419125577258805235598096942076743424102595007,0.972222222222222222222222222222222222222222222222222222222222,True,True,True,True,tie,tie,True
33,40,A,0.04050699301213312915899775891874151338752137237238289176107,0.972222222222222222222222222222222222222222222222222222222222,True,True,True,True,tie,tie,True
34,40,A,0.0405075595739146616840631340038709498554558440941019836356174,0.972222222222222222222222222222222222222222222222222222222222,True,True,True,True,tie,tie,True
35,40,A,0.0405079844952508110778621653177180272064066978853913025415278,0.972222222222222222222222222222222222222222222222222222222222,True,True,True,True,tie,tie,True
36,40,A,0.0405083031862529231232114388031033352196198382288582917209607,0.972222222222222222222222222222222222222222222222222222222222,True,True,True,True,tie,tie,True
37,40,A,0.0405085422045045071572233939171423162295296934864585336055353,0.972222222222222222222222222222222222222222222222222222222222,True,True,True,True,tie,tie,True
38,40,A,0.0405087214681931951827323602526715519869620849296587150189663,0.972222222222222222222222222222222222222222222222222222222222,True,True,True,True,tie,tie,True
39,40,A,0.0405088559159597112018640850043184788050363785120588510790395,0.972222222222222222222222222222222222222222222222222222222222,True,True,True,True,tie,tie,True
40,40,A,0.0405089567517845982162128785680536739185920986988589531240945,0.972222222222222222222222222222222222222222222222222222222222,True,True,True,True,tie,tie,True
41,40,A,0.0405090323786532634769744737408550702537588888389590296578857,0.972222222222222222222222222222222222222222222222222222222222,True,True,True,True,tie,tie,True
42,40,A,0.0405090890988047624225456701204561175051339814440340870582291,0.972222222222222222222222222222222222222222222222222222222222,True,True,True,True,tie,tie,True
43,40,A,0.0405091316389183866317240674051569029436653008978403801084866,0.972222222222222222222222222222222222222222222222222222222222,True,True,True,True,tie,tie,True
44,40,A,0.0405091635440036047886078653686824920225637904881950998961798,0.972222222222222222222222222222222222222222222222222222222222,True,True,True,True,tie,tie,True
45,40,A,0.0405091874728175184062707138413266838317376576809611397369496,0.972222222222222222222222222222222222222222222222222222222222,True,True,True,True,tie,tie,True
46,40,A,0.0405092054194279536195178501958098276886180580755356696175271,0.972222222222222222222222222222222222222222222222222222222222,True,True,True,True,tie,tie,True
47,40,A,0.0405092188793857800294532024616721855812783583714665670279601,0.972222222222222222222222222222222222222222222222222222222222,True,True,True,True,tie,tie,True
48,40,A,0.0405092289743541498369047166610689540007735835934147400857849,0.972222222222222222222222222222222222222222222222222222222222,True,True,True,True,tie,tie,True
49,40,A,0.0405092365455804271924933523106165303153950025098758698791535,0.972222222222222222222222222222222222222222222222222222222222,True,True,True,True,tie,tie,True
50,40,A,0.0405092422240001352091848290477772125513610666972217172241799,0.972222222222222222222222222222222222222222222222222222222222,True,True,True,True,tie,tie,True
51,40,A,0.0405092464828149162217034366006477242283356148377311027329498,0.972222222222222222222222222222222222222222222222222222222222,True,True,True,True,tie,tie,True
52,40,A,0.0405092496769260019810923922653006079860665259431131418645271,0.972222222222222222222222222222222222222222222222222222222222,True,True,True,True,tie,tie,True
53,40,A,0.0405092520725093163006341090137902708043647092721496712132102,0.972222222222222222222222222222222222222222222222222222222222,True,True,True,True,tie,tie,True
54,40,A,0.0405092538691968020402903965751575179180883467689270682247224,0.972222222222222222222222222222222222222222222222222222222222,True,True,True,True,tie,tie,True
55,40,A,0.0405092552167124163450326122461829532533810748915101159833566,0.972222222222222222222222222222222222222222222222222222222222,True,True,True,True,tie,tie,True
56,40,A,0.0405092562273491270735892739994520297548506209834474018023323,0.972222222222222222222222222222222222222222222222222222222222,True,True,True,True,tie,tie,True
57,40,A,0.040509256985326660120006770314403837130952780552400366166564,0.972222222222222222222222222222222222222222222222222222222222,True,True,True,True,tie,tie,True
58,40,A,0.0405092575538098099048198925506176926630294002291150894397378,0.972222222222222222222222222222222222222222222222222222222222,True,True,True,True,tie,tie,True
59,40,A,0.0405092579801721722434297342277780843120868649866511318946182,0.972222222222222222222222222222222222222222222222222222222222,True,True,True,True,tie,tie,True
60,40,A,0.0405092582999439439973871154856483780488799635548031637357785,0.972222222222222222222222222222222222222222222222222222222222,True,True,True,True,tie,tie,True
61,40,A,0.0405092585397727728128551514290510983514747874809171876166487,0.972222222222222222222222222222222222222222222222222222222222,True,True,True,True,tie,tie,True
62,40,A,0.0405092587196443944244561783866031385784209054255027055273013,0.972222222222222222222222222222222222222222222222222222222222,True,True,True,True,tie,tie,True
63,40,A,0.0405092588545481106331569486047671687486304938839418439602908,0.972222222222222222222222222222222222222222222222222222222222,True,True,True,True,tie,tie,True
64,40,A,0.0405092589557258977896825262683901913762876852277711977850329,0.972222222222222222222222222222222222222222222222222222222222,True,True,True,True,tie,tie,True
65,40,A,0.0405092590316092381570767095161074583470305787356432131535895,0.972222222222222222222222222222222222222222222222222222222222,True,True,True,True,tie,tie,True
66,40,A,0.0405092590885217434326223469518954085750877488665472246800069,0.972222222222222222222222222222222222222222222222222222222222,True,True,True,True,tie,tie,True
67,40,A,0.04050925913120612238928157502873637124613062646472523332482,0.972222222222222222222222222222222222222222222222222222222222,True,True,True,True,tie,tie,True
68,40,A,0.0405092591632194066067759960863670932494127846633587398084298,0.972222222222222222222222222222222222222222222222222222222222,True,True,True,True,tie,tie,True
69,40,A,0.0405092591872293697698968118795901347518744033123338696711372,0.972222222222222222222222222222222222222222222222222222222222,True,True,True,True,tie,tie,True
70,40,A,0.0405092592052368421422374237245074158787206172990652170681677,0.972222222222222222222222222222222222222222222222222222222222,True,True,True,True,tie,tie,True
71,40,A,0.0405092592187424464214928826081953767238552777891137276159406,0.972222222222222222222222222222222222222222222222222222222222,True,True,True,True,tie,tie,True
72,40,A,0.0405092592288716496309344767709613473577062731566501105267703,0.972222222222222222222222222222222222222222222222222222222222,True,True,True,True,tie,tie,True
73,40,A,0.0405092592364685520380156723930358253330945196823023977098925,0.972222222222222222222222222222222222222222222222222222222222,True,True,True,True,tie,tie,True
74,40,A,0.0405092592421662288433265691095916838146357045765416130972342,0.972222222222222222222222222222222222222222222222222222222222,True,True,True,True,tie,tie,True
75,40,A,0.0405092592464394864473097416470085776757915932472210246377405,0.972222222222222222222222222222222222222222222222222222222222,True,True,True,True,tie,tie,True
76,40,A,0.0405092592496444296502971210500712480716585097502305832931202,0.972222222222222222222222222222222222222222222222222222222222,True,True,True,True,tie,tie,True
77,40,A,0.0405092592520481370525376556023682508685586971274877522846549,0.972222222222222222222222222222222222222222222222222222222222,True,True,True,True,tie,tie,True
78,40,A,0.040509259253850917604218056516591002966233837660430629028306,0.972222222222222222222222222222222222222222222222222222222222,True,True,True,True,tie,tie,True
79,40,A,0.0405092592552030030179783572022580670394901930601377865860443,0.972222222222222222222222222222222222222222222222222222222222,True,True,True,True,tie,tie,True
80,40,A,0.0405092592562170670782985827165083650944324596099181547543481,0.972222222222222222222222222222222222222222222222222222222222,True,True,True,True,tie,tie,True
81,40,A,0.0405092592569776151235387518521960886356391595222534308805759,0.972222222222222222222222222222222222222222222222222222222222,True,True,True,True,tie,tie,True
82,40,A,0.0405092592575480261574688787039618812915441844565048879752467,0.972222222222222222222222222222222222222222222222222222222222,True,True,True,True,tie,tie,True
83,40,A,0.0405092592579758344329164738427862257834729531571934807962498,0.972222222222222222222222222222222222222222222222222222222222,True,True,True,True,tie,tie,True
84,40,A,0.0405092592582966906395021701969044841524195296827099254120022,0.972222222222222222222222222222222222222222222222222222222222,True,True,True,True,tie,tie,True
85,40,A,0.0405092592585373327944414424624931779291294620768472588738165,0.972222222222222222222222222222222222222222222222222222222222,True,True,True,True,tie,tie,True
86,40,A,0.0405092592587178144106458966616846982616619113724502589701772,0.972222222222222222222222222222222222222222222222222222222222,True,True,True,True,tie,tie,True
87,40,A,0.0405092592588531756227992373110783385110612483441525090424477,0.972222222222222222222222222222222222222222222222222222222222,True,True,True,True,tie,tie,True
88,40,A,0.0405092592589546965319142427981235686981107510729291965966506,0.972222222222222222222222222222222222222222222222222222222222,True,True,True,True,tie,tie,True
89,40,A,0.0405092592590308372137504969134074913383978781195117122623028,0.972222222222222222222222222222222222222222222222222222222222,True,True,True,True,tie,tie,True
90,40,A,0.0405092592590879427251276874998704333186132234044485990115419,0.972222222222222222222222222222222222222222222222222222222222,True,True,True,True,tie,tie,True
91,40,A,0.0405092592591307718586605804397176398037747323681512640734712,0.972222222222222222222222222222222222222222222222222222222222,True,True,True,True,tie,tie,True
92,40,A,0.0405092592591628937088102501446030446676458640909282628699182,0.972222222222222222222222222222222222222222222222222222222222,True,True,True,True,tie,tie,True
93,40,A,0.0405092592591869850964225024232670983155492128830110119672535,0.972222222222222222222222222222222222222222222222222222222222,True,True,True,True,tie,tie,True
94,40,A,0.0405092592592050536371316916322651385514767244770730737902549,0.972222222222222222222222222222222222222222222222222222222222,True,True,True,True,tie,tie,True
95,40,A,0.040509259259218605042663583539013668728422358172619620157506,0.972222222222222222222222222222222222222222222222222222222222,True,True,True,True,tie,tie,True
96,40,A,0.0405092592592287685968125024690750663611315834442795299329443,0.972222222222222222222222222222222222222222222222222222222222,True,True,True,True,tie,tie,True
97,40,A,0.0405092592592363912624241916666211145856635023980244622645231,0.972222222222222222222222222222222222222222222222222222222222,True,True,True,True,tie,tie,True
98,40,A,0.0405092592592421082616329585647806507540624416133331615132071,0.972222222222222222222222222222222222222222222222222222222222,True,True,True,True,tie,tie,True
99,40,A,0.0405092592592463960110395337384003028803616460248146859497201,0.972222222222222222222222222222222222222222222222222222222222,True,True,True,True,tie,tie,True
100,40,A,0.0405092592592496118230944651186150419750860493334258292771049,0.972222222222222222222222222222222222222222222222222222222222,True,True,True,True,tie,tie,True
101,40,A,0.0405092592592520236821356636537760962961293518148841867726435,0.972222222222222222222222222222222222222222222222222222222222,True,True,True,True,tie,tie,True
102,40,A,0.0405092592592538325764165625551468870369118286759779548942974,0.972222222222222222222222222222222222222222222222222222222222,True,True,True,True,tie,tie,True
103,40,A,0.0405092592592551892471272367311749800924986863217982809855379,0.972222222222222222222222222222222222222222222222222222222222,True,True,True,True,tie,tie,True
104,40,A,0.0405092592592562067501602423631960498841888295561635255539682,0.972222222222222222222222222222222222222222222222222222222222,True,True,True,True,tie,tie,True
105,40,A,0.040509259259256969877434996587211852227956436981937458980291,0.972222222222222222222222222222222222222222222222222222222222,True,True,True,True,tie,tie,True
106,40,A,0.0405092592592575422228910622552237039857821425512679090500331,0.972222222222222222222222222222222222222222222222222222222222,True,True,True,True,tie,tie,True
107,40,A,0.0405092592592579714819831115062325928041514217282657466023396,0.972222222222222222222222222222222222222222222222222222222222,True,True,True,True,tie,tie,True
108,40,A,0.0405092592592582934263021484444892594179283811110141247665695,0.972222222222222222222222222222222222222222222222222222222222,True,True,True,True,tie,tie,True
109,40,A,0.040509259259258534884541426148181759378261100648075408389742,0.972222222222222222222222222222222222222222222222222222222222,True,True,True,True,tie,tie,True
110,40,A,0.0405092592592587159782208844259511343485106403008713711071213,0.972222222222222222222222222222222222222222222222222222222222,True,True,True,True,tie,tie,True
111,40,A,0.0405092592592588517984804781342781655761977950404683431451558,0.972222222222222222222222222222222222222222222222222222222222,True,True,True,True,tie,tie,True
112,40,A,0.0405092592592589536636751734155234389969631610951660721736816,0.972222222222222222222222222222222222222222222222222222222222,True,True,True,True,tie,tie,True
113,40,A,0.0405092592592590300625711948764573940625371856361893689450761,0.972222222222222222222222222222222222222222222222222222222222,True,True,True,True,tie,tie,True
114,40,A,0.0405092592592590873617432109721578603617177040419568415236219,0.972222222222222222222222222222222222222222222222222222222222,True,True,True,True,tie,tie,True
115,40,A,0.0405092592592591303361222230439332100861030928462824459575312,0.972222222222222222222222222222222222222222222222222222222222,True,True,True,True,tie,tie,True
116,40,A,0.0405092592592591625669064820977647223793921344495266492829632,0.972222222222222222222222222222222222222222222222222222222222,True,True,True,True,tie,tie,True
117,40,A,0.0405092592592591867399946763881383565993589156519598017770372,0.972222222222222222222222222222222222222222222222222222222222,True,True,True,True,tie,tie,True
118,40,A,0.0405092592592592048698108221059185822643340015537846661475927,0.972222222222222222222222222222222222222222222222222222222222,True,True,True,True,tie,tie,True
119,40,A,0.0405092592592592184671729313942537515130653159801533144255094,0.972222222222222222222222222222222222222222222222222222222222,True,True,True,True,tie,tie,True
120,40,A,0.0405092592592592286651945133605051284496138017999298006339468,0.972222222222222222222222222222222222222222222222222222222222,True,True,True,True,tie,tie,True
121,40,A,0.0405092592592592363137106998351936611520251661647621652902749,0.972222222222222222222222222222222222222222222222222222222222,True,True,True,True,tie,tie,True
122,40,A,0.040509259259259242050097839691210060678833689438386438782521,0.972222222222222222222222222222222222222222222222222222222222,True,True,True,True,tie,tie,True
123,40,A,0.0405092592592592463523881945832223603239400818936046439017056,0.972222222222222222222222222222222222222222222222222222222222,True,True,True,True,tie,tie,True
124,40,A,0.040509259259259249579105960752231585057769876235018297741094,0.972222222222222222222222222222222222222222222222222222222222,True,True,True,True,tie,tie,True
125,40,A,0.0405092592592592519991442853789885036081422219910785381206353,0.972222222222222222222222222222222222222222222222222222222222,True,True,True,True,tie,tie,True
126,40,A,0.0405092592592592538141730288490561925209214813081237184052913,0.972222222222222222222222222222222222222222222222222222222222,True,True,True,True,tie,tie,True
127,40,A,0.0405092592592592551754445864516069592055059257959076036187833,0.972222222222222222222222222222222222222222222222222222222222,True,True,True,True,tie,tie,True
128,40,A,0.0405092592592592561963982546535200342189442591617455175289023,0.972222222222222222222222222222222222222222222222222222222222,True,True,True,True,tie,tie,True
129,40,A,0.0405092592592592569621135058049548404790230091861239529614915,0.972222222222222222222222222222222222222222222222222222222222,True,True,True,True,tie,tie,True
130,40,A,0.0405092592592592575363999441685309451740820717044077795359335,0.972222222222222222222222222222222222222222222222222222222222,True,True,True,True,tie,tie,True
131,40,A,0.0405092592592592579671147729412130236953763685931206494667649,0.972222222222222222222222222222222222222222222222222222222222,True,True,True,True,tie,tie,True
132,40,A,0.0405092592592592582901508945207245825863470912596553019148885,0.972222222222222222222222222222222222222222222222222222222222,True,True,True,True,tie,tie,True
133,40,A,0.0405092592592592585324279857053582517545751332595562912509812,0.972222222222222222222222222222222222222222222222222222222222,True,True,True,True,tie,tie,True
134,40,A,0.0405092592592592587141358040938335036307461647594820332530507,0.972222222222222222222222222222222222222222222222222222222222,True,True,True,True,tie,tie,True
135,40,A,0.0405092592592592588504166678851899425378744383844263397546028,0.972222222222222222222222222222222222222222222222222222222222,True,True,True,True,tie,tie,True
136,40,A,0.0405092592592592589526273157287072717182206436031345696307669,0.972222222222222222222222222222222222222222222222222222222222,True,True,True,True,tie,tie,True
137,40,A,0.04050925925925925902928530161134526860348029751716574203789,0.972222222222222222222222222222222222222222222222222222222222,True,True,True,True,tie,tie,True
138,40,A,0.0405092592592592590867787910233237662674250379526891213432323,0.972222222222222222222222222222222222222222222222222222222222,True,True,True,True,tie,tie,True
139,40,A,0.0405092592592592591298989080823076395153835932793316558222391,0.972222222222222222222222222222222222222222222222222222222222,True,True,True,True,tie,tie,True
140,40,A,0.0405092592592592591622389958765455444513525097743135566814941,0.972222222222222222222222222222222222222222222222222222222222,True,True,True,True,tie,tie,True
141,40,A,0.0405092592592592591864940617222239731533291971455499823259354,0.972222222222222222222222222222222222222222222222222222222222,True,True,True,True,tie,tie,True
142,40,A,0.0405092592592592592046853611064827946798117126739773015592664,0.972222222222222222222222222222222222222222222222222222222222,True,True,True,True,tie,tie,True
143,40,A,0.0405092592592592592183288356446769108246735993202977909842646,0.972222222222222222222222222222222222222222222222222222222222,True,True,True,True,tie,tie,True
144,40,A,0.0405092592592592592285614415483224979333200143050381580530133,0.972222222222222222222222222222222222222222222222222222222222,True,True,True,True,tie,tie,True
145,40,A,0.0405092592592592592362358959760566882648048255435934333545748,0.972222222222222222222222222222222222222222222222222222222222,True,True,True,True,tie,tie,True
146,40,A,0.0405092592592592592419917367968573310134184339725098898307459,0.972222222222222222222222222222222222222222222222222222222222,True,True,True,True,tie,tie,True
147,40,A,0.0405092592592592592463086174124578130748786402941972321878742,0.972222222222222222222222222222222222222222222222222222222222,True,True,True,True,tie,tie,True
148,40,A,0.0405092592592592592495462778741581746209737950354627389557205,0.972222222222222222222222222222222222222222222222222222222222,True,True,True,True,tie,tie,True
149,40,A,0.0405092592592592592519745232204334457805451610914118690316052,0.972222222222222222222222222222222222222222222222222222222222,True,True,True,True,tie,tie,True
150,40,A,0.0405092592592592592537957072301398991502236856333737165885187,0.972222222222222222222222222222222222222222222222222222222222,True,True,True,True,tie,tie,True
151,40,A,0.0405092592592592592551615952374197391774825790398451022562038,0.972222222222222222222222222222222222222222222222222222222222,True,True,True,True,tie,tie,True
152,40,A,0.0405092592592592592561860112428796191979267490946986415069677,0.972222222222222222222222222222222222222222222222222222222222,True,True,True,True,tie,tie,True
153,40,A,0.0405092592592592592569543232469745292132598766358387959450406,0.972222222222222222222222222222222222222222222222222222222222,True,True,True,True,tie,tie,True
154,40,A,0.0405092592592592592575305572500457117247597222916939117735953,0.972222222222222222222222222222222222222222222222222222222222,True,True,True,True,tie,tie,True
155,40,A,0.0405092592592592592579627327523490986083846065335852486450113,0.972222222222222222222222222222222222222222222222222222222222,True,True,True,True,tie,tie,True
156,40,A,0.0405092592592592592582868643790766387711032697150037512985733,0.972222222222222222222222222222222222222222222222222222222222,True,True,True,True,tie,tie,True
157,40,A,0.0405092592592592592585299630991222938931422671010676282887448,0.972222222222222222222222222222222222222222222222222222222222,True,True,True,True,tie,tie,True
158,40,A,0.0405092592592592592587122871391565352346715151406155360313734,0.972222222222222222222222222222222222222222222222222222222222,True,True,True,True,tie,tie,True
159,40,A,0.0405092592592592592588490301691822162408184511702764668383449,0.972222222222222222222222222222222222222222222222222222222222,True,True,True,True,tie,tie,True
160,40,A,0.0405092592592592592589515874417014769954286531925221649435735,0.972222222222222222222222222222222222222222222222222222222222,True,True,True,True,tie,tie,True
161,40,A,0.0405092592592592592590285053960909225613863047092064385224949,0.972222222222222222222222222222222222222222222222222222222222,True,True,True,True,tie,tie,True
162,40,A,0.040509259259259259259086193861883006735854543346719643706686,0.972222222222222222222222222222222222222222222222222222222222,True,True,True,True,tie,tie,True
163,40,A,0.0405092592592592592591294602112270698667057223248545475948293,0.972222222222222222222222222222222222222222222222222222222222,True,True,True,True,tie,tie,True
164,40,A,0.0405092592592592592591619099732351172148441065584557255109368,0.972222222222222222222222222222222222222222222222222222222222,True,True,True,True,tie,tie,True
165,40,A,0.0405092592592592592591862472947411527259478947336566089480174,0.972222222222222222222222222222222222222222222222222222222222,True,True,True,True,tie,tie,True
166,40,A,0.0405092592592592592592045002858706793592757358650572715258279,0.972222222222222222222222222222222222222222222222222222222222,True,True,True,True,tie,tie,True
167,40,A,0.0405092592592592592592181900292178243342716167136077684591857,0.972222222222222222222222222222222222222222222222222222222222,True,True,True,True,tie,tie,True
168,40,A,0.0405092592592592592592284573367281830655185273500206411592041,0.972222222222222222222222222222222222222222222222222222222222,True,True,True,True,tie,tie,True
169,40,A,0.0405092592592592592592361578173609521139537103273302956842179,0.972222222222222222222222222222222222222222222222222222222222,True,True,True,True,tie,tie,True
170,40,A,0.0405092592592592592592419331778355289002800975603125365779782,0.972222222222222222222222222222222222222222222222222222222222,True,True,True,True,tie,tie,True
171,40,A,0.0405092592592592592592462646981914614900248879850492172482985,0.972222222222222222222222222222222222222222222222222222222222,True,True,True,True,tie,tie,True
172,40,A,0.0405092592592592592592495133384584109323334808036017277510387,0.972222222222222222222222222222222222222222222222222222222222,True,True,True,True,tie,tie,True
173,40,A,0.0405092592592592592592519498186586230140649254175161106280938,0.972222222222222222222222222222222222222222222222222222222222,True,True,True,True,tie,tie,True
174,40,A,0.0405092592592592592592537771788087820753635088779518977858852,0.972222222222222222222222222222222222222222222222222222222222,True,True,True,True,tie,tie,True
175,40,A,0.0405092592592592592592551476989214013713374464732787381542287,0.972222222222222222222222222222222222222222222222222222222222,True,True,True,True,tie,tie,True
176,40,A,0.0405092592592592592592561755890058658433178996697738684304863,0.972222222222222222222222222222222222222222222222222222222222,True,True,True,True,tie,tie,True
177,40,A,0.0405092592592592592592569465065692141973032395671452161376796,0.972222222222222222222222222222222222222222222222222222222222,True,True,True,True,tie,tie,True
178,40,A,0.0405092592592592592592575246947417254627922444901737269180745,0.972222222222222222222222222222222222222222222222222222222222,True,True,True,True,tie,tie,True
179,40,A,0.0405092592592592592592579583358711089119089981824451100033707,0.972222222222222222222222222222222222222222222222222222222222,True,True,True,True,tie,tie,True
180,40,A,0.0405092592592592592592582835667181464987465634516486473173428,0.972222222222222222222222222222222222222222222222222222222222,True,True,True,True,tie,tie,True
181,40,A,0.0405092592592592592592585274898534246888747374035513003028219,0.972222222222222222222222222222222222222222222222222222222222,True,True,True,True,tie,tie,True
182,40,A,0.0405092592592592592592587104322048833314708678674782900419313,0.972222222222222222222222222222222222222222222222222222222222,True,True,True,True,tie,tie,True
183,40,A,0.0405092592592592592592588476389684773134179657154235323462633,0.972222222222222222222222222222222222222222222222222222222222,True,True,True,True,tie,tie,True
184,40,A,0.0405092592592592592592589505440411727998782891013824640745123,0.972222222222222222222222222222222222222222222222222222222222,True,True,True,True,tie,tie,True
185,40,A,0.040509259259259259259259027722845694414723531640851662870699,0.972222222222222222222222222222222222222222222222222222222222,True,True,True,True,tie,tie,True
186,40,A,0.0405092592592592592592590856069490856258574635454535619678391,0.972222222222222222222222222222222222222222222222222222222222,True,True,True,True,tie,tie,True
187,40,A,0.0405092592592592592592591290200266290342079124739049862906941,0.972222222222222222222222222222222222222222222222222222222222,True,True,True,True,tie,tie,True
188,40,A,0.0405092592592592592592591615798347865904707491702435545328354,0.972222222222222222222222222222222222222222222222222222222222,True,True,True,True,tie,tie,True
189,40,A,0.0405092592592592592592591859996909047576678766924974807144414,0.972222222222222222222222222222222222222222222222222222222222,True,True,True,True,tie,tie,True
190,40,A,0.0405092592592592592592592043145829933830657223341879253506458,0.972222222222222222222222222222222222222222222222222222222222,True,True,True,True,tie,tie,True
191,40,A,0.0405092592592592592592592180507520598521141065654557588277992,0.972222222222222222222222222222222222222222222222222222222222,True,True,True,True,tie,tie,True
192,40,A,0.0405092592592592592592592283528788597039003947389066339356642,0.972222222222222222222222222222222222222222222222222222222222,True,True,True,True,tie,tie,True
193,40,A,0.040509259259259259259259236079473959592740110868994790266563,0.972222222222222222222222222222222222222222222222222222222222,True,True,True,True,tie,tie,True
194,40,A,0.040509259259259259259259241874420284509369897966560907514737,0.972222222222222222222222222222222222222222222222222222222222,True,True,True,True,tie,tie,True
195,40,A,0.0405092592592592592592592462206300281968422382897354954508676,0.972222222222222222222222222222222222222222222222222222222222,True,True,True,True,tie,tie,True
196,40,A,0.0405092592592592592592592494802873359624464935321164364029655,0.972222222222222222222222222222222222222222222222222222222222,True,True,True,True,tie,tie,True
197,40,A,0.040509259259259259259259251925030316786649684963902142117039,0.972222222222222222222222222222222222222222222222222222222222,True,True,True,True,tie,tie,True
198,40,A,0.040509259259259259259259253758587552404802078537741421402594,0.972222222222222222222222222222222222222222222222222222222222,True,True,True,True,tie,tie,True
199,40,A,0.0405092592592592592592592551337554791184163737181208808667603,0.972222222222222222222222222222222222222222222222222222222222,True,True,True,True,tie,tie,True
200,40,A,0.0405092592592592592592592561651314241536270951034054754648851,0.972222222222222222222222222222222222222222222222222222222222,True,True,True,True,tie,tie,True
201,40,A,0.0405092592592592592592592569386633829300351361423689214134786,0.972222222222222222222222222222222222222222222222222222222222,True,True,True,True,tie,tie,True
202,40,A,0.0405092592592592592592592575188123520123411669215915058749238,0.972222222222222222222222222222222222222222222222222222222222,True,True,True,True,tie,tie,True
203,40,A,0.0405092592592592592592592579539240788240706900060084442210076,0.972222222222222222222222222222222222222222222222222222222222,True,True,True,True,tie,tie,True
204,40,A,0.0405092592592592592592592582802578739328678323193211479805705,0.972222222222222222222222222222222222222222222222222222222222,True,True,True,True,tie,tie,True
205,40,A,0.0405092592592592592592592585250082202644656890543056758002427,0.972222222222222222222222222222222222222222222222222222222222,True,True,True,True,tie,tie,True
206,40,A,0.0405092592592592592592592587085709800131640816055440716649969,0.972222222222222222222222222222222222222222222222222222222222,True,True,True,True,tie,tie,True
207,40,A,0.0405092592592592592592592588462430498246878760189728685635625,0.972222222222222222222222222222222222222222222222222222222222,True,True,True,True,tie,tie,True
208,40,A,0.0405092592592592592592592589494971021833307218290444662374867,0.972222222222222222222222222222222222222222222222222222222222,True,True,True,True,tie,tie,True
209,40,A,0.0405092592592592592592592590269376414523128561865981644929298,0.972222222222222222222222222222222222222222222222222222222222,True,True,True,True,tie,tie,True
210,40,A,0.0405092592592592592592592590850180459040494569547634381845122,0.972222222222222222222222222222222222222222222222222222222222,True,True,True,True,tie,tie,True
211,40,A,0.0405092592592592592592592591285783492428519075308873934531989,0.972222222222222222222222222222222222222222222222222222222222,True,True,True,True,tie,tie,True
212,40,A,0.040509259259259259259259259161248576746953745462980359904714,0.972222222222222222222222222222222222222222222222222222222222,True,True,True,True,tie,tie,True
213,40,A,0.0405092592592592592592592591857512473750301239120500847433503,0.972222222222222222222222222222222222222222222222222222222222,True,True,True,True,tie,tie,True
214,40,A,0.0405092592592592592592592592041282503460874077488523783723276,0.972222222222222222222222222222222222222222222222222222222222,True,True,True,True,tie,tie,True
215,40,A,0.0405092592592592592592592592179110025743803706264540985940605,0.972222222222222222222222222222222222222222222222222222222222,True,True,True,True,tie,tie,True
216,40,A,0.0405092592592592592592592592282480667456000927846553887603602,0.972222222222222222222222222222222222222222222222222222222222,True,True,True,True,tie,tie,True
217,40,A,0.040509259259259259259259259236000864874014884403306356385085,0.972222222222222222222222222222222222222222222222222222222222,True,True,True,True,tie,tie,True
218,40,A,0.0405092592592592592592592592418154634703259781172945821036285,0.972222222222222222222222222222222222222222222222222222222222,True,True,True,True,tie,tie,True
219,40,A,0.0405092592592592592592592592461764124175592984027857513925362,0.972222222222222222222222222222222222222222222222222222222222,True,True,True,True,tie,tie,True
220,40,A,0.040509259259259259259259259249447124127984288616904128359217,0.972222222222222222222222222222222222222222222222222222222222,True,True,True,True,tie,tie,True
221,40,A,0.0405092592592592592592592592519001579108030312774929110842275,0.972222222222222222222222222222222222222222222222222222222222,True,True,True,True,tie,tie,True
222,40,A,0.0405092592592592592592592592537399332479170882729344981279855,0.972222222222222222222222222222222222222222222222222222222222,True,True,True,True,tie,tie,True
223,40,A,0.0405092592592592592592592592551197647507526310195156884108039,0.972222222222222222222222222222222222222222222222222222222222,True,True,True,True,tie,tie,True
224,40,A,0.0405092592592592592592592592561546383778792880794515811229178,0.972222222222222222222222222222222222222222222222222222222222,True,True,True,True,tie,tie,True
225,40,A,0.0405092592592592592592592592569307935982242808744035006570031,0.972222222222222222222222222222222222222222222222222222222222,True,True,True,True,tie,tie,True
226,40,A,0.0405092592592592592592592592575129100134830254706174403075672,0.972222222222222222222222222222222222222222222222222222222222,True,True,True,True,tie,tie,True
227,40,A,0.0405092592592592592592592592579494973249270839177778950454902,0.972222222222222222222222222222222222222222222222222222222222,True,True,True,True,tie,tie,True
228,40,A,0.0405092592592592592592592592582769378085101277531482360989325,0.972222222222222222222222222222222222222222222222222222222222,True,True,True,True,tie,tie,True
229,40,A,0.0405092592592592592592592592585225181711974106296759918890142,0.972222222222222222222222222222222222222222222222222222222222,True,True,True,True,tie,tie,True
230,40,A,0.0405092592592592592592592592587067034432128727870718087315754,0.972222222222222222222222222222222222222222222222222222222222,True,True,True,True,tie,tie,True
231,40,A,0.0405092592592592592592592592588448423972244694051186713634964,0.972222222222222222222222222222222222222222222222222222222222,True,True,True,True,tie,tie,True
232,40,A,0.0405092592592592592592592592589484466127331668686538183374371,0.972222222222222222222222222222222222222222222222222222222222,True,True,True,True,tie,tie,True
233,40,A,0.0405092592592592592592592592590261497743646899663051785678926,0.972222222222222222222222222222222222222222222222222222222222,True,True,True,True,tie,tie,True
234,40,A,0.0405092592592592592592592592590844271455883322895436987407343,0.972222222222222222222222222222222222222222222222222222222222,True,True,True,True,tie,tie,True
235,40,A,0.0405092592592592592592592592591281351740060640319725888703655,0.972222222222222222222222222222222222222222222222222222222222,True,True,True,True,tie,tie,True
236,40,A,0.040509259259259259259259259259160916195319362838794256467589,0.972222222222222222222222222222222222222222222222222222222222,True,True,True,True,tie,tie,True
237,40,A,0.0405092592592592592592592592591855019613043369439105071655065,0.972222222222222222222222222222222222222222222222222222222222,True,True,True,True,tie,tie,True
238,40,A,0.0405092592592592592592592592592039412857930675227476951889447,0.972222222222222222222222222222222222222222222222222222222222,True,True,True,True,tie,tie,True
239,40,A,0.0405092592592592592592592592592177707791596154568755862065234,0.972222222222222222222222222222222222222222222222222222222222,True,True,True,True,tie,tie,True
240,40,A,0.0405092592592592592592592592592281428991845264074715044697073,0.972222222222222222222222222222222222222222222222222222222222,True,True,True,True,tie,tie,True
241,40,A,0.0405092592592592592592592592592359219892032096204184431670953,0.972222222222222222222222222222222222222222222222222222222222,True,True,True,True,tie,tie,True
242,40,A,0.0405092592592592592592592592592417563067172220301286471901363,0.972222222222222222222222222222222222222222222222222222222222,True,True,True,True,tie,tie,True
243,40,A,0.040509259259259259259259259259246132044852731337411300207417,0.972222222222222222222222222222222222222222222222222222222222,True,True,True,True,tie,tie,True
244,40,A,0.0405092592592592592592592592592494138484543633178732899703776,0.972222222222222222222222222222222222222222222222222222222222,True,True,True,True,tie,tie,True
245,40,A,0.040509259259259259259259259259251875201155587303219782292598,0.972222222222222222222222222222222222222222222222222222222222,True,True,True,True,tie,tie,True
246,40,A,0.0405092592592592592592592592592537212156815052922296515342633,0.972222222222222222222222222222222222222222222222222222222222,True,True,True,True,tie,tie,True
247,40,A,0.0405092592592592592592592592592551057265759437839870534655123,0.972222222222222222222222222222222222222222222222222222222222,True,True,True,True,tie,tie,True
248,40,A,0.040509259259259259259259259259256144109746772652805104913949,0.972222222222222222222222222222222222222222222222222222222222,True,True,True,True,tie,tie,True
249,40,A,0.0405092592592592592592592592592569228971248943044186435002766,0.972222222222222222222222222222222222222222222222222222222222,True,True,True,True,tie,tie,True
250,40,A,0.0405092592592592592592592592592575069876584855431287974400223,0.972222222222222222222222222222222222222222222222222222222222,True,True,True,True,tie,tie,True
251,40,A,0.0405092592592592592592592592592579450555586789721614128948315,0.972222222222222222222222222222222222222222222222222222222222,True,True,True,True,tie,tie,True
252,40,A,0.0405092592592592592592592592592582736064838240439358744859384,0.972222222222222222222222222222222222222222222222222222222222,True,True,True,True,tie,tie,True
253,40,A,0.0405092592592592592592592592592585200196776828477667206792687,0.972222222222222222222222222222222222222222222222222222222222,True,True,True,True,tie,tie,True
254,40,A,0.0405092592592592592592592592592587048295730769506398553242663,0.972222222222222222222222222222222222222222222222222222222222,True,True,True,True,tie,tie,True
255,40,A,0.0405092592592592592592592592592588434369946225277947063080145,0.972222222222222222222222222222222222222222222222222222222222,True,True,True,True,tie,tie,True
256,40,A,0.0405092592592592592592592592592589473925607817106608445458257,0.972222222222222222222222222222222222222222222222222222222222,True,True,True,True,tie,tie,True
257,40,A,0.0405092592592592592592592592592590253592354010978104482241841,0.972222222222222222222222222222222222222222222222222222222222,True,True,True,True,tie,tie,True
258,40,A,0.0405092592592592592592592592592590838342413656381726509829529,0.972222222222222222222222222222222222222222222222222222222222,True,True,True,True,tie,tie,True
259,40,A,0.0405092592592592592592592592592591276904958390434443030520295,0.972222222222222222222222222222222222222222222222222222222222,True,True,True,True,tie,tie,True
260,40,A,0.0405092592592592592592592592592591605826866940973980421038369,0.972222222222222222222222222222222222222222222222222222222222,True,True,True,True,tie,tie,True
261,40,A,0.0405092592592592592592592592592591852518298353878633463926925,0.972222222222222222222222222222222222222222222222222222222222,True,True,True,True,tie,tie,True
262,40,A,0.0405092592592592592592592592592592037536871913557123246093342,0.972222222222222222222222222222222222222222222222222222222222,True,True,True,True,tie,tie,True
263,40,A,0.0405092592592592592592592592592592176300802083315990582718155,0.972222222222222222222222222222222222222222222222222222222222,True,True,True,True,tie,tie,True
264,40,A,0.0405092592592592592592592592592592280373749710635141085186764,0.972222222222222222222222222222222222222222222222222222222222,True,True,True,True,tie,tie,True
265,40,A,0.0405092592592592592592592592592592358428460431124503962038221,0.972222222222222222222222222222222222222222222222222222222222,True,True,True,True,tie,tie,True
266,40,A,0.0405092592592592592592592592592592416969493471491526119676814,0.972222222222222222222222222222222222222222222222222222222222,True,True,True,True,tie,tie,True
267,40,A,0.0405092592592592592592592592592592460875268251766792737905759,0.972222222222222222222222222222222222222222222222222222222222,True,True,True,True,tie,tie,True
268,40,A,0.0405092592592592592592592592592592493804599336973242701577467,0.972222222222222222222222222222222222222222222222222222222222,True,True,True,True,tie,tie,True
269,40,A,0.0405092592592592592592592592592592518501597650878080174331249,0.972222222222222222222222222222222222222222222222222222222222,True,True,True,True,tie,tie,True
270,40,A,0.0405092592592592592592592592592592537024346386306708278896585,0.972222222222222222222222222222222222222222222222222222222222,True,True,True,True,tie,tie,True
271,40,A,0.0405092592592592592592592592592592550916407937878179357320587,0.972222222222222222222222222222222222222222222222222222222222,True,True,True,True,tie,tie,True
272,40,A,0.0405092592592592592592592592592592561335454101556782666138588,0.972222222222222222222222222222222222222222222222222222222222,True,True,True,True,tie,tie,True
273,40,A,0.0405092592592592592592592592592592569149738724315735147752089,0.972222222222222222222222222222222222222222222222222222222222,True,True,True,True,tie,tie,True
274,40,A,0.0405092592592592592592592592592592575010452191384949508962215,0.972222222222222222222222222222222222222222222222222222222222,True,True,True,True,tie,tie,True
275,40,A,0.0405092592592592592592592592592592579405987291686860279869809,0.972222222222222222222222222222222222222222222222222222222222,True,True,True,True,tie,tie,True
276,40,A,0.0405092592592592592592592592592592582702638616913293358050505,0.972222222222222222222222222222222222222222222222222222222222,True,True,True,True,tie,tie,True
277,40,A,0.0405092592592592592592592592592592585175127110833118166686027,0.972222222222222222222222222222222222222222222222222222222222,True,True,True,True,tie,tie,True
278,40,A,0.0405092592592592592592592592592592587029493481272986773162668,0.972222222222222222222222222222222222222222222222222222222222,True,True,True,True,tie,tie,True
279,40,A,0.0405092592592592592592592592592592588420268259102888228020149,0.972222222222222222222222222222222222222222222222222222222222,True,True,True,True,tie,tie,True
280,40,A,0.040509259259259259259259259259259258946334934247531431916326,0.972222222222222222222222222222222222222222222222222222222222,True,True,True,True,tie,tie,True
281,40,A,0.0405092592592592592592592592592592590245660155004633887520593,0.972222222222222222222222222222222222222222222222222222222222,True,True,True,True,tie,tie,True
282,40,A,0.0405092592592592592592592592592592590832393264401623563788593,0.972222222222222222222222222222222222222222222222222222222222,True,True,True,True,tie,tie,True
283,40,A,0.0405092592592592592592592592592592591272443096449365820989593,0.972222222222222222222222222222222222222222222222222222222222,True,True,True,True,tie,tie,True
284,40,A,0.0405092592592592592592592592592592591602480470485172513890343,0.972222222222222222222222222222222222222222222222222222222222,True,True,True,True,tie,tie,True
285,40,A,0.0405092592592592592592592592592592591850008501012027533565905,0.972222222222222222222222222222222222222222222222222222222222,True,True,True,True,tie,tie,True
286,40,A,0.0405092592592592592592592592592592592035654523907168798322577,0.972222222222222222222222222222222222222222222222222222222222,True,True,True,True,tie,tie,True
287,40,A,0.0405092592592592592592592592592592592174889041078524746890081,0.972222222222222222222222222222222222222222222222222222222222,True,True,True,True,tie,tie,True
288,40,A,0.0405092592592592592592592592592592592279314928957041708315709,0.972222222222222222222222222222222222222222222222222222222222,True,True,True,True,tie,tie,True
289,40,A,0.040509259259259259259259259259259259235763434486592942938493,0.972222222222222222222222222222222222222222222222222222222222,True,True,True,True,tie,tie,True
290,40,A,0.0405092592592592592592592592592592592416373906797595220186846,0.972222222222222222222222222222222222222222222222222222222222,True,True,True,True,tie,tie,True
291,40,A,0.0405092592592592592592592592592592592460428578246344563288282,0.972222222222222222222222222222222222222222222222222222222222,True,True,True,True,tie,tie,True
292,40,A,0.040509259259259259259259259259259259249346958183290657061436,0.972222222222222222222222222222222222222222222222222222222222,True,True,True,True,tie,tie,True
293,40,A,0.0405092592592592592592592592592592592518250334522828076108918,0.972222222222222222222222222222222222222222222222222222222222,True,True,True,True,tie,tie,True
294,40,A,0.0405092592592592592592592592592592592536835899040269205229837,0.972222222222222222222222222222222222222222222222222222222222,True,True,True,True,tie,tie,True
295,40,A,0.0405092592592592592592592592592592592550775072428350052070526,0.972222222222222222222222222222222222222222222222222222222222,True,True,True,True,tie,tie,True
296,40,A,0.0405092592592592592592592592592592592561229452469410687201042,0.972222222222222222222222222222222222222222222222222222222222,True,True,True,True,tie,tie,True
297,40,A,0.040509259259259259259259259259259259256907023750020616354893,0.972222222222222222222222222222222222222222222222222222222222,True,True,True,True,tie,tie,True
298,40,A,0.0405092592592592592592592592592592592574950826273302770809846,0.972222222222222222222222222222222222222222222222222222222222,True,True,True,True,tie,tie,True
299,40,A,0.0405092592592592592592592592592592592579361267853125226255532,0.972222222222222222222222222222222222222222222222222222222222,True,True,True,True,tie,tie,True
300,40,A,0.0405092592592592592592592592592592592582669099037992067839797,0.972222222222222222222222222222222222222222222222222222222222,True,True,True,True,tie,tie,True
301,40,A,0.0405092592592592592592592592592592592585149972426642199027996,0.972222222222222222222222222222222222222222222222222222222222,True,True,True,True,tie,tie,True
302,40,A,0.0405092592592592592592592592592592592587010627468129797419145,0.972222222222222222222222222222222222222222222222222222222222,True,True,True,True,tie,tie,True
303,40,A,0.0405092592592592592592592592592592592588406118749245496212507,0.972222222222222222222222222222222222222222222222222222222222,True,True,True,True,tie,tie,True
304,40,A,0.0405092592592592592592592592592592592589452737210082270307528,0.972222222222222222222222222222222222222222222222222222222222,True,True,True,True,tie,tie,True
305,40,A,0.0405092592592592592592592592592592592590237701055709850878795,0.972222222222222222222222222222222222222222222222222222222222,True,True,True,True,tie,tie,True
306,40,A,0.0405092592592592592592592592592592592590826423939930536307244,0.972222222222222222222222222222222222222222222222222222222222,True,True,True,True,tie,tie,True
307,40,A,0.0405092592592592592592592592592592592591267966103096050378581,0.972222222222222222222222222222222222222222222222222222222222,True,True,True,True,tie,tie,True
308,40,A,0.0405092592592592592592592592592592592591599122725470185932084,0.972222222222222222222222222222222222222222222222222222222222,True,True,True,True,tie,tie,True
309,40,A,0.0405092592592592592592592592592592592591847490192250787597211,0.972222222222222222222222222222222222222222222222222222222222,True,True,True,True,tie,tie,True
310,40,A,0.0405092592592592592592592592592592592592033765792336238846057,0.972222222222222222222222222222222222222222222222222222222222,True,True,True,True,tie,tie,True
311,40,A,0.0405092592592592592592592592592592592592173472492400327282691,0.972222222222222222222222222222222222222222222222222222222222,True,True,True,True,tie,tie,True
312,40,A,0.0405092592592592592592592592592592592592278252517448393610166,0.972222222222222222222222222222222222222222222222222222222222,True,True,True,True,tie,tie,True
313,40,A,0.0405092592592592592592592592592592592592356837536234443355773,0.972222222222222222222222222222222222222222222222222222222222,True,True,True,True,tie,tie,True
314,40,A,0.0405092592592592592592592592592592592592415776300323980664978,0.972222222222222222222222222222222222222222222222222222222222,True,True,True,True,tie,tie,True
315,40,A,0.0405092592592592592592592592592592592592459980373391133646881,0.972222222222222222222222222222222222222222222222222222222222,True,True,True,True,tie,tie,True
316,40,A,0.0405092592592592592592592592592592592592493133428191498383309,0.972222222222222222222222222222222222222222222222222222222222,True,True,True,True,tie,tie,True
317,40,A,0.040509259259259259259259259259259259259251799821929177193563,0.972222222222222222222222222222222222222222222222222222222222,True,True,True,True,tie,tie,True
318,40,A,0.0405092592592592592592592592592592592592536646812616977099871,0.972222222222222222222222222222222222222222222222222222222222,True,True,True,True,tie,tie,True
319,40,A,0.0405092592592592592592592592592592592592550633257610880973051,0.972222222222222222222222222222222222222222222222222222222222,True,True,True,True,tie,tie,True
320,40,A,0.0405092592592592592592592592592592592592561123091356308877937,0.972222222222222222222222222222222222222222222222222222222222,True,True,True,True,tie,tie,True
321,40,A,0.0405092592592592592592592592592592592592568990466665379806601,0.972222222222222222222222222222222222222222222222222222222222,True,True,True,True,tie,tie,True
322,40,A,0.0405092592592592592592592592592592592592574890998147183003099,0.972222222222222222222222222222222222222222222222222222222222,True,True,True,True,tie,tie,True
323,40,A,0.0405092592592592592592592592592592592592579316396758535400472,0.972222222222222222222222222222222222222222222222222222222222,True,True,True,True,tie,tie,True
324,40,A,0.0405092592592592592592592592592592592592582635445717049698502,0.972222222222222222222222222222222222222222222222222222222222,True,True,True,True,tie,tie,True
325,40,A,0.0405092592592592592592592592592592592592585124732435935422025,0.972222222222222222222222222222222222222222222222222222222222,True,True,True,True,tie,tie,True
326,40,A,0.0405092592592592592592592592592592592592586991697475099714667,0.972222222222222222222222222222222222222222222222222222222222,True,True,True,True,tie,tie,True
327,40,A,0.0405092592592592592592592592592592592592588391921254472934148,0.972222222222222222222222222222222222222222222222222222222222,True,True,True,True,tie,tie,True
328,40,A,0.0405092592592592592592592592592592592592589442089089002848759,0.972222222222222222222222222222222222222222222222222222222222,True,True,True,True,tie,tie,True
329,40,A,0.0405092592592592592592592592592592592592590229714964900284718,0.972222222222222222222222222222222222222222222222222222222222,True,True,True,True,tie,tie,True
330,40,A,0.0405092592592592592592592592592592592592590820434371823361686,0.972222222222222222222222222222222222222222222222222222222222,True,True,True,True,tie,tie,True
331,40,A,0.0405092592592592592592592592592592592592591263473927015669413,0.972222222222222222222222222222222222222222222222222222222222,True,True,True,True,tie,tie,True
332,40,A,0.0405092592592592592592592592592592592592591595753593409900208,0.972222222222222222222222222222222222222222222222222222222222,True,True,True,True,tie,tie,True
333,40,A,0.0405092592592592592592592592592592592592591844963343205573304,0.972222222222222222222222222222222222222222222222222222222222,True,True,True,True,tie,tie,True
334,40,A,0.0405092592592592592592592592592592592592592031870655552328126,0.972222222222222222222222222222222222222222222222222222222222,True,True,True,True,tie,tie,True
335,40,A,0.0405092592592592592592592592592592592592592172051139812394243,0.972222222222222222222222222222222222222222222222222222222222,True,True,True,True,tie,tie,True
336,40,A,0.040509259259259259259259259259259259259259227718650300744383,0.972222222222222222222222222222222222222222222222222222222222,True,True,True,True,tie,tie,True
337,40,A,0.0405092592592592592592592592592592592592592356038025403731021,0.972222222222222222222222222222222222222222222222222222222222,True,True,True,True,tie,tie,True
338,40,A,0.0405092592592592592592592592592592592592592415176667200946414,0.972222222222222222222222222222222222222222222222222222222222,True,True,True,True,tie,tie,True
339,40,A,0.0405092592592592592592592592592592592592592459530648548857958,0.972222222222222222222222222222222222222222222222222222222222,True,True,True,True,tie,tie,True
340,40,A,0.0405092592592592592592592592592592592592592492796134559791617,0.972222222222222222222222222222222222222222222222222222222222,True,True,True,True,tie,tie,True
341,40,A,0.0405092592592592592592592592592592592592592517745249067991861,0.972222222222222222222222222222222222222222222222222222222222,True,True,True,True,tie,tie,True
342,40,A,0.0405092592592592592592592592592592592592592536457084949142044,0.972222222222222222222222222222222222222222222222222222222222,True,True,True,True,tie,tie,True
343,40,A,0.0405092592592592592592592592592592592592592550490961860004681,0.972222222222222222222222222222222222222222222222222222222222,True,True,True,True,tie,tie,True
344,40,A,0.0405092592592592592592592592592592592592592561016369543151659,0.972222222222222222222222222222222222222222222222222222222222,True,True,True,True,tie,tie,True
345,40,A,0.0405092592592592592592592592592592592592592568910425305511892,0.972222222222222222222222222222222222222222222222222222222222,True,True,True,True,tie,tie,True
346,40,A,0.0405092592592592592592592592592592592592592574830967127282067,0.972222222222222222222222222222222222222222222222222222222222,True,True,True,True,tie,tie,True
347,40,A,0.0405092592592592592592592592592592592592592579271373493609699,0.972222222222222222222222222222222222222222222222222222222222,True,True,True,True,tie,tie,True
348,40,A,0.0405092592592592592592592592592592592592592582601678268355422,0.972222222222222222222222222222222222222222222222222222222222,True,True,True,True,tie,tie,True
349,40,A,0.0405092592592592592592592592592592592592592585099406849414715,0.972222222222222222222222222222222222222222222222222222222222,True,True,True,True,tie,tie,True
350,40,A,0.0405092592592592592592592592592592592592592586972703285209184,0.972222222222222222222222222222222222222222222222222222222222,True,True,True,True,tie,tie,True
351,40,A,0.0405092592592592592592592592592592592592592588377675612055036,0.972222222222222222222222222222222222222222222222222222222222,True,True,True,True,tie,tie,True
352,40,A,0.0405092592592592592592592592592592592592592589431404857189425,0.972222222222222222222222222222222222222222222222222222222222,True,True,True,True,tie,tie,True
353,40,A,0.0405092592592592592592592592592592592592592590221701791040217,0.972222222222222222222222222222222222222222222222222222222222,True,True,True,True,tie,tie,True
354,40,A,0.0405092592592592592592592592592592592592592590814424491428311,0.972222222222222222222222222222222222222222222222222222222222,True,True,True,True,tie,tie,True
355,40,A,0.0405092592592592592592592592592592592592592591258966516719381,0.972222222222222222222222222222222222222222222222222222222222,True,True,True,True,tie,tie,True
356,40,A,0.0405092592592592592592592592592592592592592591592373035687684,0.972222222222222222222222222222222222222222222222222222222222,True,True,True,True,tie,tie,True
357,40,A,0.0405092592592592592592592592592592592592592591842427924913911,0.972222222222222222222222222222222222222222222222222222222222,True,True,True,True,tie,tie,True
358,40,A,0.0405092592592592592592592592592592592592592592029969091833582,0.972222222222222222222222222222222222222222222222222222222222,True,True,True,True,tie,tie,True
359,40,A,0.0405092592592592592592592592592592592592592592170624967023334,0.972222222222222222222222222222222222222222222222222222222222,True,True,True,True,tie,tie,True
360,40,A,0.0405092592592592592592592592592592592592592592276116873415649,0.972222222222222222222222222222222222222222222222222222222222,True,True,True,True,tie,tie,True
361,40,A,0.0405092592592592592592592592592592592592592592355235803209885,0.972222222222222222222222222222222222222222222222222222222222,True,True,True,True,tie,tie,True
362,40,A,0.0405092592592592592592592592592592592592592592414575000555562,0.972222222222222222222222222222222222222222222222222222222222,True,True,True,True,tie,tie,True
363,40,A,0.0405092592592592592592592592592592592592592592459079398564819,0.972222222222222222222222222222222222222222222222222222222222,True,True,True,True,tie,tie,True
364,40,A,0.0405092592592592592592592592592592592592592592492457697071763,0.972222222222222222222222222222222222222222222222222222222222,True,True,True,True,tie,tie,True
365,40,A,0.040509259259259259259259259259259259259259259251749142095197,0.972222222222222222222222222222222222222222222222222222222222,True,True,True,True,tie,tie,True
366,40,A,0.0405092592592592592592592592592592592592592592536266713862126,0.972222222222222222222222222222222222222222222222222222222222,True,True,True,True,tie,tie,True
367,40,A,0.0405092592592592592592592592592592592592592592550348183544743,0.972222222222222222222222222222222222222222222222222222222222,True,True,True,True,tie,tie,True
368,40,A,0.0405092592592592592592592592592592592592592592560909285806705,0.972222222222222222222222222222222222222222222222222222222222,True,True,True,True,tie,tie,True
369,40,A,0.0405092592592592592592592592592592592592592592568830112503177,0.972222222222222222222222222222222222222222222222222222222222,True,True,True,True,tie,tie,True
370,40,A,0.0405092592592592592592592592592592592592592592574770732525531,0.972222222222222222222222222222222222222222222222222222222222,True,True,True,True,tie,tie,True
371,40,A,0.0405092592592592592592592592592592592592592592579226197542296,0.972222222222222222222222222222222222222222222222222222222222,True,True,True,True,tie,tie,True
372,40,A,0.040509259259259259259259259259259259259259259258256779630487,0.972222222222222222222222222222222222222222222222222222222222,True,True,True,True,tie,tie,True
373,40,A,0.0405092592592592592592592592592592592592592592585073995376801,0.972222222222222222222222222222222222222222222222222222222222,True,True,True,True,tie,tie,True
374,40,A,0.0405092592592592592592592592592592592592592592586953644680749,0.972222222222222222222222222222222222222222222222222222222222,True,True,True,True,tie,tie,True
375,40,A,0.040509259259259259259259259259259259259259259258836338165871,0.972222222222222222222222222222222222222222222222222222222222,True,True,True,True,tie,tie,True
376,40,A,0.040509259259259259259259259259259259259259259258942068439218,0.972222222222222222222222222222222222222222222222222222222222,True,True,True,True,tie,tie,True
377,40,A,0.0405092592592592592592592592592592592592592592590213661442284,0.972222222222222222222222222222222222222222222222222222222222,True,True,True,True,tie,tie,True
378,40,A,0.0405092592592592592592592592592592592592592592590808394229861,0.972222222222222222222222222222222222222222222222222222222222,True,True,True,True,tie,tie,True
379,40,A,0.0405092592592592592592592592592592592592592592591254443820544,0.972222222222222222222222222222222222222222222222222222222222,True,True,True,True,tie,tie,True
380,40,A,0.0405092592592592592592592592592592592592592592591588981013556,0.972222222222222222222222222222222222222222222222222222222222,True,True,True,True,tie,tie,True
381,40,A,0.0405092592592592592592592592592592592592592592591839883908315,0.972222222222222222222222222222222222222222222222222222222222,True,True,True,True,tie,tie,True
382,40,A,0.0405092592592592592592592592592592592592592592592028061079384,0.972222222222222222222222222222222222222222222222222222222222,True,True,True,True,tie,tie,True
383,40,A,0.0405092592592592592592592592592592592592592592592169193957687,0.972222222222222222222222222222222222222222222222222222222222,True,True,True,True,tie,tie,True
384,40,A,0.0405092592592592592592592592592592592592592592592275043616413,0.972222222222222222222222222222222222222222222222222222222222,True,True,True,True,tie,tie,True
385,40,A,0.0405092592592592592592592592592592592592592592592354430860458,0.972222222222222222222222222222222222222222222222222222222222,True,True,True,True,tie,tie,True
386,40,A,0.0405092592592592592592592592592592592592592592592413971293492,0.972222222222222222222222222222222222222222222222222222222222,True,True,True,True,tie,tie,True
387,40,A,0.0405092592592592592592592592592592592592592592592458626618267,0.972222222222222222222222222222222222222222222222222222222222,True,True,True,True,tie,tie,True
388,40,A,0.0405092592592592592592592592592592592592592592592492118111848,0.972222222222222222222222222222222222222222222222222222222222,True,True,True,True,tie,tie,True
389,40,A,0.0405092592592592592592592592592592592592592592592517236732034,0.972222222222222222222222222222222222222222222222222222222222,True,True,True,True,tie,tie,True
390,40,A,0.0405092592592592592592592592592592592592592592592536075697174,0.972222222222222222222222222222222222222222222222222222222222,True,True,True,True,tie,tie,True
391,40,A,0.0405092592592592592592592592592592592592592592592550204921029,0.972222222222222222222222222222222222222222222222222222222222,True,True,True,True,tie,tie,True
392,40,A,0.040509259259259259259259259259259259259259259259256080183892,0.972222222222222222222222222222222222222222222222222222222222,True,True,True,True,tie,tie,True
393,40,A,0.0405092592592592592592592592592592592592592592592568749527338,0.972222222222222222222222222222222222222222222222222222222222,True,True,True,True,tie,tie,True
394,40,A,0.0405092592592592592592592592592592592592592592592574710293652,0.972222222222222222222222222222222222222222222222222222222222,True,True,True,True,tie,tie,True
395,40,A,0.0405092592592592592592592592592592592592592592592579180868387,0.972222222222222222222222222222222222222222222222222222222222,True,True,True,True,tie,tie,True
396,40,A,0.0405092592592592592592592592592592592592592592592582533799438,0.972222222222222222222222222222222222222222222222222222222222,True,True,True,True,tie,tie,True
397,40,A,0.0405092592592592592592592592592592592592592592592585048497727,0.972222222222222222222222222222222222222222222222222222222222,True,True,True,True,tie,tie,True
398,40,A,0.0405092592592592592592592592592592592592592592592586934521443,0.972222222222222222222222222222222222222222222222222222222222,True,True,True,True,tie,tie,True
399,40,A,0.0405092592592592592592592592592592592592592592592588349039231,0.972222222222222222222222222222222222222222222222222222222222,True,True,True,True,tie,tie,True
400,40,A,0.0405092592592592592592592592592592592592592592592589409927571,0.972222222222222222222222222222222222222222222222222222222222,True,True,True,True,tie,tie,True
401,40,A,0.0405092592592592592592592592592592592592592592592590205593826,0.972222222222222222222222222222222222222222222222222222222222,True,True,True,True,tie,tie,True
402,40,A,0.0405092592592592592592592592592592592592592592592590802343518,0.972222222222222222222222222222222222222222222222222222222222,True,True,True,True,tie,tie,True
403,40,A,0.0405092592592592592592592592592592592592592592592591249905787,0.972222222222222222222222222222222222222222222222222222222222,True,True,True,True,tie,tie,True
404,40,A,0.0405092592592592592592592592592592592592592592592591585577488,0.972222222222222222222222222222222222222222222222222222222222,True,True,True,True,tie,tie,True
405,40,A,0.0405092592592592592592592592592592592592592592592591837331264,0.972222222222222222222222222222222222222222222222222222222222,True,True,True,True,tie,tie,True
406,40,A,0.0405092592592592592592592592592592592592592592592592026146596,0.972222222222222222222222222222222222222222222222222222222222,True,True,True,True,tie,tie,True
407,40,A,0.0405092592592592592592592592592592592592592592592592167758095,0.972222222222222222222222222222222222222222222222222222222222,True,True,True,True,tie,tie,True
408,40,A,0.040509259259259259259259259259259259259259259259259227396672,0.972222222222222222222222222222222222222222222222222222222222,True,True,True,True,tie,tie,True
409,40,A,0.0405092592592592592592592592592592592592592592592592353623188,0.972222222222222222222222222222222222222222222222222222222222,True,True,True,True,tie,tie,True
410,40,A,0.0405092592592592592592592592592592592592592592592592413365539,0.972222222222222222222222222222222222222222222222222222222222,True,True,True,True,tie,tie,True
411,40,A,0.0405092592592592592592592592592592592592592592592592458172302,0.972222222222222222222222222222222222222222222222222222222222,True,True,True,True,tie,tie,True
412,40,A,0.0405092592592592592592592592592592592592592592592592491777375,0.972222222222222222222222222222222222222222222222222222222222,True,True,True,True,tie,tie,True
413,40,A,0.0405092592592592592592592592592592592592592592592592516981179,0.972222222222222222222222222222222222222222222222222222222222,True,True,True,True,tie,tie,True
414,40,A,0.0405092592592592592592592592592592592592592592592592535884033,0.972222222222222222222222222222222222222222222222222222222222,True,True,True,True,tie,tie,True
415,40,A,0.0405092592592592592592592592592592592592592592592592550061173,0.972222222222222222222222222222222222222222222222222222222222,True,True,True,True,tie,tie,True
416,40,A,0.0405092592592592592592592592592592592592592592592592560694028,0.972222222222222222222222222222222222222222222222222222222222,True,True,True,True,tie,tie,True
417,40,A,0.0405092592592592592592592592592592592592592592592592568668669,0.972222222222222222222222222222222222222222222222222222222222,True,True,True,True,tie,tie,True
418,40,A,0.040509259259259259259259259259259259259259259259259257464965,0.972222222222222222222222222222222222222222222222222222222222,True,True,True,True,tie,tie,True
419,40,A,0.0405092592592592592592592592592592592592592592592592579135386,0.972222222222222222222222222222222222222222222222222222222222,True,True,True,True,tie,tie,True
420,40,A,0.0405092592592592592592592592592592592592592592592592582499687,0.972222222222222222222222222222222222222222222222222222222222,True,True,True,True,tie,tie,True
421,40,A,0.0405092592592592592592592592592592592592592592592592585022914,0.972222222222222222222222222222222222222222222222222222222222,True,True,True,True,tie,tie,True
422,40,A,0.0405092592592592592592592592592592592592592592592592586915333,0.972222222222222222222222222222222222222222222222222222222222,True,True,True,True,tie,tie,True
423,40,A,0.0405092592592592592592592592592592592592592592592592588334648,0.972222222222222222222222222222222222222222222222222222222222,True,True,True,True,tie,tie,True
424,40,A,0.0405092592592592592592592592592592592592592592592592589399134,0.972222222222222222222222222222222222222222222222222222222222,True,True,True,True,tie,tie,True
425,40,A,0.0405092592592592592592592592592592592592592592592592590197499,0.972222222222222222222222222222222222222222222222222222222222,True,True,True,True,tie,tie,True
426,40,A,0.0405092592592592592592592592592592592592592592592592590796272,0.972222222222222222222222222222222222222222222222222222222222,True,True,True,True,tie,tie,True
427,40,A,0.0405092592592592592592592592592592592592592592592592591245352,0.972222222222222222222222222222222222222222222222222222222222,True,True,True,True,tie,tie,True
428,40,A,0.0405092592592592592592592592592592592592592592592592591582162,0.972222222222222222222222222222222222222222222222222222222222,True,True,True,True,tie,tie,True
429,40,A,0.040509259259259259259259259259259259259259259259259259183477,0.972222222222222222222222222222222222222222222222222222222222,True,True,True,True,tie,tie,True
430,40,A,0.0405092592592592592592592592592592592592592592592592592024226,0.972222222222222222222222222222222222222222222222222222222222,True,True,True,True,tie,tie,True
431,40,A,0.0405092592592592592592592592592592592592592592592592592166317,0.972222222222222222222222222222222222222222222222222222222222,True,True,True,True,tie,tie,True
432,40,A,0.0405092592592592592592592592592592592592592592592592592272886,0.972222222222222222222222222222222222222222222222222222222222,True,True,True,True,tie,tie,True
433,40,A,0.0405092592592592592592592592592592592592592592592592592352813,0.972222222222222222222222222222222222222222222222222222222222,True,True,True,True,tie,tie,True
434,40,A,0.0405092592592592592592592592592592592592592592592592592412758,0.972222222222222222222222222222222222222222222222222222222222,True,True,True,True,tie,tie,True
435,40,A,0.0405092592592592592592592592592592592592592592592592592457716,0.972222222222222222222222222222222222222222222222222222222222,True,True,True,True,tie,tie,True
436,40,A,0.0405092592592592592592592592592592592592592592592592592491435,0.972222222222222222222222222222222222222222222222222222222222,True,True,True,True,tie,tie,True
437,40,A,0.0405092592592592592592592592592592592592592592592592592516725,0.972222222222222222222222222222222222222222222222222222222222,True,True,True,True,tie,tie,True
438,40,A,0.0405092592592592592592592592592592592592592592592592592535692,0.972222222222222222222222222222222222222222222222222222222222,True,True,True,True,tie,tie,True
439,40,A,0.0405092592592592592592592592592592592592592592592592592549917,0.972222222222222222222222222222222222222222222222222222222222,True,True,True,True,tie,tie,True
440,40,A,0.0405092592592592592592592592592592592592592592592592592560586,0.972222222222222222222222222222222222222222222222222222222222,True,True,True,True,tie,tie,True
441,40,A,0.0405092592592592592592592592592592592592592592592592592568588,0.972222222222222222222222222222222222222222222222222222222222,True,True,True,True,tie,tie,True
442,40,A,0.0405092592592592592592592592592592592592592592592592592574589,0.972222222222222222222222222222222222222222222222222222222222,True,True,True,True,tie,tie,True
443,40,A,0.040509259259259259259259259259259259259259259259259259257909,0.972222222222222222222222222222222222222222222222222222222222,True,True,True,True,tie,tie,True
444,40,A,0.0405092592592592592592592592592592592592592592592592592582465,0.972222222222222222222222222222222222222222222222222222222222,True,True,True,True,tie,tie,True
445,40,A,0.0405092592592592592592592592592592592592592592592592592584997,0.972222222222222222222222222222222222222222222222222222222222,True,True,True,True,tie,tie,True
446,40,A,0.0405092592592592592592592592592592592592592592592592592586896,0.972222222222222222222222222222222222222222222222222222222222,True,True,True,True,tie,tie,True
447,40,A,0.040509259259259259259259259259259259259259259259259259258832,0.972222222222222222222222222222222222222222222222222222222222,True,True,True,True,tie,tie,True
448,40,A,0.0405092592592592592592592592592592592592592592592592592589388,0.972222222222222222222222222222222222222222222222222222222222,True,True,True,True,tie,tie,True
449,40,A,0.0405092592592592592592592592592592592592592592592592592590189,0.972222222222222222222222222222222222222222222222222222222222,True,True,True,True,tie,tie,True
450,40,A,0.040509259259259259259259259259259259259259259259259259259079,0.972222222222222222222222222222222222222222222222222222222222,True,True,True,True,tie,tie,True
451,40,A,0.0405092592592592592592592592592592592592592592592592592591241,0.972222222222222222222222222222222222222222222222222222222222,True,True,True,True,tie,tie,True
452,40,A,0.0405092592592592592592592592592592592592592592592592592591579,0.972222222222222222222222222222222222222222222222222222222222,True,True,True,True,tie,tie,True
453,40,A,0.0405092592592592592592592592592592592592592592592592592591832,0.972222222222222222222222222222222222222222222222222222222222,True,True,True,True,tie,tie,True
454,40,A,0.0405092592592592592592592592592592592592592592592592592592022,0.972222222222222222222222222222222222222222222222222222222222,True,True,True,True,tie,tie,True
455,40,A,0.0405092592592592592592592592592592592592592592592592592592165,0.972222222222222222222222222222222222222222222222222222222222,True,True,True,True,tie,tie,True
456,40,A,0.0405092592592592592592592592592592592592592592592592592592272,0.972222222222222222222222222222222222222222222222222222222222,True,True,True,True,tie,tie,True
457,40,A,0.0405092592592592592592592592592592592592592592592592592592352,0.972222222222222222222222222222222222222222222222222222222222,True,True,True,True,tie,tie,True
458,40,A,0.0405092592592592592592592592592592592592592592592592592592412,0.972222222222222222222222222222222222222222222222222222222222,True,True,True,True,tie,tie,True
459,40,A,0.0405092592592592592592592592592592592592592592592592592592457,0.972222222222222222222222222222222222222222222222222222222222,True,True,True,True,tie,tie,True
460,40,A,0.0405092592592592592592592592592592592592592592592592592592491,0.972222222222222222222222222222222222222222222222222222222222,True,True,True,True,tie,tie,True
461,40,A,0.0405092592592592592592592592592592592592592592592592592592516,0.972222222222222222222222222222222222222222222222222222222222,True,True,True,True,tie,tie,True
462,40,A,0.0405092592592592592592592592592592592592592592592592592592535,0.972222222222222222222222222222222222222222222222222222222222,True,True,True,True,tie,tie,True
463,40,A,0.040509259259259259259259259259259259259259259259259259259255,0.972222222222222222222222222222222222222222222222222222222222,True,True,True,True,tie,tie,True
464,40,A,0.040509259259259259259259259259259259259259259259259259259256,0.972222222222222222222222222222222222222222222222222222222222,True,True,True,True,tie,tie,True
465,40,A,0.0405092592592592592592592592592592592592592592592592592592569,0.972222222222222222222222222222222222222222222222222222222222,True,True,True,True,tie,tie,True
466,40,A,0.0405092592592592592592592592592592592592592592592592592592575,0.972222222222222222222222222222222222222222222222222222222222,True,True,True,True,tie,tie,True
467,40,A,0.0405092592592592592592592592592592592592592592592592592592579,0.972222222222222222222222222222222222222222222222222222222222,True,True,True,True,tie,tie,True
468,40,A,0.0405092592592592592592592592592592592592592592592592592592582,0.972222222222222222222222222222222222222222222222222222222222,True,True,True,True,tie,tie,True
469,40,A,0.0405092592592592592592592592592592592592592592592592592592585,0.972222222222222222222222222222222222222222222222222222222222,True,True,True,True,tie,tie,True
470,40,A,0.0405092592592592592592592592592592592592592592592592592592587,0.972222222222222222222222222222222222222222222222222222222222,True,True,True,True,tie,tie,True
471,40,A,0.0405092592592592592592592592592592592592592592592592592592588,0.972222222222222222222222222222222222222222222222222222222222,True,True,True,True,tie,tie,True
472,40,A,0.0405092592592592592592592592592592592592592592592592592592589,0.972222222222222222222222222222222222222222222222222222222222,True,True,True,True,tie,tie,True
473,40,A,0.040509259259259259259259259259259259259259259259259259259259,0.972222222222222222222222222222222222222222222222222222222222,True,True,True,True,tie,tie,True
474,40,A,0.0405092592592592592592592592592592592592592592592592592592591,0.972222222222222222222222222222222222222222222222222222222222,True,True,True,True,tie,tie,True
475,40,A,0.0405092592592592592592592592592592592592592592592592592592591,0.972222222222222222222222222222222222222222222222222222222222,True,True,True,True,tie,tie,True
476,40,A,0.0405092592592592592592592592592592592592592592592592592592592,0.972222222222222222222222222222222222222222222222222222222222,True,True,True,True,tie,tie,True
477,40,A,0.0405092592592592592592592592592592592592592592592592592592592,0.972222222222222222222222222222222222222222222222222222222222,True,True,True,True,tie,tie,True
478,40,A,0.0405092592592592592592592592592592592592592592592592592592592,0.972222222222222222222222222222222222222222222222222222222222,True,True,True,True,tie,tie,True
479,40,A,0.0405092592592592592592592592592592592592592592592592592592592,0.972222222222222222222222222222222222222222222222222222222222,True,True,True,True,tie,tie,True
