p,seed,t,z,U_L2,U_theory,U_minus_theory
0.5,20260917,0,1.000000000000,1.250629000000e-03,1.249660005663e-03,9.689943367161e-07
0.5,20260917,1,0.911611652352,8.076892000000e-04,8.064460107844e-04,1.243189215584e-06
0.5,20260917,2,0.831035804703,6.436928000000e-04,6.452753458854e-04,-1.582545885406e-06
0.5,20260917,3,0.757581923089,6.911642000000e-04,7.001826071276e-04,-9.018407127593e-06
0.5,20260917,4,0.690620508699,9.060746000000e-04,9.179665885649e-04,-1.189198856487e-05
0.5,20260917,5,0.629577703083,1.251534200000e-03,1.255890541440e-03,-4.356341440463e-06
0.5,20260917,6,0.573930370191,1.671144800000e-03,1.679783651122e-03,-8.638851121860e-06
0.5,20260917,7,0.523201613105,2.167517800000e-03,2.162474822694e-03,5.042977306042e-06
0.5,20260917,8,0.476956687036,2.697302200000e-03,2.682501608160e-03,1.480059183963e-05
0.5,20260917,9,0.434799273569,3.234373800000e-03,3.223046857436e-03,1.132694256378e-05
0.5,20260917,10,0.396368084219,3.788964400000e-03,3.771063769319e-03,1.790063068147e-05
0.5,20260917,11,0.361333764195,4.330987000000e-03,4.316556737770e-03,1.443026222967e-05
0.5,20260917,12,0.329396069828,4.856273400000e-03,4.851990966095e-03,4.282433904847e-06
0.5,20260917,13,0.300281295494,5.363996000000e-03,5.371808450434e-03,-7.812450434378e-06
0.5,20260917,14,0.273739927956,5.840439400000e-03,5.872031775269e-03,-3.159237526886e-05
0.5,20260917,15,0.249544508038,6.306733400000e-03,6.349940350810e-03,-4.320695081027e-05
0.5,20260917,16,0.227487681308,6.783754600000e-03,6.803806366280e-03,-2.005176628020e-05
0.5,20260917,17,0.207380421047,7.206179400000e-03,7.232679926263e-03,-2.650052626318e-05
0.5,20260917,18,0.189050408296,7.615113200000e-03,7.636214656141e-03,-2.110145614120e-05
0.5,20260917,19,0.172340555084,8.007775800000e-03,8.014526570663e-03,-6.750770662558e-06
0.5,20260917,20,0.157107658188,8.360890800000e-03,8.368080249783e-03,-7.189449782634e-06
0.5,20260917,21,0.143221171878,8.709225600000e-03,8.697597401903e-03,1.162819809690e-05
0.5,20260917,22,0.130562089147,9.021188800000e-03,9.003983752959e-03,1.720504704114e-05
0.5,20260917,23,0.119021921822,9.291116200000e-03,9.288270910708e-03,2.845289291705e-06
0.5,20260917,24,0.108501770818,9.552327000000e-03,9.551570442193e-03,7.565578072910e-07
0.5,20260917,25,0.098911478579,9.792098400000e-03,9.795037889500e-03,-2.939489500467e-06
0.5,20260917,26,0.090168856424,1.001397820000e-02,1.001984485202e-02,-5.866652016611e-06
0.5,20260917,27,0.082198980195,1.020362660000e-02,1.022715759663e-02,-2.353099663265e-05
0.5,20260917,28,0.074933548157,1.038352640000e-02,1.041812093287e-02,-3.459453286609e-05
0.5,20260917,29,0.068310295652,1.057420100000e-02,1.059384631740e-02,-1.964531739698e-05
0.5,20260917,30,0.062272461492,1.073708800000e-02,1.075540334039e-02,-1.831534038651e-05
0.5,20260918,0,1.000000000000,1.257290400000e-03,1.249660005663e-03,7.630394336716e-06
0.5,20260918,1,0.911611652352,8.076286000000e-04,8.064460107844e-04,1.182589215584e-06
0.5,20260918,2,0.831035804703,6.416042000000e-04,6.452753458854e-04,-3.671145885406e-06
0.5,20260918,3,0.757581923089,6.973756000000e-04,7.001826071276e-04,-2.807007127594e-06
0.5,20260918,4,0.690620508699,9.203968000000e-04,9.179665885649e-04,2.430211435129e-06
0.5,20260918,5,0.629577703083,1.268431200000e-03,1.255890541440e-03,1.254065855954e-05
0.5,20260918,6,0.573930370191,1.680092400000e-03,1.679783651122e-03,3.087488781399e-07
0.5,20260918,7,0.523201613105,2.175978200000e-03,2.162474822694e-03,1.350337730604e-05
0.5,20260918,8,0.476956687036,2.704774200000e-03,2.682501608160e-03,2.227259183963e-05
0.5,20260918,9,0.434799273569,3.245377200000e-03,3.223046857436e-03,2.233034256377e-05
0.5,20260918,10,0.396368084219,3.784843800000e-03,3.771063769319e-03,1.378003068147e-05
0.5,20260918,11,0.361333764195,4.325937200000e-03,4.316556737770e-03,9.380462229671e-06
0.5,20260918,12,0.329396069828,4.861727000000e-03,4.851990966095e-03,9.736033904848e-06
0.5,20260918,13,0.300281295494,5.402654000000e-03,5.371808450434e-03,3.084554956562e-05
0.5,20260918,14,0.273739927956,5.888365400000e-03,5.872031775269e-03,1.633362473114e-05
0.5,20260918,15,0.249544508038,6.380923200000e-03,6.349940350810e-03,3.098284918973e-05
0.5,20260918,16,0.227487681308,6.837843000000e-03,6.803806366280e-03,3.403663371980e-05
0.5,20260918,17,0.207380421047,7.263200400000e-03,7.232679926263e-03,3.052047373682e-05
0.5,20260918,18,0.189050408296,7.674265600000e-03,7.636214656141e-03,3.805094385880e-05
0.5,20260918,19,0.172340555084,8.062000200000e-03,8.014526570663e-03,4.747362933744e-05
0.5,20260918,20,0.157107658188,8.398054400000e-03,8.368080249783e-03,2.997415021736e-05
0.5,20260918,21,0.143221171878,8.730883200000e-03,8.697597401903e-03,3.328579809690e-05
0.5,20260918,22,0.130562089147,9.036917600000e-03,9.003983752959e-03,3.293384704114e-05
0.5,20260918,23,0.119021921822,9.320434200000e-03,9.288270910708e-03,3.216328929171e-05
0.5,20260918,24,0.108501770818,9.600406600000e-03,9.551570442193e-03,4.883615780729e-05
0.5,20260918,25,0.098911478579,9.847382200000e-03,9.795037889500e-03,5.234431049954e-05
0.5,20260918,26,0.090168856424,1.005672580000e-02,1.001984485202e-02,3.688094798339e-05
0.5,20260918,27,0.082198980195,1.025865060000e-02,1.022715759663e-02,3.149300336735e-05
0.5,20260918,28,0.074933548157,1.043802020000e-02,1.041812093287e-02,1.989926713390e-05
0.5,20260918,29,0.068310295652,1.061603860000e-02,1.059384631740e-02,2.219228260302e-05
0.5,20260918,30,0.062272461492,1.076850780000e-02,1.075540334039e-02,1.310445961349e-05
0.5,20260919,0,1.000000000000,1.232405800000e-03,1.249660005663e-03,-1.725420566328e-05
0.5,20260919,1,0.911611652352,8.033762000000e-04,8.064460107844e-04,-3.069810784416e-06
0.5,20260919,2,0.831035804703,6.487034000000e-04,6.452753458854e-04,3.428054114594e-06
0.5,20260919,3,0.757581923089,7.034830000000e-04,7.001826071276e-04,3.300392872407e-06
0.5,20260919,4,0.690620508699,9.321902000000e-04,9.179665885649e-04,1.422361143513e-05
0.5,20260919,5,0.629577703083,1.279731600000e-03,1.255890541440e-03,2.384105855954e-05
0.5,20260919,6,0.573930370191,1.693345400000e-03,1.679783651122e-03,1.356174887814e-05
0.5,20260919,7,0.523201613105,2.163550800000e-03,2.162474822694e-03,1.075977306043e-06
0.5,20260919,8,0.476956687036,2.684702200000e-03,2.682501608160e-03,2.200591839632e-06
0.5,20260919,9,0.434799273569,3.228382600000e-03,3.223046857436e-03,5.335742563776e-06
0.5,20260919,10,0.396368084219,3.785749800000e-03,3.771063769319e-03,1.468603068147e-05
0.5,20260919,11,0.361333764195,4.343686000000e-03,4.316556737770e-03,2.712926222967e-05
0.5,20260919,12,0.329396069828,4.869529000000e-03,4.851990966095e-03,1.753803390485e-05
0.5,20260919,13,0.300281295494,5.402030400000e-03,5.371808450434e-03,3.022194956562e-05
0.5,20260919,14,0.273739927956,5.910953200000e-03,5.872031775269e-03,3.892142473114e-05
0.5,20260919,15,0.249544508038,6.383961400000e-03,6.349940350810e-03,3.402104918973e-05
0.5,20260919,16,0.227487681308,6.846119800000e-03,6.803806366280e-03,4.231343371980e-05
0.5,20260919,17,0.207380421047,7.270403400000e-03,7.232679926263e-03,3.772347373682e-05
0.5,20260919,18,0.189050408296,7.667811200000e-03,7.636214656141e-03,3.159654385880e-05
0.5,20260919,19,0.172340555084,8.051447200000e-03,8.014526570663e-03,3.692062933744e-05
0.5,20260919,20,0.157107658188,8.416750400000e-03,8.368080249783e-03,4.867015021736e-05
0.5,20260919,21,0.143221171878,8.736189000000e-03,8.697597401903e-03,3.859159809690e-05
0.5,20260919,22,0.130562089147,9.030677000000e-03,9.003983752959e-03,2.669324704115e-05
0.5,20260919,23,0.119021921822,9.318073800000e-03,9.288270910708e-03,2.980288929171e-05
0.5,20260919,24,0.108501770818,9.566358400000e-03,9.551570442193e-03,1.478795780729e-05
0.5,20260919,25,0.098911478579,9.802660600000e-03,9.795037889500e-03,7.622710499533e-06
0.5,20260919,26,0.090168856424,1.002439540000e-02,1.001984485202e-02,4.550547983390e-06
0.5,20260919,27,0.082198980195,1.020487760000e-02,1.022715759663e-02,-2.227999663265e-05
0.5,20260919,28,0.074933548157,1.040317240000e-02,1.041812093287e-02,-1.494853286610e-05
0.5,20260919,29,0.068310295652,1.057030620000e-02,1.059384631740e-02,-2.354011739698e-05
0.5,20260919,30,0.062272461492,1.072163540000e-02,1.075540334039e-02,-3.376794038651e-05
0.5,20260920,0,1.000000000000,1.247530000000e-03,1.249660005663e-03,-2.130005663284e-06
0.5,20260920,1,0.911611652352,8.138528000000e-04,8.064460107844e-04,7.406789215585e-06
0.5,20260920,2,0.831035804703,6.504242000000e-04,6.452753458854e-04,5.148854114594e-06
0.5,20260920,3,0.757581923089,7.010464000000e-04,7.001826071276e-04,8.637928724063e-07
0.5,20260920,4,0.690620508699,9.120032000000e-04,9.179665885649e-04,-5.963388564871e-06
0.5,20260920,5,0.629577703083,1.243703200000e-03,1.255890541440e-03,-1.218734144046e-05
0.5,20260920,6,0.573930370191,1.660614400000e-03,1.679783651122e-03,-1.916925112186e-05
0.5,20260920,7,0.523201613105,2.129655600000e-03,2.162474822694e-03,-3.281922269396e-05
0.5,20260920,8,0.476956687036,2.658079200000e-03,2.682501608160e-03,-2.442240816037e-05
0.5,20260920,9,0.434799273569,3.203647000000e-03,3.223046857436e-03,-1.939985743622e-05
0.5,20260920,10,0.396368084219,3.745378200000e-03,3.771063769319e-03,-2.568556931853e-05
0.5,20260920,11,0.361333764195,4.307621200000e-03,4.316556737770e-03,-8.935537770329e-06
0.5,20260920,12,0.329396069828,4.831890600000e-03,4.851990966095e-03,-2.010036609515e-05
0.5,20260920,13,0.300281295494,5.343812800000e-03,5.371808450434e-03,-2.799565043438e-05
0.5,20260920,14,0.273739927956,5.849882200000e-03,5.872031775269e-03,-2.214957526886e-05
0.5,20260920,15,0.249544508038,6.318734600000e-03,6.349940350810e-03,-3.120575081027e-05
0.5,20260920,16,0.227487681308,6.781990600000e-03,6.803806366280e-03,-2.181576628020e-05
0.5,20260920,17,0.207380421047,7.211381200000e-03,7.232679926263e-03,-2.129872626318e-05
0.5,20260920,18,0.189050408296,7.622256400000e-03,7.636214656141e-03,-1.395825614120e-05
0.5,20260920,19,0.172340555084,7.979309600000e-03,8.014526570663e-03,-3.521697066256e-05
0.5,20260920,20,0.157107658188,8.332651600000e-03,8.368080249783e-03,-3.542864978264e-05
0.5,20260920,21,0.143221171878,8.655375400000e-03,8.697597401903e-03,-4.222200190310e-05
0.5,20260920,22,0.130562089147,8.962382000000e-03,9.003983752959e-03,-4.160175295886e-05
0.5,20260920,23,0.119021921822,9.236633400000e-03,9.288270910708e-03,-5.163751070830e-05
0.5,20260920,24,0.108501770818,9.502458400000e-03,9.551570442193e-03,-4.911204219271e-05
0.5,20260920,25,0.098911478579,9.757165800000e-03,9.795037889500e-03,-3.787208950047e-05
0.5,20260920,26,0.090168856424,9.968953600000e-03,1.001984485202e-02,-5.089125201661e-05
0.5,20260920,27,0.082198980195,1.017381340000e-02,1.022715759663e-02,-5.334419663265e-05
0.5,20260920,28,0.074933548157,1.035597620000e-02,1.041812093287e-02,-6.214473286610e-05
0.5,20260920,29,0.068310295652,1.053537660000e-02,1.059384631740e-02,-5.846971739698e-05
0.5,20260920,30,0.062272461492,1.069972520000e-02,1.075540334039e-02,-5.567814038651e-05
0.5,20260921,0,1.000000000000,1.286560200000e-03,1.249660005663e-03,3.690019433672e-05
0.5,20260921,1,0.911611652352,8.337386000000e-04,8.064460107844e-04,2.729258921558e-05
0.5,20260921,2,0.831035804703,6.862008000000e-04,6.452753458854e-04,4.092545411459e-05
0.5,20260921,3,0.757581923089,7.448730000000e-04,7.001826071276e-04,4.469039287241e-05
0.5,20260921,4,0.690620508699,9.764090000000e-04,9.179665885649e-04,5.844241143513e-05
0.5,20260921,5,0.629577703083,1.321152200000e-03,1.255890541440e-03,6.526165855954e-05
0.5,20260921,6,0.573930370191,1.738873000000e-03,1.679783651122e-03,5.908934887814e-05
0.5,20260921,7,0.523201613105,2.211749800000e-03,2.162474822694e-03,4.927497730604e-05
0.5,20260921,8,0.476956687036,2.704901000000e-03,2.682501608160e-03,2.239939183963e-05
0.5,20260921,9,0.434799273569,3.248077800000e-03,3.223046857436e-03,2.503094256377e-05
0.5,20260921,10,0.396368084219,3.786845800000e-03,3.771063769319e-03,1.578203068147e-05
0.5,20260921,11,0.361333764195,4.341440400000e-03,4.316556737770e-03,2.488366222967e-05
0.5,20260921,12,0.329396069828,4.897261400000e-03,4.851990966095e-03,4.527043390485e-05
0.5,20260921,13,0.300281295494,5.424855400000e-03,5.371808450434e-03,5.304694956562e-05
0.5,20260921,14,0.273739927956,5.921985000000e-03,5.872031775269e-03,4.995322473114e-05
0.5,20260921,15,0.249544508038,6.412113600000e-03,6.349940350810e-03,6.217324918973e-05
0.5,20260921,16,0.227487681308,6.867093400000e-03,6.803806366280e-03,6.328703371980e-05
0.5,20260921,17,0.207380421047,7.297430200000e-03,7.232679926263e-03,6.475027373682e-05
0.5,20260921,18,0.189050408296,7.727364800000e-03,7.636214656141e-03,9.115014385880e-05
0.5,20260921,19,0.172340555084,8.118779400000e-03,8.014526570663e-03,1.042528293374e-04
0.5,20260921,20,0.157107658188,8.460579200000e-03,8.368080249783e-03,9.249895021736e-05
0.5,20260921,21,0.143221171878,8.776031000000e-03,8.697597401903e-03,7.843359809690e-05
0.5,20260921,22,0.130562089147,9.091111600000e-03,9.003983752959e-03,8.712784704115e-05
0.5,20260921,23,0.119021921822,9.389740000000e-03,9.288270910708e-03,1.014690892917e-04
0.5,20260921,24,0.108501770818,9.645428400000e-03,9.551570442193e-03,9.385795780729e-05
0.5,20260921,25,0.098911478579,9.890157400000e-03,9.795037889500e-03,9.511951049953e-05
0.5,20260921,26,0.090168856424,1.010645780000e-02,1.001984485202e-02,8.661294798339e-05
0.5,20260921,27,0.082198980195,1.031648960000e-02,1.022715759663e-02,8.933200336735e-05
0.5,20260921,28,0.074933548157,1.050472060000e-02,1.041812093287e-02,8.659966713390e-05
0.5,20260921,29,0.068310295652,1.067701200000e-02,1.059384631740e-02,8.316568260302e-05
0.5,20260921,30,0.062272461492,1.083212120000e-02,1.075540334039e-02,7.671785961349e-05
2.0,20260917,0,1.000000000000,7.983836200000e-03,7.999000020000e-03,-1.516382000000e-05
2.0,20260917,1,0.968750000000,7.185047000000e-03,7.199188500801e-03,-1.414150080078e-05
2.0,20260917,2,0.938476562500,6.523819000000e-03,6.508171722124e-03,1.564727787641e-05
2.0,20260917,3,0.909149169922,5.962207000000e-03,5.917394145471e-03,4.481285452882e-05
2.0,20260917,4,0.880738258362,5.421064400000e-03,5.418884789487e-03,2.179610513220e-06
2.0,20260917,5,0.853215187788,4.995934800000e-03,5.005219447521e-03,-9.284647520573e-06
2.0,20260917,6,0.826552213170,4.662141400000e-03,4.669485286528e-03,-7.343886528475e-06
2.0,20260917,7,0.800722456508,4.437387800000e-03,4.405247679020e-03,3.214012098028e-05
2.0,20260917,8,0.775699879742,4.267958400000e-03,4.206519128948e-03,6.143927105205e-05
2.0,20260917,9,0.751459258500,4.101121200000e-03,4.067730161053e-03,3.339103894730e-05
2.0,20260917,10,0.727976156672,4.067918400000e-03,3.983702051238e-03,8.421634876157e-05
2.0,20260917,11,0.705226901776,4.045960400000e-03,3.949621283160e-03,9.633911683971e-05
2.0,20260917,12,0.683188561096,4.045149200000e-03,3.961015623299e-03,8.413357670102e-05
2.0,20260917,13,0.661838918561,4.097913400000e-03,4.013731713482e-03,8.418168651779e-05
2.0,20260917,14,0.641156452356,4.185695400000e-03,4.103914086072e-03,8.178131392809e-05
2.0,20260917,15,0.621120313220,4.313603600000e-03,4.227985512913e-03,8.561808708736e-05
2.0,20260917,16,0.601710303432,4.445293400000e-03,4.382628604649e-03,6.266479535095e-05
2.0,20260917,17,0.582906856450,4.622633200000e-03,4.564768582193e-03,5.786461780742e-05
2.0,20260917,18,0.564691017186,4.849126800000e-03,4.771557146970e-03,7.756965302955e-05
2.0,20260917,19,0.547044422899,5.095336600000e-03,5.000357381143e-03,9.497921885723e-05
2.0,20260917,20,0.529949284683,5.354654600000e-03,5.248729613245e-03,1.059249867547e-04
2.0,20260917,21,0.513388369537,5.626987400000e-03,5.514418188723e-03,1.125692112770e-04
2.0,20260917,22,0.497344982989,5.912192400000e-03,5.795339088579e-03,1.168533114209e-04
2.0,20260917,23,0.481802952270,6.242195800000e-03,6.089568342893e-03,1.526274571072e-04
2.0,20260917,24,0.466746610012,6.550538400000e-03,6.395331189267e-03,1.552072107333e-04
2.0,20260917,25,0.452160778449,6.877090200000e-03,6.710991929370e-03,1.660982706295e-04
2.0,20260917,26,0.438030754123,7.208699600000e-03,7.035044439661e-03,1.736551603390e-04
2.0,20260917,27,0.424342293056,7.542099600000e-03,7.366103295090e-03,1.759963049103e-04
2.0,20260917,28,0.411081596398,7.906268600000e-03,7.702895467172e-03,2.033731328276e-04
2.0,20260917,29,0.398235296511,8.241197400000e-03,8.044252560202e-03,1.969448397977e-04
2.0,20260917,30,0.385790443495,8.576286800000e-03,8.389103551641e-03,1.871832483585e-04
2.0,20260918,0,1.000000000000,8.011219600000e-03,7.999000020000e-03,1.221958000000e-05
2.0,20260918,1,0.968750000000,7.218823000000e-03,7.199188500801e-03,1.963449919922e-05
2.0,20260918,2,0.938476562500,6.523807200000e-03,6.508171722124e-03,1.563547787641e-05
2.0,20260918,3,0.909149169922,5.942581400000e-03,5.917394145471e-03,2.518725452882e-05
2.0,20260918,4,0.880738258362,5.463300000000e-03,5.418884789487e-03,4.441521051322e-05
2.0,20260918,5,0.853215187788,5.032844200000e-03,5.005219447521e-03,2.762475247943e-05
2.0,20260918,6,0.826552213170,4.677086600000e-03,4.669485286528e-03,7.601313471525e-06
2.0,20260918,7,0.800722456508,4.420665800000e-03,4.405247679020e-03,1.541812098028e-05
2.0,20260918,8,0.775699879742,4.229188600000e-03,4.206519128948e-03,2.266947105205e-05
2.0,20260918,9,0.751459258500,4.089373800000e-03,4.067730161053e-03,2.164363894730e-05
2.0,20260918,10,0.727976156672,3.967398600000e-03,3.983702051238e-03,-1.630345123843e-05
2.0,20260918,11,0.705226901776,3.950519400000e-03,3.949621283160e-03,8.981168397124e-07
2.0,20260918,12,0.683188561096,3.953412200000e-03,3.961015623299e-03,-7.603423298980e-06
2.0,20260918,13,0.661838918561,3.982599200000e-03,4.013731713482e-03,-3.113251348221e-05
2.0,20260918,14,0.641156452356,4.080753600000e-03,4.103914086072e-03,-2.316048607191e-05
2.0,20260918,15,0.621120313220,4.199389800000e-03,4.227985512913e-03,-2.859571291264e-05
2.0,20260918,16,0.601710303432,4.347949400000e-03,4.382628604649e-03,-3.467920464905e-05
2.0,20260918,17,0.582906856450,4.544242800000e-03,4.564768582193e-03,-2.052578219258e-05
2.0,20260918,18,0.564691017186,4.718485200000e-03,4.771557146970e-03,-5.307194697046e-05
2.0,20260918,19,0.547044422899,4.954634400000e-03,5.000357381143e-03,-4.572298114277e-05
2.0,20260918,20,0.529949284683,5.218300800000e-03,5.248729613245e-03,-3.042881324530e-05
2.0,20260918,21,0.513388369537,5.446755800000e-03,5.514418188723e-03,-6.766238872295e-05
2.0,20260918,22,0.497344982989,5.720246400000e-03,5.795339088579e-03,-7.509268857907e-05
2.0,20260918,23,0.481802952270,5.995586600000e-03,6.089568342893e-03,-9.398174289283e-05
2.0,20260918,24,0.466746610012,6.273669400000e-03,6.395331189267e-03,-1.216617892667e-04
2.0,20260918,25,0.452160778449,6.597785200000e-03,6.710991929370e-03,-1.132067293705e-04
2.0,20260918,26,0.438030754123,6.931237800000e-03,7.035044439661e-03,-1.038066396610e-04
2.0,20260918,27,0.424342293056,7.274336600000e-03,7.366103295090e-03,-9.176669508969e-05
2.0,20260918,28,0.411081596398,7.591134000000e-03,7.702895467172e-03,-1.117614671724e-04
2.0,20260918,29,0.398235296511,7.938433200000e-03,8.044252560202e-03,-1.058193602023e-04
2.0,20260918,30,0.385790443495,8.289984600000e-03,8.389103551641e-03,-9.911895164150e-05
2.0,20260919,0,1.000000000000,7.945528800000e-03,7.999000020000e-03,-5.347122000000e-05
2.0,20260919,1,0.968750000000,7.178490200000e-03,7.199188500801e-03,-2.069830080078e-05
2.0,20260919,2,0.938476562500,6.531020600000e-03,6.508171722124e-03,2.284887787641e-05
2.0,20260919,3,0.909149169922,5.959589400000e-03,5.917394145471e-03,4.219525452882e-05
2.0,20260919,4,0.880738258362,5.466862600000e-03,5.418884789487e-03,4.797781051322e-05
2.0,20260919,5,0.853215187788,5.041392600000e-03,5.005219447521e-03,3.617315247943e-05
2.0,20260919,6,0.826552213170,4.729084600000e-03,4.669485286528e-03,5.959931347153e-05
2.0,20260919,7,0.800722456508,4.447195000000e-03,4.405247679020e-03,4.194732098028e-05
2.0,20260919,8,0.775699879742,4.227329400000e-03,4.206519128948e-03,2.081027105205e-05
2.0,20260919,9,0.751459258500,4.084732400000e-03,4.067730161053e-03,1.700223894730e-05
2.0,20260919,10,0.727976156672,4.010327800000e-03,3.983702051238e-03,2.662574876157e-05
2.0,20260919,11,0.705226901776,3.979510400000e-03,3.949621283160e-03,2.988911683971e-05
2.0,20260919,12,0.683188561096,3.987536400000e-03,3.961015623299e-03,2.652077670102e-05
2.0,20260919,13,0.661838918561,4.037329800000e-03,4.013731713482e-03,2.359808651779e-05
2.0,20260919,14,0.641156452356,4.145855600000e-03,4.103914086072e-03,4.194151392809e-05
2.0,20260919,15,0.621120313220,4.272615600000e-03,4.227985512913e-03,4.463008708736e-05
2.0,20260919,16,0.601710303432,4.411273200000e-03,4.382628604649e-03,2.864459535095e-05
2.0,20260919,17,0.582906856450,4.560465800000e-03,4.564768582193e-03,-4.302782192583e-06
2.0,20260919,18,0.564691017186,4.781683000000e-03,4.771557146970e-03,1.012585302954e-05
2.0,20260919,19,0.547044422899,5.023611800000e-03,5.000357381143e-03,2.325441885723e-05
2.0,20260919,20,0.529949284683,5.277453600000e-03,5.248729613245e-03,2.872398675470e-05
2.0,20260919,21,0.513388369537,5.544789200000e-03,5.514418188723e-03,3.037101127705e-05
2.0,20260919,22,0.497344982989,5.829635000000e-03,5.795339088579e-03,3.429591142093e-05
2.0,20260919,23,0.481802952270,6.114427600000e-03,6.089568342893e-03,2.485925710717e-05
2.0,20260919,24,0.466746610012,6.418744000000e-03,6.395331189267e-03,2.341281073330e-05
2.0,20260919,25,0.452160778449,6.719503800000e-03,6.710991929370e-03,8.511870629545e-06
2.0,20260919,26,0.438030754123,7.034247600000e-03,7.035044439661e-03,-7.968396610108e-07
2.0,20260919,27,0.424342293056,7.381522600000e-03,7.366103295090e-03,1.541930491031e-05
2.0,20260919,28,0.411081596398,7.729330400000e-03,7.702895467172e-03,2.643493282762e-05
2.0,20260919,29,0.398235296511,8.082006800000e-03,8.044252560202e-03,3.775423979774e-05
2.0,20260919,30,0.385790443495,8.377732000000e-03,8.389103551641e-03,-1.137155164149e-05
2.0,20260920,0,1.000000000000,7.986968600000e-03,7.999000020000e-03,-1.203142000000e-05
2.0,20260920,1,0.968750000000,7.235828000000e-03,7.199188500801e-03,3.663949919922e-05
2.0,20260920,2,0.938476562500,6.549710800000e-03,6.508171722124e-03,4.153907787641e-05
2.0,20260920,3,0.909149169922,5.964671600000e-03,5.917394145471e-03,4.727745452882e-05
2.0,20260920,4,0.880738258362,5.492324200000e-03,5.418884789487e-03,7.343941051322e-05
2.0,20260920,5,0.853215187788,5.071853200000e-03,5.005219447521e-03,6.663375247943e-05
2.0,20260920,6,0.826552213170,4.713386800000e-03,4.669485286528e-03,4.390151347152e-05
2.0,20260920,7,0.800722456508,4.422422200000e-03,4.405247679020e-03,1.717452098028e-05
2.0,20260920,8,0.775699879742,4.187020400000e-03,4.206519128948e-03,-1.949872894795e-05
2.0,20260920,9,0.751459258500,4.087188000000e-03,4.067730161053e-03,1.945783894730e-05
2.0,20260920,10,0.727976156672,3.985938400000e-03,3.983702051238e-03,2.236348761568e-06
2.0,20260920,11,0.705226901776,3.945721000000e-03,3.949621283160e-03,-3.900283160287e-06
2.0,20260920,12,0.683188561096,3.967045000000e-03,3.961015623299e-03,6.029376701020e-06
2.0,20260920,13,0.661838918561,4.015111400000e-03,4.013731713482e-03,1.379686517793e-06
2.0,20260920,14,0.641156452356,4.114881600000e-03,4.103914086072e-03,1.096751392809e-05
2.0,20260920,15,0.621120313220,4.228467200000e-03,4.227985512913e-03,4.816870873645e-07
2.0,20260920,16,0.601710303432,4.383640800000e-03,4.382628604649e-03,1.012195350951e-06
2.0,20260920,17,0.582906856450,4.553413600000e-03,4.564768582193e-03,-1.135498219258e-05
2.0,20260920,18,0.564691017186,4.772258600000e-03,4.771557146970e-03,7.014530295450e-07
2.0,20260920,19,0.547044422899,4.973566600000e-03,5.000357381143e-03,-2.679078114277e-05
2.0,20260920,20,0.529949284683,5.219301800000e-03,5.248729613245e-03,-2.942781324530e-05
2.0,20260920,21,0.513388369537,5.489062800000e-03,5.514418188723e-03,-2.535538872295e-05
2.0,20260920,22,0.497344982989,5.783066200000e-03,5.795339088579e-03,-1.227288857907e-05
2.0,20260920,23,0.481802952270,6.095054600000e-03,6.089568342893e-03,5.486257107171e-06
2.0,20260920,24,0.466746610012,6.393257200000e-03,6.395331189267e-03,-2.073989266696e-06
2.0,20260920,25,0.452160778449,6.692698000000e-03,6.710991929370e-03,-1.829392937045e-05
2.0,20260920,26,0.438030754123,7.015762000000e-03,7.035044439661e-03,-1.928243966101e-05
2.0,20260920,27,0.424342293056,7.357439800000e-03,7.366103295090e-03,-8.663495089693e-06
2.0,20260920,28,0.411081596398,7.692352000000e-03,7.702895467172e-03,-1.054346717238e-05
2.0,20260920,29,0.398235296511,8.034975200000e-03,8.044252560202e-03,-9.277360202266e-06
2.0,20260920,30,0.385790443495,8.369060000000e-03,8.389103551641e-03,-2.004355164150e-05
2.0,20260921,0,1.000000000000,8.073216200000e-03,7.999000020000e-03,7.421618000000e-05
2.0,20260921,1,0.968750000000,7.248301800000e-03,7.199188500801e-03,4.911329919922e-05
2.0,20260921,2,0.938476562500,6.584704600000e-03,6.508171722124e-03,7.653287787641e-05
2.0,20260921,3,0.909149169922,6.010590400000e-03,5.917394145471e-03,9.319625452882e-05
2.0,20260921,4,0.880738258362,5.490267400000e-03,5.418884789487e-03,7.138261051322e-05
2.0,20260921,5,0.853215187788,5.038760800000e-03,5.005219447521e-03,3.354135247943e-05
2.0,20260921,6,0.826552213170,4.745154800000e-03,4.669485286528e-03,7.566951347153e-05
2.0,20260921,7,0.800722456508,4.436477200000e-03,4.405247679020e-03,3.122952098028e-05
2.0,20260921,8,0.775699879742,4.226431800000e-03,4.206519128948e-03,1.991267105205e-05
2.0,20260921,9,0.751459258500,4.103842400000e-03,4.067730161053e-03,3.611223894730e-05
2.0,20260921,10,0.727976156672,3.999671000000e-03,3.983702051238e-03,1.596894876157e-05
2.0,20260921,11,0.705226901776,3.958358200000e-03,3.949621283160e-03,8.736916839712e-06
2.0,20260921,12,0.683188561096,3.968180200000e-03,3.961015623299e-03,7.164576701020e-06
2.0,20260921,13,0.661838918561,4.006971200000e-03,4.013731713482e-03,-6.760513482206e-06
2.0,20260921,14,0.641156452356,4.086872200000e-03,4.103914086072e-03,-1.704188607191e-05
2.0,20260921,15,0.621120313220,4.233815400000e-03,4.227985512913e-03,5.829887087365e-06
2.0,20260921,16,0.601710303432,4.400700400000e-03,4.382628604649e-03,1.807179535095e-05
2.0,20260921,17,0.582906856450,4.566979600000e-03,4.564768582193e-03,2.211017807418e-06
2.0,20260921,18,0.564691017186,4.751073600000e-03,4.771557146970e-03,-2.048354697046e-05
2.0,20260921,19,0.547044422899,5.001415000000e-03,5.000357381143e-03,1.057618857227e-06
2.0,20260921,20,0.529949284683,5.256986600000e-03,5.248729613245e-03,8.256986754697e-06
2.0,20260921,21,0.513388369537,5.529084800000e-03,5.514418188723e-03,1.466661127705e-05
2.0,20260921,22,0.497344982989,5.820578200000e-03,5.795339088579e-03,2.523911142093e-05
2.0,20260921,23,0.481802952270,6.120432800000e-03,6.089568342893e-03,3.086445710717e-05
2.0,20260921,24,0.466746610012,6.436165200000e-03,6.395331189267e-03,4.083401073330e-05
2.0,20260921,25,0.452160778449,6.726821200000e-03,6.710991929370e-03,1.582927062955e-05
2.0,20260921,26,0.438030754123,7.054611000000e-03,7.035044439661e-03,1.956656033899e-05
2.0,20260921,27,0.424342293056,7.365076800000e-03,7.366103295090e-03,-1.026495089694e-06
2.0,20260921,28,0.411081596398,7.714329800000e-03,7.702895467172e-03,1.143433282762e-05
2.0,20260921,29,0.398235296511,8.057580800000e-03,8.044252560202e-03,1.332823979773e-05
2.0,20260921,30,0.385790443495,8.399036400000e-03,8.389103551641e-03,9.932848358502e-06
-0.25,20260917,0,1.000000000000,1.145652400000e-03,1.123176077871e-03,2.247632212918e-05
-0.25,20260917,1,0.851349110625,1.890155600000e-03,1.883520172286e-03,6.635427714070e-06
-0.25,20260917,2,0.724795308161,2.792996800000e-03,2.772333175269e-03,2.066362473062e-05
-0.25,20260917,3,0.617053840988,3.716661000000e-03,3.704057585335e-03,1.260341466526e-05
-0.25,20260917,4,0.525328238733,4.640757200000e-03,4.624144336695e-03,1.661286330515e-05
-0.25,20260917,5,0.447237728831,5.504520600000e-03,5.499409808677e-03,5.110791323149e-06
-0.25,20260917,6,0.380755442678,6.320614800000e-03,6.311211533328e-03,9.403266671620e-06
-0.25,20260917,7,0.324155807490,7.027598400000e-03,7.050642369428e-03,-2.304396942800e-05
-0.25,20260917,8,0.275969758410,7.719023800000e-03,7.715166782508e-03,3.857017492294e-06
-0.25,20260917,9,0.234946608382,8.316028800000e-03,8.306284589770e-03,9.744210229971e-06
-0.25,20260917,10,0.200021586090,8.839098200000e-03,8.827924281010e-03,1.117391898962e-05
-0.25,20260917,11,0.170288199424,9.281345800000e-03,9.285352255528e-03,-4.006455528432e-06
-0.25,20260917,12,0.144974707129,9.673757600000e-03,9.684445029470e-03,-1.068742946996e-05
-0.25,20260917,13,0.123424087977,1.003279940000e-02,1.003121518904e-02,1.584210956047e-06
-0.25,20260917,14,0.105076987529,1.035526500000e-02,1.033151331159e-02,2.375168841317e-05
-0.25,20260917,15,0.089457199880,1.061953800000e-02,1.059085066250e-02,2.868733750049e-05
-0.25,20260917,16,0.076159307557,1.083582260000e-02,1.081430367077e-02,2.151892923332e-05
-0.25,20260917,17,0.064838158754,1.103668160000e-02,1.100647277412e-02,3.020882588440e-05
-0.25,20260917,18,0.055199908790,1.120284800000e-02,1.117147649679e-02,3.137150320951e-05
-0.25,20260917,19,0.046994393255,1.133245400000e-02,1.131296751002e-02,1.948648997724e-05
-0.25,20260917,20,0.040008634902,1.144940440000e-02,1.143416159998e-02,1.524280001671e-05
-0.25,20260917,21,0.034061315741,1.154932480000e-02,1.153787341528e-02,1.145138471583e-05
-0.25,20260917,22,0.028998070863,1.163095560000e-02,1.162655493542e-02,4.400664582387e-06
-0.25,20260917,23,0.024687481839,1.170802140000e-02,1.170233404444e-02,5.687355561858e-06
-0.25,20260917,24,0.021017665707,1.178109860000e-02,1.176705159156e-02,1.404700844158e-05
-0.25,20260917,25,0.017893371007,1.182821480000e-02,1.182229600196e-02,5.918798038199e-06
-0.25,20260917,26,0.015233505493,1.187704920000e-02,1.186943496006e-02,7.614239941686e-06
-0.25,20260917,27,0.012969031353,1.191582760000e-02,1.190964399014e-02,6.183609863007e-06
-0.25,20260917,28,0.011041173308,1.195409920000e-02,1.194393195333e-02,1.016724667333e-05
-0.25,20260917,29,0.009399893076,1.198090440000e-02,1.197316359869e-02,7.740801312838e-06
-0.25,20260917,30,0.008002590610,1.200190360000e-02,1.199807937399e-02,3.824226011808e-06
-0.25,20260918,0,1.000000000000,1.145016600000e-03,1.123176077871e-03,2.184052212918e-05
-0.25,20260918,1,0.851349110625,1.897692200000e-03,1.883520172286e-03,1.417202771407e-05
-0.25,20260918,2,0.724795308161,2.799006000000e-03,2.772333175269e-03,2.667282473062e-05
-0.25,20260918,3,0.617053840988,3.743826600000e-03,3.704057585335e-03,3.976901466526e-05
-0.25,20260918,4,0.525328238733,4.652821000000e-03,4.624144336695e-03,2.867666330515e-05
-0.25,20260918,5,0.447237728831,5.520058000000e-03,5.499409808677e-03,2.064819132315e-05
-0.25,20260918,6,0.380755442678,6.365975800000e-03,6.311211533328e-03,5.476426667162e-05
-0.25,20260918,7,0.324155807490,7.092066400000e-03,7.050642369428e-03,4.142403057200e-05
-0.25,20260918,8,0.275969758410,7.748362600000e-03,7.715166782508e-03,3.319581749229e-05
-0.25,20260918,9,0.234946608382,8.343097000000e-03,8.306284589770e-03,3.681241022997e-05
-0.25,20260918,10,0.200021586090,8.865253400000e-03,8.827924281010e-03,3.732911898962e-05
-0.25,20260918,11,0.170288199424,9.305821800000e-03,9.285352255528e-03,2.046954447157e-05
-0.25,20260918,12,0.144974707129,9.700196800000e-03,9.684445029470e-03,1.575177053004e-05
-0.25,20260918,13,0.123424087977,1.004092040000e-02,1.003121518904e-02,9.705210956048e-06
-0.25,20260918,14,0.105076987529,1.034930340000e-02,1.033151331159e-02,1.779008841317e-05
-0.25,20260918,15,0.089457199880,1.058277460000e-02,1.059085066250e-02,-8.076062499507e-06
-0.25,20260918,16,0.076159307557,1.081068080000e-02,1.081430367077e-02,-3.622870766690e-06
-0.25,20260918,17,0.064838158754,1.099280940000e-02,1.100647277412e-02,-1.366337411560e-05
-0.25,20260918,18,0.055199908790,1.114886180000e-02,1.117147649679e-02,-2.261469679049e-05
-0.25,20260918,19,0.046994393255,1.127711620000e-02,1.131296751002e-02,-3.585131002276e-05
-0.25,20260918,20,0.040008634902,1.139161360000e-02,1.143416159998e-02,-4.254799998329e-05
-0.25,20260918,21,0.034061315741,1.150597820000e-02,1.153787341528e-02,-3.189521528417e-05
-0.25,20260918,22,0.028998070863,1.160532300000e-02,1.162655493542e-02,-2.123193541761e-05
-0.25,20260918,23,0.024687481839,1.168149420000e-02,1.170233404444e-02,-2.083984443814e-05
-0.25,20260918,24,0.021017665707,1.174472600000e-02,1.176705159156e-02,-2.232559155842e-05
-0.25,20260918,25,0.017893371007,1.180561100000e-02,1.182229600196e-02,-1.668500196180e-05
-0.25,20260918,26,0.015233505493,1.185754400000e-02,1.186943496006e-02,-1.189096005831e-05
-0.25,20260918,27,0.012969031353,1.189718560000e-02,1.190964399014e-02,-1.245839013699e-05
-0.25,20260918,28,0.011041173308,1.192963440000e-02,1.194393195333e-02,-1.429755332667e-05
-0.25,20260918,29,0.009399893076,1.195518620000e-02,1.197316359869e-02,-1.797739868716e-05
-0.25,20260918,30,0.008002590610,1.198566440000e-02,1.199807937399e-02,-1.241497398819e-05
-0.25,20260919,0,1.000000000000,1.175931000000e-03,1.123176077871e-03,5.275492212918e-05
-0.25,20260919,1,0.851349110625,1.923392400000e-03,1.883520172286e-03,3.987222771407e-05
-0.25,20260919,2,0.724795308161,2.797275200000e-03,2.772333175269e-03,2.494202473062e-05
-0.25,20260919,3,0.617053840988,3.716698000000e-03,3.704057585335e-03,1.264041466526e-05
-0.25,20260919,4,0.525328238733,4.645377000000e-03,4.624144336695e-03,2.123266330515e-05
-0.25,20260919,5,0.447237728831,5.493833600000e-03,5.499409808677e-03,-5.576208676851e-06
-0.25,20260919,6,0.380755442678,6.299278800000e-03,6.311211533328e-03,-1.193273332838e-05
-0.25,20260919,7,0.324155807490,7.023318000000e-03,7.050642369428e-03,-2.732436942800e-05
-0.25,20260919,8,0.275969758410,7.690171200000e-03,7.715166782508e-03,-2.499558250771e-05
-0.25,20260919,9,0.234946608382,8.283360000000e-03,8.306284589770e-03,-2.292458977003e-05
-0.25,20260919,10,0.200021586090,8.804939400000e-03,8.827924281010e-03,-2.298488101038e-05
-0.25,20260919,11,0.170288199424,9.261428800000e-03,9.285352255528e-03,-2.392345552843e-05
-0.25,20260919,12,0.144974707129,9.684173200000e-03,9.684445029470e-03,-2.718294699576e-07
-0.25,20260919,13,0.123424087977,1.005144080000e-02,1.003121518904e-02,2.022561095605e-05
-0.25,20260919,14,0.105076987529,1.035627120000e-02,1.033151331159e-02,2.475788841317e-05
-0.25,20260919,15,0.089457199880,1.061633440000e-02,1.059085066250e-02,2.548373750049e-05
-0.25,20260919,16,0.076159307557,1.084338340000e-02,1.081430367077e-02,2.907972923331e-05
-0.25,20260919,17,0.064838158754,1.105237520000e-02,1.100647277412e-02,4.590242588440e-05
-0.25,20260919,18,0.055199908790,1.120800300000e-02,1.117147649679e-02,3.652650320951e-05
-0.25,20260919,19,0.046994393255,1.135882900000e-02,1.131296751002e-02,4.586148997724e-05
-0.25,20260919,20,0.040008634902,1.148896340000e-02,1.143416159998e-02,5.480180001671e-05
-0.25,20260919,21,0.034061315741,1.159075320000e-02,1.153787341528e-02,5.287978471583e-05
-0.25,20260919,22,0.028998070863,1.170010080000e-02,1.162655493542e-02,7.354586458239e-05
-0.25,20260919,23,0.024687481839,1.177885700000e-02,1.170233404444e-02,7.652295556186e-05
-0.25,20260919,24,0.021017665707,1.184360160000e-02,1.176705159156e-02,7.655000844158e-05
-0.25,20260919,25,0.017893371007,1.189462420000e-02,1.182229600196e-02,7.232819803820e-05
-0.25,20260919,26,0.015233505493,1.194217200000e-02,1.186943496006e-02,7.273703994169e-05
-0.25,20260919,27,0.012969031353,1.197854080000e-02,1.190964399014e-02,6.889680986301e-05
-0.25,20260919,28,0.011041173308,1.202143700000e-02,1.194393195333e-02,7.750504667333e-05
-0.25,20260919,29,0.009399893076,1.204912700000e-02,1.197316359869e-02,7.596340131284e-05
-0.25,20260919,30,0.008002590610,1.207493700000e-02,1.199807937399e-02,7.685762601181e-05
-0.25,20260920,0,1.000000000000,1.149422800000e-03,1.123176077871e-03,2.624672212918e-05
-0.25,20260920,1,0.851349110625,1.916541400000e-03,1.883520172286e-03,3.302122771407e-05
-0.25,20260920,2,0.724795308161,2.837185200000e-03,2.772333175269e-03,6.485202473062e-05
-0.25,20260920,3,0.617053840988,3.784569000000e-03,3.704057585335e-03,8.051141466526e-05
-0.25,20260920,4,0.525328238733,4.701853000000e-03,4.624144336695e-03,7.770866330515e-05
-0.25,20260920,5,0.447237728831,5.590984200000e-03,5.499409808677e-03,9.157439132315e-05
-0.25,20260920,6,0.380755442678,6.397111400000e-03,6.311211533328e-03,8.589986667162e-05
-0.25,20260920,7,0.324155807490,7.138616600000e-03,7.050642369428e-03,8.797423057200e-05
-0.25,20260920,8,0.275969758410,7.795571000000e-03,7.715166782508e-03,8.040421749230e-05
-0.25,20260920,9,0.234946608382,8.391266800000e-03,8.306284589770e-03,8.498221022997e-05
-0.25,20260920,10,0.200021586090,8.906323800000e-03,8.827924281010e-03,7.839951898963e-05
-0.25,20260920,11,0.170288199424,9.357834200000e-03,9.285352255528e-03,7.248194447157e-05
-0.25,20260920,12,0.144974707129,9.742351600000e-03,9.684445029470e-03,5.790657053004e-05
-0.25,20260920,13,0.123424087977,1.006131260000e-02,1.003121518904e-02,3.009741095605e-05
-0.25,20260920,14,0.105076987529,1.036749840000e-02,1.033151331159e-02,3.598508841317e-05
-0.25,20260920,15,0.089457199880,1.062462900000e-02,1.059085066250e-02,3.377833750049e-05
-0.25,20260920,16,0.076159307557,1.084979300000e-02,1.081430367077e-02,3.548932923331e-05
-0.25,20260920,17,0.064838158754,1.103498420000e-02,1.100647277412e-02,2.851142588440e-05
-0.25,20260920,18,0.055199908790,1.121605280000e-02,1.117147649679e-02,4.457630320951e-05
-0.25,20260920,19,0.046994393255,1.136859200000e-02,1.131296751002e-02,5.562448997724e-05
-0.25,20260920,20,0.040008634902,1.148154200000e-02,1.143416159998e-02,4.738040001671e-05
-0.25,20260920,21,0.034061315741,1.157337440000e-02,1.153787341528e-02,3.550098471583e-05
-0.25,20260920,22,0.028998070863,1.167448620000e-02,1.162655493542e-02,4.793126458239e-05
-0.25,20260920,23,0.024687481839,1.175983200000e-02,1.170233404444e-02,5.749795556186e-05
-0.25,20260920,24,0.021017665707,1.181856160000e-02,1.176705159156e-02,5.151000844158e-05
-0.25,20260920,25,0.017893371007,1.186530360000e-02,1.182229600196e-02,4.300759803820e-05
-0.25,20260920,26,0.015233505493,1.190911120000e-02,1.186943496006e-02,3.967623994168e-05
-0.25,20260920,27,0.012969031353,1.194584280000e-02,1.190964399014e-02,3.619880986301e-05
-0.25,20260920,28,0.011041173308,1.198567580000e-02,1.194393195333e-02,4.174384667333e-05
-0.25,20260920,29,0.009399893076,1.201590340000e-02,1.197316359869e-02,4.273980131284e-05
-0.25,20260920,30,0.008002590610,1.203914040000e-02,1.199807937399e-02,4.106102601181e-05
-0.25,20260921,0,1.000000000000,1.078518600000e-03,1.123176077871e-03,-4.465747787082e-05
-0.25,20260921,1,0.851349110625,1.835123200000e-03,1.883520172286e-03,-4.839697228593e-05
-0.25,20260921,2,0.724795308161,2.728252200000e-03,2.772333175269e-03,-4.408097526938e-05
-0.25,20260921,3,0.617053840988,3.655991600000e-03,3.704057585335e-03,-4.806598533474e-05
-0.25,20260921,4,0.525328238733,4.537093800000e-03,4.624144336695e-03,-8.705053669485e-05
-0.25,20260921,5,0.447237728831,5.423950200000e-03,5.499409808677e-03,-7.545960867685e-05
-0.25,20260921,6,0.380755442678,6.218564400000e-03,6.311211533328e-03,-9.264713332838e-05
-0.25,20260921,7,0.324155807490,6.930898800000e-03,7.050642369428e-03,-1.197435694280e-04
-0.25,20260921,8,0.275969758410,7.618378000000e-03,7.715166782508e-03,-9.678878250771e-05
-0.25,20260921,9,0.234946608382,8.229859000000e-03,8.306284589770e-03,-7.642558977003e-05
-0.25,20260921,10,0.200021586090,8.730188200000e-03,8.827924281010e-03,-9.773608101038e-05
-0.25,20260921,11,0.170288199424,9.202119600000e-03,9.285352255528e-03,-8.323265552843e-05
-0.25,20260921,12,0.144974707129,9.602643800000e-03,9.684445029470e-03,-8.180122946996e-05
-0.25,20260921,13,0.123424087977,9.945312400000e-03,1.003121518904e-02,-8.590278904395e-05
-0.25,20260921,14,0.105076987529,1.024524420000e-02,1.033151331159e-02,-8.626911158682e-05
-0.25,20260921,15,0.089457199880,1.050511720000e-02,1.059085066250e-02,-8.573346249951e-05
-0.25,20260921,16,0.076159307557,1.074810060000e-02,1.081430367077e-02,-6.620307076669e-05
-0.25,20260921,17,0.064838158754,1.093976840000e-02,1.100647277412e-02,-6.670437411560e-05
-0.25,20260921,18,0.055199908790,1.110375900000e-02,1.117147649679e-02,-6.771749679049e-05
-0.25,20260921,19,0.046994393255,1.124147920000e-02,1.131296751002e-02,-7.148831002276e-05
-0.25,20260921,20,0.040008634902,1.136021540000e-02,1.143416159998e-02,-7.394619998329e-05
-0.25,20260921,21,0.034061315741,1.147240520000e-02,1.153787341528e-02,-6.546821528417e-05
-0.25,20260921,22,0.028998070863,1.157247740000e-02,1.162655493542e-02,-5.407753541761e-05
-0.25,20260921,23,0.024687481839,1.164667000000e-02,1.170233404444e-02,-5.566404443814e-05
-0.25,20260921,24,0.021017665707,1.171052180000e-02,1.176705159156e-02,-5.652979155842e-05
-0.25,20260921,25,0.017893371007,1.176090740000e-02,1.182229600196e-02,-6.138860196180e-05
-0.25,20260921,26,0.015233505493,1.180782700000e-02,1.186943496006e-02,-6.160796005832e-05
-0.25,20260921,27,0.012969031353,1.184878420000e-02,1.190964399014e-02,-6.085979013699e-05
-0.25,20260921,28,0.011041173308,1.189160760000e-02,1.194393195333e-02,-5.232435332667e-05
-0.25,20260921,29,0.009399893076,1.191930100000e-02,1.197316359869e-02,-5.386259868716e-05
-0.25,20260921,30,0.008002590610,1.194239480000e-02,1.199807937399e-02,-5.568457398819e-05
