kernel,K,view,sample,n,share_positive,share_negative,share_zero,x_median,x_p05,x_p95
XA,50,raw,all active rounds,6,0.83333,0.00000,0.16667,0.37000,0.21500,0.90500
XA,50,raw,top 25% R_t rounds,2,1.00000,0.00000,0.00000,0.36000,0.32400,0.39600
XA,50,prefix,all active rounds,6,1.00000,0.00000,0.00000,0.32000,0.06000,0.38500
XA,50,prefix,top 25% R_t rounds,2,1.00000,0.00000,0.00000,0.36000,0.32400,0.39600
XA,100,raw,all active rounds,6,0.83333,0.00000,0.16667,0.36500,0.21750,0.90250
XA,100,raw,top 25% R_t rounds,2,1.00000,0.00000,0.00000,0.36500,0.33350,0.39650
XA,100,prefix,all active rounds,6,1.00000,0.00000,0.00000,0.33000,0.05250,0.38250
XA,100,prefix,top 25% R_t rounds,2,1.00000,0.00000,0.00000,0.36500,0.33350,0.39650
XA,200,raw,all active rounds,6,0.83333,0.00000,0.16667,0.36500,0.22125,0.90250
XA,200,raw,top 25% R_t rounds,2,1.00000,0.00000,0.00000,0.36250,0.33325,0.39175
XA,200,prefix,all active rounds,6,1.00000,0.00000,0.00000,0.33000,0.05000,0.38000
XA,200,prefix,top 25% R_t rounds,2,1.00000,0.00000,0.00000,0.36250,0.33325,0.39175
XA,400,raw,all active rounds,6,0.83333,0.00000,0.16667,0.36375,0.22187,0.90250
XA,400,raw,top 25% R_t rounds,2,1.00000,0.00000,0.00000,0.36375,0.33563,0.39188
XA,400,prefix,all active rounds,6,1.00000,0.00000,0.00000,0.33250,0.04813,0.37938
XA,400,prefix,top 25% R_t rounds,2,1.00000,0.00000,0.00000,0.36375,0.33563,0.39188
XO,50,raw,all active rounds,500,0.99800,0.00200,0.00000,0.84000,0.84000,0.84000
XO,50,raw,top 25% R_t rounds,497,1.00000,0.00000,0.00000,0.84000,0.84000,0.84000
XO,50,raw,actual rebound rounds,41,1.00000,0.00000,0.00000,0.84000,0.84000,0.84000
XO,50,prefix,all active rounds,500,0.99600,0.00400,0.00000,0.84000,0.84000,0.84000
XO,50,prefix,top 25% R_t rounds,497,1.00000,0.00000,0.00000,0.84000,0.84000,0.84000
XO,50,prefix,actual rebound rounds,41,1.00000,0.00000,0.00000,0.84000,0.84000,0.84000
XO,100,raw,all active rounds,1000,0.99900,0.00100,0.00000,0.84000,0.83000,0.84000
XO,100,raw,top 25% R_t rounds,398,1.00000,0.00000,0.00000,0.83000,0.83000,0.83000
XO,100,raw,actual rebound rounds,581,1.00000,0.00000,0.00000,0.83000,0.83000,0.84000
XO,100,prefix,all active rounds,1000,0.99800,0.00200,0.00000,0.83000,0.83000,0.84000
XO,100,prefix,top 25% R_t rounds,398,1.00000,0.00000,0.00000,0.83000,0.83000,0.83000
XO,100,prefix,actual rebound rounds,581,1.00000,0.00000,0.00000,0.83000,0.83000,0.84000
XO,200,raw,all active rounds,2000,0.99950,0.00050,0.00000,0.83500,0.83500,0.83500
XO,200,raw,top 25% R_t rounds,1997,1.00000,0.00000,0.00000,0.83500,0.83500,0.83500
XO,200,raw,actual rebound rounds,56,1.00000,0.00000,0.00000,0.83500,0.83500,0.83500
XO,200,prefix,all active rounds,2000,0.99900,0.00100,0.00000,0.83500,0.83500,0.83500
XO,200,prefix,top 25% R_t rounds,1997,1.00000,0.00000,0.00000,0.83500,0.83500,0.83500
XO,200,prefix,actual rebound rounds,56,1.00000,0.00000,0.00000,0.83500,0.83500,0.83500
XO,400,raw,all active rounds,4000,0.99975,0.00025,0.00000,0.83500,0.83250,0.83500
XO,400,raw,top 25% R_t rounds,1598,1.00000,0.00000,0.00000,0.83250,0.83250,0.83250
XO,400,raw,actual rebound rounds,2380,1.00000,0.00000,0.00000,0.83250,0.83250,0.83500
XO,400,prefix,all active rounds,4000,0.99950,0.00050,0.00000,0.83250,0.83250,0.83500
XO,400,prefix,top 25% R_t rounds,1598,1.00000,0.00000,0.00000,0.83250,0.83250,0.83250
XO,400,prefix,actual rebound rounds,2380,1.00000,0.00000,0.00000,0.83250,0.83250,0.83500
