K,band,rounds,median_moved_mass,median_net_export,median_L1_step,median_abs_delta_U_density,median_a_t,median_sweep_mass
50,D<0.005,9,0.235733,0.000849,0.110566,6.220628e-03,0.9400,0.9429
50,0.005<=D<0.01,27,0.217288,0.004259,0.091233,2.235079e-03,0.8600,0.8692
50,0.01<=D<0.02,57,0.194065,0.011178,0.075586,2.392968e-03,0.7600,0.7763
50,0.02<=D<0.05,176,0.128471,0.034431,0.075664,2.721086e-03,0.4800,0.5139
50,D>=0.05,55,0.151736,0.032107,0.070333,7.483258e-03,0.5400,0.6069
100,D<0.005,41,0.231158,0.001478,0.106991,3.717803e-03,0.9200,0.9246
100,0.005<=D<0.01,59,0.229125,0.001859,0.099341,4.363965e-03,0.9100,0.9165
100,0.01<=D<0.02,172,0.176801,0.016901,0.074474,1.357429e-03,0.6900,0.7072
100,0.02<=D<0.05,352,0.126448,0.035520,0.074263,2.872785e-03,0.4600,0.5058
100,D>=0.05,75,0.148638,0.034230,0.070184,6.928683e-03,0.5200,0.5946
200,D<0.005,107,0.237446,0.000718,0.116972,5.520438e-03,0.9450,0.9498
200,0.005<=D<0.01,158,0.216183,0.004388,0.091648,3.044867e-03,0.8575,0.8647
200,0.01<=D<0.02,376,0.172083,0.018441,0.073717,1.308083e-03,0.6725,0.6883
200,0.02<=D<0.05,692,0.124930,0.035470,0.074059,2.641787e-03,0.4650,0.4997
200,D>=0.05,112,0.145031,0.034499,0.069703,6.579633e-03,0.5100,0.5801
400,D<0.005,262,0.237702,0.000655,0.115321,5.464457e-03,0.9475,0.9508
400,0.005<=D<0.01,371,0.209037,0.006221,0.084865,2.402295e-03,0.8275,0.8361
400,0.01<=D<0.02,727,0.166066,0.020477,0.072316,1.229004e-03,0.6500,0.6643
400,0.02<=D<0.05,1355,0.121996,0.035830,0.073924,2.419691e-03,0.4525,0.4880
400,D>=0.05,161,0.146527,0.033037,0.066636,6.254343e-03,0.5250,0.5861
