K,phase,rounds,median_moved_mass,median_net_export,median_L1_step,median_abs_delta_U_density,median_a_t,median_sweep_mass
50,0.00-0.25,81,0.167752,0.026650,0.077180,6.255774e-03,0.6000,0.6710
50,0.25-0.50,81,0.152015,0.029430,0.076053,3.167847e-03,0.5600,0.6081
50,0.50-0.75,81,0.148673,0.027908,0.075483,2.668972e-03,0.5400,0.5947
50,0.75-0.90,48,0.146718,0.027192,0.075281,1.993947e-03,0.5500,0.5869
50,0.90-0.99,29,0.157525,0.025838,0.074517,2.039095e-03,0.5800,0.6301
50,0.99-1.00,4,0.088636,0.029875,0.068355,2.277232e-03,0.3400,0.3545
100,0.00-0.25,174,0.159652,0.028636,0.076234,4.677511e-03,0.5800,0.6386
100,0.25-0.50,175,0.149508,0.027804,0.075056,2.516178e-03,0.5600,0.5980
100,0.50-0.75,175,0.146944,0.029422,0.075629,2.324072e-03,0.5400,0.5878
100,0.75-0.90,105,0.143436,0.027478,0.073744,2.882775e-03,0.5400,0.5737
100,0.90-0.99,63,0.143260,0.026071,0.073168,2.727098e-03,0.5300,0.5730
100,0.99-1.00,7,0.138980,0.020013,0.066659,1.419294e-03,0.5200,0.5559
200,0.00-0.25,361,0.154790,0.028680,0.075703,3.471929e-03,0.5700,0.6192
200,0.25-0.50,361,0.147094,0.027771,0.075296,2.397918e-03,0.5550,0.5884
200,0.50-0.75,361,0.144272,0.027256,0.074336,2.252573e-03,0.5400,0.5771
200,0.75-0.90,217,0.145341,0.027449,0.074533,2.391769e-03,0.5450,0.5814
200,0.90-0.99,130,0.142516,0.027299,0.074610,2.069808e-03,0.5350,0.5701
200,0.99-1.00,15,0.140949,0.027817,0.074892,2.052045e-03,0.5150,0.5638
400,0.00-0.25,719,0.150889,0.027752,0.075376,2.888096e-03,0.5600,0.6036
400,0.25-0.50,719,0.144852,0.027532,0.074674,2.263979e-03,0.5425,0.5794
400,0.50-0.75,719,0.146352,0.028029,0.074314,2.193076e-03,0.5450,0.5854
400,0.75-0.90,431,0.143114,0.027956,0.074351,2.123153e-03,0.5350,0.5725
400,0.90-0.99,259,0.143228,0.027399,0.074569,2.359693e-03,0.5450,0.5729
400,0.99-1.00,29,0.133488,0.026569,0.072188,1.301275e-03,0.4900,0.5340
