K,lag,symbol_agreement,R_autocorr,D_max_autocorr
50,1,0.290000,-0.230092,0.215254
50,2,0.578595,-0.062261,0.228326
50,3,0.563758,-0.082981,0.181857
50,4,0.531987,0.048418,0.274230
50,5,0.506757,-0.060663,0.180467
50,6,0.572881,0.020540,0.270896
50,7,0.506803,-0.023540,0.217335
50,8,0.563140,-0.014243,0.230918
50,9,0.486301,-0.063705,0.168701
50,10,0.577320,0.059262,0.264723
50,11,0.517241,-0.032561,0.175085
50,12,0.560554,0.018961,0.197510
50,13,0.468750,-0.074201,0.133426
50,14,0.616725,0.082938,0.283220
50,15,0.493007,-0.104714,0.101669
50,16,0.547368,0.001223,0.210996
50,17,0.535211,0.090214,0.168823
50,18,0.547703,0.094361,0.214348
50,19,0.514184,-0.080467,0.129352
50,20,0.551601,-0.017202,0.179806
50,21,0.539286,-0.000132,0.148950
50,22,0.541219,0.117556,0.157632
50,23,0.510791,-0.102266,0.083210
50,24,0.566787,0.073915,0.200415
50,25,0.510870,-0.031981,0.140429
50,26,0.589091,0.029382,0.171970
50,27,0.448905,-0.147545,0.020439
50,28,0.615385,0.084861,0.195480
50,29,0.488971,-0.018138,0.120498
50,30,0.531365,-0.049906,0.142023
50,31,0.544444,-0.007051,0.180131
50,32,0.587361,0.077212,0.220991
50,33,0.492537,-0.071963,0.087205
50,34,0.520599,-0.041984,0.111538
50,35,0.578947,0.043232,0.189651
50,36,0.520755,0.040941,0.156934
50,37,0.511364,-0.091794,0.077506
50,38,0.528517,-0.003456,0.176482
50,39,0.583969,0.162157,0.191049
50,40,0.490421,0.025380,0.085618
50,41,0.534615,-0.032942,0.109295
50,42,0.528958,0.044900,0.152476
50,43,0.569767,-0.028315,0.073266
50,44,0.451362,-0.037120,-0.031466
50,45,0.621094,0.018584,0.132734
50,46,0.486275,-0.024678,0.068144
50,47,0.547244,-0.008001,0.101058
50,48,0.529644,0.016203,0.104441
50,49,0.563492,0.043633,0.140129
50,50,0.501992,-0.018630,0.053046
50,51,0.564000,-0.012142,0.087064
50,52,0.518072,-0.047658,0.087667
50,53,0.536290,0.026339,0.076163
50,54,0.546559,-0.029964,0.064420
50,55,0.495935,-0.017621,0.069825
50,56,0.563265,-0.018974,0.052034
50,57,0.545082,0.136133,0.081486
50,58,0.502058,-0.074592,0.011337
50,59,0.574380,0.001063,0.062874
50,60,0.497925,-0.002292,0.036827
50,61,0.554167,0.061696,0.072202
50,62,0.506276,-0.019641,0.057134
50,63,0.584034,0.063587,0.123126
50,64,0.489451,-0.069229,0.004937
50,65,0.555085,-0.005184,0.046555
50,66,0.489362,-0.087186,0.027369
50,67,0.594017,0.118141,0.153000
50,68,0.493562,-0.000369,0.039804
50,69,0.538793,-0.047813,0.037273
50,70,0.497835,-0.073554,0.036743
50,71,0.639130,0.094089,0.148425
50,72,0.419214,-0.121530,-0.031475
50,73,0.622807,0.115085,0.136550
50,74,0.453744,-0.037825,0.018580
50,75,0.606195,0.009482,0.067942
50,76,0.444444,-0.065387,-0.019480
50,77,0.598214,0.042694,0.106904
50,78,0.511211,-0.025359,0.037932
50,79,0.513514,0.124872,0.036398
50,80,0.520362,-0.036086,0.021606
50,81,0.577273,0.055772,0.094249
50,82,0.470320,-0.055270,0.002337
50,83,0.582569,0.036064,0.083419
50,84,0.479263,-0.047794,-0.008477
50,85,0.560185,0.068360,0.052015
50,86,0.493023,-0.069531,-0.044833
50,87,0.579439,0.036800,0.056593
50,88,0.488263,-0.048704,-0.020753
50,89,0.551887,0.020816,0.060707
50,90,0.511848,-0.042379,0.034317
50,91,0.566667,0.074105,0.089286
50,92,0.473684,-0.076273,-0.048145
50,93,0.581731,0.065937,0.023120
50,94,0.473430,-0.063938,-0.021453
50,95,0.597087,0.061440,0.047455
50,96,0.458537,-0.015862,-0.009467
50,97,0.583333,0.071265,0.090016
50,98,0.507389,-0.048041,-0.007958
50,99,0.574257,-0.000366,0.034774
50,100,0.462687,-0.076399,-0.057979
100,1,0.281481,-0.180443,0.107411
100,2,0.615727,-0.050773,0.147355
100,3,0.520059,-0.060709,0.039964
100,4,0.563988,-0.000609,0.195995
100,5,0.487332,-0.031794,0.075658
100,6,0.568657,-0.029897,0.173309
100,7,0.521674,0.027335,0.149959
100,8,0.552395,-0.006390,0.158790
100,9,0.493253,-0.041329,0.066642
100,10,0.578078,-0.001001,0.176075
100,11,0.518797,-0.054099,0.125257
100,12,0.540663,0.043137,0.158993
100,13,0.529412,0.014014,0.126350
100,14,0.558912,-0.006964,0.178308
100,15,0.523449,-0.007831,0.119725
100,16,0.546970,-0.055169,0.089927
100,17,0.540212,0.017877,0.118059
100,18,0.530395,0.023569,0.136754
100,19,0.544901,0.014306,0.113649
100,20,0.544207,-0.001274,0.105509
100,21,0.522137,-0.051713,0.046327
100,22,0.561162,0.028106,0.113138
100,23,0.519142,-0.002845,0.088340
100,24,0.544479,-0.016474,0.151576
100,25,0.536098,0.010432,0.135856
100,26,0.538462,0.009943,0.123460
100,27,0.513097,-0.035473,0.091985
100,28,0.583333,0.045689,0.134142
100,29,0.488408,-0.001027,0.047195
100,30,0.575851,0.004465,0.131605
100,31,0.514729,-0.027822,0.069305
100,32,0.552795,-0.005503,0.092176
100,33,0.494557,-0.035586,0.085894
100,34,0.601246,0.049558,0.193345
100,35,0.500780,-0.043291,0.058831
100,36,0.554688,0.010208,0.089072
100,37,0.536776,0.002478,0.090649
100,38,0.564263,0.012142,0.113549
100,39,0.494505,-0.056299,0.054094
100,40,0.566038,0.099758,0.130221
100,41,0.505512,-0.030764,0.084925
100,42,0.580442,-0.005957,0.121802
100,43,0.497630,0.000676,0.060576
100,44,0.550633,0.043270,0.131700
100,45,0.549921,-0.015695,0.084217
100,46,0.539683,0.055487,0.072790
100,47,0.511924,0.024669,0.044031
100,48,0.563694,0.060272,0.174496
100,49,0.540670,-0.019720,0.113152
100,50,0.517572,-0.020721,0.024910
100,51,0.537600,-0.042620,0.062024
100,52,0.562500,0.006214,0.126496
100,53,0.518459,-0.021262,0.072594
100,54,0.525723,0.008469,0.089862
100,55,0.555556,-0.000585,0.116842
100,56,0.537097,0.019370,0.085906
100,57,0.550889,-0.006661,0.044459
100,58,0.512945,-0.017478,0.042581
100,59,0.589951,-0.004549,0.119688
100,60,0.480519,-0.023277,0.046331
100,61,0.572358,0.053316,0.120387
100,62,0.524430,-0.024638,0.098264
100,63,0.556281,0.021097,0.100514
100,64,0.516340,-0.054746,0.034202
100,65,0.551555,-0.042188,0.075860
100,66,0.544262,0.091838,0.099039
100,67,0.513957,-0.011573,0.083541
100,68,0.564145,0.003378,0.110819
100,69,0.522241,-0.013621,0.075520
100,70,0.544554,-0.032229,0.066787
100,71,0.523967,-0.015748,0.035196
100,72,0.566225,0.003727,0.077463
100,73,0.505804,0.001784,0.045839
100,74,0.566445,0.091275,0.108310
100,75,0.522463,-0.057277,0.030739
100,76,0.550000,-0.013720,0.046080
100,77,0.532554,-0.055787,0.010646
100,78,0.548495,0.068434,0.084006
100,79,0.510888,-0.032796,0.088299
100,80,0.604027,0.156554,0.162931
100,81,0.472269,-0.075162,0.009622
100,82,0.579125,-0.004192,0.056338
100,83,0.527825,-0.051624,0.032401
100,84,0.537162,0.038409,0.034459
100,85,0.526227,-0.058380,0.015870
100,86,0.581356,0.059061,0.089154
100,87,0.514431,-0.040929,0.022197
100,88,0.539116,-0.024248,0.052372
100,89,0.522998,0.018109,0.000673
100,90,0.576792,-0.013225,0.036400
100,91,0.495726,-0.021824,-0.014661
100,92,0.568493,0.025591,0.083158
100,93,0.526587,0.030537,0.014994
100,94,0.563574,-0.029743,0.015420
100,95,0.480207,-0.033614,-0.014992
100,96,0.601724,0.060954,0.125562
100,97,0.519862,-0.004888,0.053693
100,98,0.532872,0.034993,0.023268
100,99,0.533795,-0.032899,0.019766
100,100,0.578125,0.007434,0.068964
200,1,0.264602,-0.149392,0.045103
200,2,0.594366,-0.048727,0.049983
200,3,0.570120,-0.035578,-0.000111
200,4,0.523977,-0.019561,0.103151
200,5,0.496119,-0.030627,0.046348
200,6,0.588277,-0.004721,0.148905
200,7,0.480565,-0.014046,0.072028
200,8,0.581330,0.011554,0.132212
200,9,0.495400,0.015087,0.054940
200,10,0.555241,-0.052367,0.084745
200,11,0.509568,0.000029,0.066729
200,12,0.570213,0.014613,0.123100
200,13,0.500355,-0.028193,0.045227
200,14,0.558949,0.053144,0.136451
200,15,0.506041,-0.039277,0.067440
200,16,0.568279,0.071516,0.141893
200,17,0.502491,-0.035669,0.034396
200,18,0.544872,-0.008705,0.098327
200,19,0.533856,0.027043,0.093004
200,20,0.547076,-0.036434,0.070925
200,21,0.501071,-0.048682,0.010751
200,22,0.569286,0.018944,0.114241
200,23,0.517513,0.008095,0.072548
200,24,0.537196,-0.009531,0.087730
200,25,0.523980,-0.023652,0.054084
200,26,0.555874,0.030193,0.121136
200,27,0.517563,-0.030733,0.049089
200,28,0.542324,0.012675,0.069558
200,29,0.517588,-0.024929,0.024022
200,30,0.555316,0.018060,0.083719
200,31,0.506830,-0.008272,0.045512
200,32,0.558273,0.032005,0.129399
200,33,0.528438,0.051143,0.075149
200,34,0.528818,-0.034992,0.031116
200,35,0.535689,0.010615,0.052489
200,36,0.553391,0.005100,0.100957
200,37,0.511191,-0.038202,0.053837
200,38,0.549133,0.056465,0.103042
200,39,0.532176,-0.002217,0.072858
200,40,0.544863,0.009196,0.085011
200,41,0.510500,-0.004929,0.052390
200,42,0.557246,0.037310,0.108365
200,43,0.531545,-0.010958,0.060646
200,44,0.525399,-0.039708,0.042600
200,45,0.534495,-0.006246,0.057393
200,46,0.550872,0.080802,0.103527
200,47,0.522182,0.000833,0.059731
200,48,0.524745,0.010665,0.078515
200,49,0.546249,-0.006064,0.072659
200,50,0.531341,-0.017684,0.028622
200,51,0.521517,-0.031859,0.009057
200,52,0.540876,-0.010548,0.038945
200,53,0.528853,-0.030333,0.031882
200,54,0.534357,0.028674,0.086046
200,55,0.525238,0.005434,0.034937
200,56,0.545388,-0.011986,0.060499
200,57,0.515751,-0.015966,0.025841
200,58,0.554985,0.033657,0.069577
200,59,0.519442,-0.001026,0.033153
200,60,0.541850,0.039122,0.058646
200,61,0.535636,-0.000946,0.047971
200,62,0.530147,-0.002044,0.043284
200,63,0.532745,-0.030517,0.031966
200,64,0.535346,0.003182,0.064672
200,65,0.518791,0.010943,0.060081
200,66,0.558260,-0.023786,0.057395
200,67,0.504797,-0.017304,-0.002955
200,68,0.542836,0.015914,0.074254
200,69,0.545455,-0.018114,0.060189
200,70,0.533284,0.012430,0.062674
200,71,0.520355,0.031419,0.063010
200,72,0.551852,0.017905,0.073913
200,73,0.521868,-0.028286,0.017608
200,74,0.534866,-0.006678,0.036221
200,75,0.534521,-0.010505,0.056060
200,76,0.534175,-0.003480,0.044726
200,77,0.536059,0.007724,0.025306
200,78,0.518601,-0.034392,0.009580
200,79,0.557707,0.060419,0.072108
200,80,0.507452,0.012446,0.058839
200,81,0.563013,0.010406,0.087728
200,82,0.529851,-0.034144,0.027113
200,83,0.518297,0.017602,0.012931
200,84,0.547833,-0.007518,0.047905
200,85,0.546746,-0.019265,0.045061
200,86,0.510479,0.011168,0.027117
200,87,0.537828,-0.027512,0.042433
200,88,0.547226,0.027923,0.064611
200,89,0.524381,-0.023095,0.042157
200,90,0.525526,0.046243,0.040515
200,91,0.541698,-0.000936,0.024298
200,92,0.539850,-0.035040,0.015329
200,93,0.530474,-0.013421,0.012363
200,94,0.534639,0.014208,0.035315
200,95,0.524491,-0.041673,0.023012
200,96,0.552036,0.055219,0.061003
200,97,0.516981,-0.006585,0.024456
200,98,0.537009,-0.013744,0.030475
200,99,0.552532,-0.008628,0.045250
200,100,0.513616,-0.021935,0.023477
400,1,0.264025,-0.117067,-0.000896
400,2,0.598387,-0.036256,0.031761
400,3,0.568772,-0.033019,-0.038353
400,4,0.510355,-0.024176,0.055148
400,5,0.517205,0.001808,0.025479
400,6,0.560941,-0.020460,0.086803
400,7,0.512649,0.003622,0.062707
400,8,0.559227,-0.017124,0.027594
400,9,0.502110,-0.013530,0.008102
400,10,0.572283,-0.002193,0.070437
400,11,0.503167,-0.001649,0.045923
400,12,0.562126,0.002343,0.090078
400,13,0.519014,0.003815,0.049979
400,14,0.541036,-0.006297,0.064728
400,15,0.527837,-0.020078,0.042951
400,16,0.550934,0.005093,0.086979
400,17,0.520099,-0.002109,0.035247
400,18,0.543915,-0.012672,0.048659
400,19,0.531052,-0.007746,0.051842
400,20,0.546770,0.007097,0.086706
400,21,0.510240,0.006534,0.032527
400,22,0.558107,-0.019217,0.049455
400,23,0.522615,0.003580,0.051810
400,24,0.540120,0.008145,0.078953
400,25,0.527935,-0.000251,0.053538
400,26,0.541563,-0.018496,0.055136
400,27,0.531847,0.017658,0.042008
400,28,0.541947,-0.016598,0.048263
400,29,0.516289,-0.010631,0.022320
400,30,0.556146,0.007144,0.077830
400,31,0.515237,0.015030,0.038782
400,32,0.548033,0.006440,0.066685
400,33,0.521631,-0.000042,0.026234
400,34,0.546648,0.001081,0.047021
400,35,0.522356,-0.016469,0.025530
400,36,0.548456,0.007881,0.083953
400,37,0.520597,0.004077,0.048789
400,38,0.544583,0.005839,0.041047
400,39,0.537313,-0.010674,0.034474
400,40,0.531461,-0.006385,0.032822
400,41,0.533784,-0.006825,0.018813
400,42,0.544646,-0.009294,0.031590
400,43,0.524199,-0.021611,0.002320
400,44,0.542542,0.018065,0.033080
400,45,0.518519,-0.033330,0.033337
400,46,0.560029,0.026154,0.089420
400,47,0.513186,0.004073,0.033416
400,48,0.543316,-0.000566,0.038197
400,49,0.533524,-0.005659,0.044969
400,50,0.542276,0.003329,0.050164
400,51,0.525696,0.011837,0.025071
400,52,0.534452,0.061467,0.049836
400,53,0.543929,-0.011220,0.045912
400,54,0.529475,-0.009720,0.013881
400,55,0.526447,0.002359,0.006909
400,56,0.549160,0.034454,0.055384
400,57,0.518240,-0.002421,0.053359
400,58,0.549195,0.001990,0.053103
400,59,0.530064,-0.011611,0.034256
400,60,0.540279,-0.000472,0.015733
400,61,0.535100,0.018774,0.052725
400,62,0.528126,-0.017681,0.023844
400,63,0.536559,-0.013013,0.024569
400,64,0.539620,-0.004095,0.034148
400,65,0.520803,-0.009962,0.028550
400,66,0.555077,0.019323,0.030431
400,67,0.508256,-0.021288,-0.004732
400,68,0.552244,0.009048,0.052151
400,69,0.533764,-0.006986,0.038386
400,70,0.526770,-0.004039,0.023618
400,71,0.533070,-0.008593,0.025529
400,72,0.552319,-0.006290,0.034146
400,73,0.511871,-0.008932,0.022126
400,74,0.544800,-0.005122,0.047434
400,75,0.535637,0.029924,0.060660
400,76,0.519625,-0.034225,0.008902
400,77,0.551873,0.051874,0.042356
400,78,0.521441,0.000945,0.019960
400,79,0.532444,-0.004959,0.012465
400,80,0.550667,0.021503,0.030472
400,81,0.513348,-0.017416,0.002004
400,82,0.546373,0.000079,0.054930
400,83,0.540072,-0.003534,0.049776
400,84,0.512821,0.006649,0.011143
400,85,0.550578,-0.008258,0.035000
400,86,0.526924,-0.010901,0.006334
400,87,0.531453,-0.006045,0.032093
400,88,0.547920,0.009085,0.059188
400,89,0.517004,0.004323,0.033943
400,90,0.536735,-0.007573,0.032434
400,91,0.548516,0.007568,0.040426
400,92,0.515755,-0.016249,0.017344
400,93,0.539493,0.030265,0.051312
400,94,0.543675,-0.008938,0.031811
400,95,0.525743,-0.022374,0.001326
400,96,0.539717,-0.013659,0.016359
400,97,0.526851,-0.003158,0.002742
400,98,0.541198,-0.014091,0.032885
400,99,0.534495,-0.001163,0.020733
400,100,0.529967,0.000791,0.028265
