K,tau,t,D_max,R_t,a_t,moved_mass,rebound
50,1,323,1.6963575315e-03,4.8648423660e-01,0.24000,0.06042409,False
50,2,322,7.3043805906e-04,1.0321166083e+00,0.68000,0.17018261,True
50,3,321,8.3494041671e-03,4.7819495423e-01,0.12000,0.03208735,False
50,4,320,2.7391314385e-02,5.2376466223e-01,0.44000,0.11684783,False
50,5,319,5.0819837856e-03,2.0284230965e+00,0.82000,0.20627050,True
50,6,318,2.4751772953e-02,4.2768152002e-01,0.30000,0.08118794,False
50,7,317,2.8541097120e-02,8.9985329485e-01,0.62000,0.16213527,False
50,8,316,7.0515948892e-03,1.7055397318e+00,0.88000,0.22176290,True
50,9,315,1.0206900973e-02,6.1703799331e-01,0.18000,0.04755173,False
50,10,314,2.1605390470e-02,6.3961249926e-01,0.48000,0.12540135,False
50,11,313,2.0053652139e-02,1.0338249093e+00,0.74000,0.19001341,True
50,12,312,3.1809686076e-02,6.0337374254e-01,0.34000,0.09295242,False
50,13,311,5.0098261591e-02,6.6338350012e-01,0.58000,0.15752457,False
50,14,310,1.0944819713e-03,6.1437415791e+00,0.96000,0.24027362,True
50,15,309,8.2318340375e-03,4.3789959024e-01,0.14000,0.03705796,False
50,16,308,2.9980525681e-02,5.0218857669e-01,0.42000,0.11249513,False
50,17,307,7.8801436189e-03,1.8216625472e+00,0.80000,0.20197004,True
50,18,306,3.2419988483e-02,3.8290063985e-01,0.28000,0.07810500,False
50,19,305,2.3161419345e-02,1.3480888186e+00,0.70000,0.18079035,True
50,20,304,4.2190072587e-02,6.0800928078e-01,0.52000,0.14054752,False
50,21,303,3.8668612842e-03,3.0096429149e+00,0.92000,0.23096672,True
50,22,302,5.7193534584e-03,6.3215117123e-01,0.10000,0.02642984,False
50,23,301,3.0786514894e-02,4.3320695661e-01,0.36000,0.09769663,False
50,24,300,3.0450572577e-02,1.0087754617e+00,0.64000,0.16761264,True
50,25,299,1.0868239652e-02,1.6466008284e+00,0.86000,0.21771706,True
50,26,298,1.7507923003e-02,4.7239916632e-01,0.18000,0.04937698,False
50,27,297,3.1191878784e-02,5.9854178606e-01,0.48000,0.12779797,False
50,28,296,2.2899130846e-02,1.2025649877e+00,0.78000,0.20072478,True
50,29,295,3.9366602068e-02,4.8886699837e-01,0.32000,0.08984165,False
50,30,294,4.5948291908e-02,8.4224620324e-01,0.60000,0.16148707,False
50,31,293,1.6984654693e-03,1.3674999147e+01,0.98000,0.24542462,True
50,32,292,1.1667580559e-02,5.4294851129e-01,0.44000,0.11291690,False
50,33,291,1.2477500965e-02,9.8236640580e-01,0.72000,0.18311938,False
50,34,290,1.9686203041e-02,6.4483705412e-01,0.24000,0.06492155,False
50,35,289,3.6487906348e-02,6.5624192585e-01,0.56000,0.14912198,False
50,36,288,2.2084036092e-03,2.6260436494e+00,0.90000,0.22555210,True
50,37,287,5.8351886705e-03,5.7255170981e-01,0.10000,0.02645880,False
50,38,286,2.2655996829e-02,5.3214000617e-01,0.40000,0.10566400,False
50,39,285,8.2982803219e-03,1.5190456639e+00,0.82000,0.20707457,True
50,40,284,2.0528550419e-02,4.9340372105e-01,0.28000,0.07513214,False
100,1,698,2.9614077878e-03,3.3272449974e-01,0.07000,0.01824035,False
100,2,697,3.5015505593e-03,9.5872181219e-01,0.65000,0.16337539,False
100,3,696,1.6662557168e-02,4.8476406338e-01,0.20000,0.05416564,False
100,4,695,3.5918703509e-02,6.1725896591e-01,0.52000,0.13897968,False
100,5,694,5.4821906211e-03,2.2913475039e+00,0.86000,0.21637055,True
100,6,693,2.4103336988e-02,4.3023099040e-01,0.27000,0.07352583,False
100,7,692,1.8369059187e-02,1.1943260930e+00,0.70000,0.17959226,True
100,8,691,4.1375476065e-02,5.3625986507e-01,0.43000,0.11784387,False
100,9,690,3.0732691313e-03,3.0494058948e+00,0.93000,0.23326832,True
100,10,689,1.3805650267e-02,3.0822661129e-01,0.17000,0.04595141,False
100,11,688,1.3604336714e-02,1.0098210220e+00,0.59000,0.15090108,True
100,12,687,8.2201489461e-03,1.2080532004e+00,0.78000,0.19705504,True
100,13,686,1.2810498308e-02,7.5105106877e-01,0.31000,0.08070262,False
100,14,685,3.6256863338e-02,5.5857709086e-01,0.50000,0.13406422,False
100,15,684,1.5431868364e-02,1.6380305157e+00,0.84000,0.21385797,True
100,16,683,2.0774352957e-02,6.1197781267e-01,0.23000,0.06269359,False
100,17,682,2.5620843784e-02,8.6921174332e-01,0.68000,0.17640521,False
100,18,681,4.1443665181e-02,5.9796158055e-01,0.39000,0.10786092,False
100,19,680,1.6509990832e-03,3.2817552294e+00,0.97000,0.24291275,True
100,20,679,4.5761213217e-03,3.0265678412e-01,0.09000,0.02364403,False
100,21,678,4.3582594210e-03,1.0188753743e+00,0.57000,0.14358956,True
100,22,677,3.1418306907e-02,4.1355104441e-01,0.28000,0.07785458,False
100,23,676,1.4716062342e-02,1.8302950165e+00,0.74000,0.18867902,True
100,24,675,3.5796215299e-02,5.6286660335e-01,0.47000,0.12644905,False
100,25,674,3.8219138027e-03,2.4258298504e+00,0.91000,0.22845548,True
100,26,673,1.5417499885e-02,2.8241539692e-01,0.16000,0.04385437,False
100,27,672,1.4370404424e-02,1.0525340451e+00,0.61000,0.15609260,True
100,28,671,3.5957683637e-02,5.5237009856e-01,0.41000,0.11148942,False
100,29,670,1.1552536856e-02,2.1429711690e+00,0.82000,0.20788813,True
100,30,669,3.9024393023e-02,4.2585352888e-01,0.32000,0.08975610,False
100,31,668,2.7658395425e-02,1.4004556450e+00,0.71000,0.18441460,True
100,32,667,4.9061609528e-02,5.9771897066e-01,0.51000,0.13976540,False
100,33,666,6.6256211517e-03,3.7494547138e+00,0.94000,0.23665641,True
100,34,665,1.8962975872e-02,3.8950102434e-01,0.19000,0.05224074,False
100,35,664,2.0784884732e-02,9.3602891474e-01,0.67000,0.17269622,False
100,36,663,3.6710542302e-02,6.2137352426e-01,0.43000,0.11667764,False
100,37,662,1.0522334598e-02,1.9658219976e+00,0.87000,0.22013058,True
100,38,661,2.3944337938e-02,4.5609099070e-01,0.24000,0.06598608,False
100,39,660,3.5819754372e-02,6.9499930815e-01,0.54000,0.14395494,False
100,40,659,1.9618164678e-02,1.4670506436e+00,0.80000,0.20490454,True
200,1,1444,9.3450646468e-03,4.4001285002e-01,0.19500,0.05108627,False
200,2,1443,2.4864521844e-03,1.5748242278e+00,0.73500,0.18437161,True
200,3,1442,1.7335597061e-02,5.2924406947e-01,0.31000,0.08183390,False
200,4,1441,3.1764782129e-02,6.9775659425e-01,0.57000,0.15044120,False
200,5,1440,6.1998999273e-03,1.9535506833e+00,0.85000,0.21404997,True
200,6,1439,1.0656700955e-02,5.9424714443e-01,0.15500,0.04141418,False
200,7,1438,3.4247242330e-02,5.1018168718e-01,0.41500,0.11231181,False
200,8,1437,1.5483541172e-02,1.6082228882e+00,0.80500,0.20512089,True
200,9,1436,3.4492861022e-02,3.9872425187e-01,0.27500,0.07737322,False
200,10,1435,3.1712881097e-02,1.0849838696e+00,0.68500,0.17917822,True
200,11,1434,4.8794063218e-02,6.4127301007e-01,0.51500,0.14094852,False
200,12,1433,2.9806343511e-04,7.8052708758e+00,0.96500,0.24132452,True
200,13,1432,6.5581528510e-04,6.7811071794e-01,0.03500,0.00891395,False
200,14,1431,2.2981010886e-02,4.6075324205e-01,0.33500,0.08949525,False
200,15,1430,2.9329529339e-02,8.4835182148e-01,0.60500,0.15858238,False
200,16,1429,3.5490245468e-03,1.9714245144e+00,0.88000,0.22088726,True
200,17,1428,5.2127694942e-03,6.1392314606e-01,0.09500,0.02505319,False
200,18,1427,2.0957722109e-02,5.3840797907e-01,0.43000,0.11273943,False
200,19,1426,1.0709666575e-02,1.2777471984e+00,0.76000,0.19267742,True
200,20,1425,2.0986588516e-02,5.8026115923e-01,0.25500,0.06899665,False
200,21,1424,3.8689003721e-02,6.6876552755e-01,0.56000,0.14967225,False
200,22,1423,3.7046734420e-03,2.6562907701e+00,0.93500,0.23467617,True
200,23,1422,9.0740702449e-03,4.9123086369e-01,0.31500,0.08101852,False
200,24,1421,5.7675517178e-03,1.1481614329e+00,0.72500,0.18269189,True
200,25,1420,2.0945955094e-02,4.4990858339e-01,0.22000,0.06023649,False
200,26,1419,3.2590279843e-02,6.7397850851e-01,0.50500,0.13439757,False
200,27,1418,1.3778398171e-02,1.9376887480e+00,0.82000,0.20844460,True
200,28,1417,3.2030270427e-02,5.0758526655e-01,0.38000,0.10300757,False
200,29,1416,3.9624262134e-02,8.3770270386e-01,0.62500,0.16615607,False
200,30,1415,1.0041775253e-02,2.2580314767e+00,0.91000,0.23001044,True
200,31,1414,1.1388546995e-02,7.1044653154e-01,0.15000,0.04034714,False
200,32,1413,2.7695074871e-02,5.4841922502e-01,0.46000,0.12192377,False
200,33,1412,1.9278864386e-02,1.2057325262e+00,0.77500,0.19856972,True
200,34,1411,2.7876436517e-02,6.2997783741e-01,0.30500,0.08321911,False
200,35,1410,4.2816611202e-02,7.1456417750e-01,0.58500,0.15695415,False
200,36,1409,1.8214427717e-05,6.7588520717e+00,0.98500,0.24625455,True
200,37,1408,2.3292579050e-05,7.8512399647e-01,0.00500,0.00125582,False
200,38,1407,4.8774350271e-03,5.2329798356e-01,0.36500,0.09246936,False
200,39,1406,3.5299078517e-03,1.0535429305e+00,0.71000,0.17838248,True
200,40,1405,1.5638622557e-02,5.3621409594e-01,0.25500,0.06765966,False
400,1,2875,6.4944995627e-04,1.5112766482e-01,0.03500,0.00891236,False
400,2,2874,2.2160586271e-03,8.0738683721e-01,0.55500,0.13930401,False
400,3,2873,1.7378167331e-02,5.1225649631e-01,0.24000,0.06434454,False
400,4,2872,1.0163905092e-02,1.2757341126e+00,0.73750,0.18691598,True
400,5,2871,2.7260804556e-02,5.4385826817e-01,0.37250,0.09994020,False
400,6,2870,2.5312862267e-03,1.9862934391e+00,0.87000,0.21813282,True
400,7,2869,1.4498114333e-02,3.6212759909e-01,0.17000,0.04612453,False
400,8,2868,1.3208813317e-02,1.0631134413e+00,0.60750,0.15517720,True
400,9,2867,3.5716445804e-02,5.5065884963e-01,0.42500,0.11517911,False
400,10,2866,1.3002356906e-02,1.7853571635e+00,0.83500,0.21200059,True
400,11,2865,3.0666974333e-02,4.1987981338e-01,0.28000,0.07766674,False
400,12,2864,2.6747923699e-02,1.1211205520e+00,0.69750,0.18106198,True
400,13,2863,4.3950397699e-02,6.2253525204e-01,0.49000,0.13348760,False
400,14,2862,6.1220915611e-06,4.3039246758e+00,0.96250,0.24062653,True
400,15,2861,2.6657510417e-03,3.7953925581e-01,0.07000,0.01816644,False
400,16,2860,2.2825062321e-02,4.1193473763e-01,0.35000,0.09320627,False
400,17,2859,2.2394832216e-02,1.0116856647e+00,0.63250,0.16372371,True
400,18,2858,1.2263920400e-02,1.2697901860e+00,0.81000,0.20556598,True
400,19,2857,1.7418102381e-02,6.7243507939e-01,0.25000,0.06685453,False
400,20,2856,3.2755271989e-02,6.3855101933e-01,0.52500,0.13943882,False
400,21,2855,2.4847227670e-03,2.1812703995e+00,0.92000,0.23062118,True
400,22,2854,5.8531015690e-03,4.5726716814e-01,0.10250,0.02708828,False
400,23,2853,1.6142774445e-02,5.6571617250e-01,0.45000,0.11653569,False
400,24,2852,1.3686922143e-02,1.0573980478e+00,0.71750,0.18279673,True
400,25,2851,2.7606012417e-02,5.5167248461e-01,0.30500,0.08315150,False
400,26,2850,4.2224598390e-02,7.1686109822e-01,0.59000,0.15805615,False
400,27,2849,1.0017891927e-02,2.4676623403e+00,0.89000,0.22500447,True
400,28,2848,1.6912335529e-02,5.3894079214e-01,0.19750,0.05360308,False
400,29,2847,4.3928503241e-02,4.5641452344e-01,0.39250,0.10910713,False
400,30,2846,2.2849801452e-02,1.9316954419e+00,0.77250,0.19883745,True
400,31,2845,4.3474608122e-02,6.2751582053e-01,0.55250,0.14899365,False
400,32,2844,3.4828574184e-04,3.8187913002e+00,0.97750,0.24446207,True
400,33,2843,4.2119801936e-03,5.0670638819e-01,0.32250,0.08167800,False
400,34,2842,6.9363657035e-03,9.3102268660e-01,0.66500,0.16798409,False
400,35,2841,1.2564101394e-02,6.1368238109e-01,0.14750,0.04001603,False
400,36,2840,3.7408720544e-02,5.4001926059e-01,0.47250,0.12747718,False
400,37,2839,6.8205941926e-03,2.3704601299e+00,0.84250,0.21233015,True
400,38,2838,2.5169288238e-02,4.4026249507e-01,0.22750,0.06316732,False
400,39,2837,1.6902651832e-02,1.3899305715e+00,0.74250,0.18985066,True
400,40,2836,3.5302085695e-02,5.2227682070e-01,0.38000,0.10382552,False
