K,pair,rounds_compared,selection_first_divergence,selection_divergent_rounds,rebound_flag_mismatches,rebound_mismatch_rounds,max_abs_d_diff
50,F_vs_exact,500,,0,41,3;6;8;10;13;16;18;20;23;27;28;30;33;36;39;43;46;48;52;53...,7.494e-16
50,F_vs_mp100,500,,0,200,3;4;6;8;9;10;13;15;16;18;19;20;22;23;24;26;27;30;32;37...,7.494e-16
50,F_vs_mp50,500,,0,205,3;5;6;8;9;10;12;16;17;18;19;21;24;25;28;30;31;35;36;37...,7.494e-16
50,mp100_vs_mp50,500,,0,,,
100,F_vs_exact,1000,,0,183,7;17;22;47;52;57;72;82;87;97;102;127;142;152;157;162;167;172;177;182...,1.860e-15
100,F_vs_mp100,1000,,0,118,7;12;37;42;52;62;67;72;77;87;97;107;122;127;142;157;167;172;187;197...,1.860e-15
100,F_vs_mp50,1000,,0,91,42;47;52;62;82;87;92;97;107;112;127;132;137;142;157;172;177;192;207;212...,1.860e-15
100,mp100_vs_mp50,1000,,0,,,
200,F_vs_exact,2000,,0,56,3;5;8;9;11;14;15;18;21;22;24;25;26;27;29;33;34;36;39;43...,1.971e-15
200,F_vs_mp100,2000,,0,398,3;7;8;15;17;18;20;21;24;27;30;33;34;35;36;38;39;40;42;43...,1.971e-15
200,F_vs_mp50,2000,,0,227,3;5;6;8;10;11;12;15;16;20;21;25;27;29;31;34;35;36;39;40...,1.971e-15
200,mp100_vs_mp50,2000,,0,,,
400,F_vs_exact,4000,,0,782,22;27;62;82;87;92;112;122;132;137;142;147;152;157;162;167;172;177;182;187...,5.218e-15
400,F_vs_mp100,4000,,0,679,7;12;22;32;52;62;67;77;87;92;97;107;112;127;132;137;147;162;167;177...,5.218e-15
400,F_vs_mp50,4000,,0,729,7;17;22;52;72;82;92;102;107;112;122;137;142;147;157;162;167;172;177;182...,5.218e-15
400,mp100_vs_mp50,4000,,0,,,
