t,s,d,e,moved,worst,R,boundary,tie_exact,invariant_exact_ok,s_bound_ok,rebound
0,25,0.25,0.1156,0.1875,-0.0896,0.211164157179581344105765699596033786265148733015056922511935,False,,,True,False
1,32,0.1604,0.026,0.2001,-0.023136,0.570106655765728938273440112973354639711620647367051915715931,False,,,True,False
2,41,0.137264,0.002864,0.239316,-0.002864,0.930408683752177158497138591689474993779547151032595172928589,False,,,True,False
3,42,0.1344,-1.58621364832228076454626534739408971676476178106318473850379e-116,0.2436,0.0,1.0,True,,,True,False
4,42,0.1344,-1.58621364832228076454626534739408971676476178106318473850379e-116,0.2436,0.0,1.0,True,,,True,True
5,42,0.1344,-3.17242729664456152909253069478817943352952356212636947700758e-117,0.2436,0.0,1.0,True,,,True,False
6,42,0.1344,-2.85518456698010537618327762530936149017657120591373252930682e-116,0.2436,7.93106824161140382273132673697044858382380890531592369251894e-118,1.0,True,,,True,False
7,42,0.1344,-2.85518456698010537618327762530936149017657120591373252930682e-116,0.2436,7.93106824161140382273132673697044858382380890531592369251894e-118,1.0,True,,,True,False
8,42,0.1344,-4.12415548563792998782028990322463326358838063076428032010985e-116,0.2436,0.0,1.0,True,,,True,False
9,42,0.1344,-5.39312640429575459945730218113990503700019005561482811091288e-116,0.2436,0.0,1.0,True,,,True,True
10,42,0.1344,-4.12415548563792998782028990322463326358838063076428032010985e-116,0.2436,0.0,1.0,True,,,True,False
11,42,0.1344,-4.12415548563792998782028990322463326358838063076428032010985e-116,0.2436,0.0,1.0,True,,,True,False
12,42,0.1344,-4.12415548563792998782028990322463326358838063076428032010985e-116,0.2436,0.0,1.0,True,,,True,False
13,42,0.1344,-4.12415548563792998782028990322463326358838063076428032010985e-116,0.2436,0.0,1.0,True,,,True,False
14,42,0.1344,-5.39312640429575459945730218113990503700019005561482811091288e-116,0.2436,0.0,1.0,True,,,True,False
15,42,0.1344,-5.39312640429575459945730218113990503700019005561482811091288e-116,0.2436,0.0,1.0,True,,,True,True
16,42,0.1344,-4.12415548563792998782028990322463326358838063076428032010985e-116,0.2436,0.0,1.0,True,,,True,False
17,42,0.1344,-4.12415548563792998782028990322463326358838063076428032010985e-116,0.2436,0.0,1.0,True,,,True,False
18,42,0.1344,-5.39312640429575459945730218113990503700019005561482811091288e-116,0.2436,0.0,1.0,True,,,True,False
19,42,0.1344,-6.66209732295357921109431445905517681041199948046537590171591e-116,0.2436,-7.93106824161140382273132673697044858382380890531592369251894e-118,1.0,True,,,True,True
20,42,0.1344,-5.39312640429575459945730218113990503700019005561482811091288e-116,0.2436,0.0,1.0,True,,,True,False
21,42,0.1344,-5.39312640429575459945730218113990503700019005561482811091288e-116,0.2436,0.0,1.0,True,,,True,False
22,42,0.1344,-5.39312640429575459945730218113990503700019005561482811091288e-116,0.2436,0.0,1.0,True,,,True,True
23,42,0.1344,-4.12415548563792998782028990322463326358838063076428032010985e-116,0.2436,0.0,1.0,True,,,True,False
24,42,0.1344,-5.39312640429575459945730218113990503700019005561482811091288e-116,0.2436,0.0,1.0,True,,,True,True
25,42,0.1344,-2.85518456698010537618327762530936149017657120591373252930682e-116,0.2436,7.93106824161140382273132673697044858382380890531592369251894e-118,1.0,True,,,True,False
26,42,0.1344,-5.39312640429575459945730218113990503700019005561482811091288e-116,0.2436,0.0,1.0,True,,,True,True
27,42,0.1344,-4.12415548563792998782028990322463326358838063076428032010985e-116,0.2436,0.0,1.0,True,,,True,False
28,42,0.1344,-5.39312640429575459945730218113990503700019005561482811091288e-116,0.2436,0.0,1.0,True,,,True,True
29,42,0.1344,-4.12415548563792998782028990322463326358838063076428032010985e-116,0.2436,0.0,1.0,True,,,True,False
30,42,0.1344,-5.39312640429575459945730218113990503700019005561482811091288e-116,0.2436,0.0,1.0,True,,,True,False
31,42,0.1344,-6.66209732295357921109431445905517681041199948046537590171591e-116,0.2436,-7.93106824161140382273132673697044858382380890531592369251894e-118,1.0,True,,,True,False
32,42,0.1344,-6.66209732295357921109431445905517681041199948046537590171591e-116,0.2436,-7.93106824161140382273132673697044858382380890531592369251894e-118,1.0,True,,,True,True
33,42,0.1344,-5.39312640429575459945730218113990503700019005561482811091288e-116,0.2436,0.0,1.0,True,,,True,True
34,42,0.1344,-4.12415548563792998782028990322463326358838063076428032010985e-116,0.2436,0.0,1.0,True,,,True,False
35,42,0.1344,-5.39312640429575459945730218113990503700019005561482811091288e-116,0.2436,0.0,1.0,True,,,True,False
36,42,0.1344,-6.66209732295357921109431445905517681041199948046537590171591e-116,0.2436,-7.93106824161140382273132673697044858382380890531592369251894e-118,1.0,True,,,True,True
37,42,0.1344,-5.39312640429575459945730218113990503700019005561482811091288e-116,0.2436,0.0,1.0,True,,,True,True
38,42,0.1344,-4.12415548563792998782028990322463326358838063076428032010985e-116,0.2436,0.0,1.0,True,,,True,False
39,42,0.1344,-6.66209732295357921109431445905517681041199948046537590171591e-116,0.2436,-7.93106824161140382273132673697044858382380890531592369251894e-118,1.0,True,,,True,True
40,42,0.1344,-5.39312640429575459945730218113990503700019005561482811091288e-116,0.2436,0.0,1.0,True,,,True,True
41,42,0.1344,-4.12415548563792998782028990322463326358838063076428032010985e-116,0.2436,0.0,1.0,True,,,True,False
42,42,0.1344,-4.12415548563792998782028990322463326358838063076428032010985e-116,0.2436,0.0,1.0,True,,,True,True
43,42,0.1344,-2.85518456698010537618327762530936149017657120591373252930682e-116,0.2436,7.93106824161140382273132673697044858382380890531592369251894e-118,1.0,True,,,True,False
44,42,0.1344,-4.12415548563792998782028990322463326358838063076428032010985e-116,0.2436,0.0,1.0,True,,,True,True
45,42,0.1344,-1.58621364832228076454626534739408971676476178106318473850379e-116,0.2436,0.0,1.0,True,,,True,False
46,42,0.1344,-4.12415548563792998782028990322463326358838063076428032010985e-116,0.2436,0.0,1.0,True,,,True,False
47,42,0.1344,-6.66209732295357921109431445905517681041199948046537590171591e-116,0.2436,-7.93106824161140382273132673697044858382380890531592369251894e-118,1.0,True,,,True,True
48,42,0.1344,-4.12415548563792998782028990322463326358838063076428032010985e-116,0.2436,0.0,1.0,True,,,True,True
49,42,0.1344,-2.85518456698010537618327762530936149017657120591373252930682e-116,0.2436,7.93106824161140382273132673697044858382380890531592369251894e-118,1.0,True,,,True,False
50,42,0.1344,-6.66209732295357921109431445905517681041199948046537590171591e-116,0.2436,-7.93106824161140382273132673697044858382380890531592369251894e-118,1.0,True,,,True,False
51,42,0.1344,-6.66209732295357921109431445905517681041199948046537590171591e-116,0.2436,-7.93106824161140382273132673697044858382380890531592369251894e-118,1.0,True,,,True,True
52,42,0.1344,-5.39312640429575459945730218113990503700019005561482811091288e-116,0.2436,0.0,1.0,True,,,True,True
53,42,0.1344,-2.85518456698010537618327762530936149017657120591373252930682e-116,0.2436,7.93106824161140382273132673697044858382380890531592369251894e-118,1.0,True,,,True,False
54,42,0.1344,-2.85518456698010537618327762530936149017657120591373252930682e-116,0.2436,7.93106824161140382273132673697044858382380890531592369251894e-118,1.0,True,,,True,False
55,42,0.1344,-7.93106824161140382273132673697044858382380890531592369251894e-116,0.2436,0.0,1.0,True,,,True,True
56,42,0.1344,-6.66209732295357921109431445905517681041199948046537590171591e-116,0.2436,-7.93106824161140382273132673697044858382380890531592369251894e-118,1.0,True,,,True,True
57,42,0.1344,-5.39312640429575459945730218113990503700019005561482811091288e-116,0.2436,0.0,1.0,True,,,True,False
58,42,0.1344,-5.39312640429575459945730218113990503700019005561482811091288e-116,0.2436,0.0,1.0,True,,,True,False
59,42,0.1344,-6.66209732295357921109431445905517681041199948046537590171591e-116,0.2436,-7.93106824161140382273132673697044858382380890531592369251894e-118,1.0,True,,,True,False
60,42,0.1344,-6.66209732295357921109431445905517681041199948046537590171591e-116,0.2436,-7.93106824161140382273132673697044858382380890531592369251894e-118,1.0,True,,,True,False
61,42,0.1344,-6.66209732295357921109431445905517681041199948046537590171591e-116,0.2436,-7.93106824161140382273132673697044858382380890531592369251894e-118,1.0,True,,,True,True
62,42,0.1344,-5.39312640429575459945730218113990503700019005561482811091288e-116,0.2436,0.0,1.0,True,,,True,False
63,42,0.1344,-6.66209732295357921109431445905517681041199948046537590171591e-116,0.2436,-7.93106824161140382273132673697044858382380890531592369251894e-118,1.0,True,,,True,True
64,42,0.1344,-5.39312640429575459945730218113990503700019005561482811091288e-116,0.2436,0.0,1.0,True,,,True,False
65,42,0.1344,-6.66209732295357921109431445905517681041199948046537590171591e-116,0.2436,-7.93106824161140382273132673697044858382380890531592369251894e-118,1.0,True,,,True,False
66,42,0.1344,-6.66209732295357921109431445905517681041199948046537590171591e-116,0.2436,-7.93106824161140382273132673697044858382380890531592369251894e-118,1.0,True,,,True,False
67,42,0.1344,-6.66209732295357921109431445905517681041199948046537590171591e-116,0.2436,-7.93106824161140382273132673697044858382380890531592369251894e-118,1.0,True,,,True,True
68,42,0.1344,-2.85518456698010537618327762530936149017657120591373252930682e-116,0.2436,7.93106824161140382273132673697044858382380890531592369251894e-118,1.0,True,,,True,False
69,42,0.1344,-2.85518456698010537618327762530936149017657120591373252930682e-116,0.2436,7.93106824161140382273132673697044858382380890531592369251894e-118,1.0,True,,,True,False
70,42,0.1344,-6.66209732295357921109431445905517681041199948046537590171591e-116,0.2436,-7.93106824161140382273132673697044858382380890531592369251894e-118,1.0,True,,,True,True
71,42,0.1344,-4.12415548563792998782028990322463326358838063076428032010985e-116,0.2436,0.0,1.0,True,,,True,False
72,42,0.1344,-7.93106824161140382273132673697044858382380890531592369251894e-116,0.2436,0.0,1.0,True,,,True,True
73,42,0.1344,-6.66209732295357921109431445905517681041199948046537590171591e-116,0.2436,-7.93106824161140382273132673697044858382380890531592369251894e-118,1.0,True,,,True,True
74,42,0.1344,-4.12415548563792998782028990322463326358838063076428032010985e-116,0.2436,0.0,1.0,True,,,True,False
75,42,0.1344,-6.66209732295357921109431445905517681041199948046537590171591e-116,0.2436,-7.93106824161140382273132673697044858382380890531592369251894e-118,1.0,True,,,True,False
76,42,0.1344,-6.66209732295357921109431445905517681041199948046537590171591e-116,0.2436,-7.93106824161140382273132673697044858382380890531592369251894e-118,1.0,True,,,True,True
77,42,0.1344,-4.12415548563792998782028990322463326358838063076428032010985e-116,0.2436,0.0,1.0,True,,,True,False
78,42,0.1344,-5.39312640429575459945730218113990503700019005561482811091288e-116,0.2436,0.0,1.0,True,,,True,False
79,42,0.1344,-5.39312640429575459945730218113990503700019005561482811091288e-116,0.2436,0.0,1.0,True,,,True,True
80,42,0.1344,-2.85518456698010537618327762530936149017657120591373252930682e-116,0.2436,7.93106824161140382273132673697044858382380890531592369251894e-118,1.0,True,,,True,False
81,42,0.1344,-4.12415548563792998782028990322463326358838063076428032010985e-116,0.2436,0.0,1.0,True,,,True,False
82,42,0.1344,-4.12415548563792998782028990322463326358838063076428032010985e-116,0.2436,0.0,1.0,True,,,True,True
83,42,0.1344,-1.58621364832228076454626534739408971676476178106318473850379e-116,0.2436,0.0,1.0,True,,,True,False
84,42,0.1344,-1.58621364832228076454626534739408971676476178106318473850379e-116,0.2436,0.0,1.0,True,,,True,False
85,42,0.1344,-1.58621364832228076454626534739408971676476178106318473850379e-116,0.2436,0.0,1.0,True,,,True,False
86,42,0.1344,-5.39312640429575459945730218113990503700019005561482811091288e-116,0.2436,0.0,1.0,True,,,True,True
87,42,0.1344,-2.85518456698010537618327762530936149017657120591373252930682e-116,0.2436,7.93106824161140382273132673697044858382380890531592369251894e-118,1.0,True,,,True,False
88,42,0.1344,-2.85518456698010537618327762530936149017657120591373252930682e-116,0.2436,7.93106824161140382273132673697044858382380890531592369251894e-118,1.0,True,,,True,False
89,42,0.1344,-2.85518456698010537618327762530936149017657120591373252930682e-116,0.2436,7.93106824161140382273132673697044858382380890531592369251894e-118,1.0,True,,,True,True
90,42,0.1344,-1.58621364832228076454626534739408971676476178106318473850379e-116,0.2436,0.0,1.0,True,,,True,False
91,42,0.1344,-5.39312640429575459945730218113990503700019005561482811091288e-116,0.2436,0.0,1.0,True,,,True,False
92,42,0.1344,-5.39312640429575459945730218113990503700019005561482811091288e-116,0.2436,0.0,1.0,True,,,True,True
93,42,0.1344,-2.85518456698010537618327762530936149017657120591373252930682e-116,0.2436,7.93106824161140382273132673697044858382380890531592369251894e-118,1.0,True,,,True,False
94,42,0.1344,-4.12415548563792998782028990322463326358838063076428032010985e-116,0.2436,0.0,1.0,True,,,True,True
95,42,0.1344,-2.85518456698010537618327762530936149017657120591373252930682e-116,0.2436,7.93106824161140382273132673697044858382380890531592369251894e-118,1.0,True,,,True,True
96,42,0.1344,-3.17242729664456152909253069478817943352952356212636947700758e-117,0.2436,0.0,1.0,True,,,True,False
97,42,0.1344,-4.12415548563792998782028990322463326358838063076428032010985e-116,0.2436,0.0,1.0,True,,,True,True
98,42,0.1344,-1.58621364832228076454626534739408971676476178106318473850379e-116,0.2436,0.0,1.0,True,,,True,True
99,42,0.1344,-3.17242729664456152909253069478817943352952356212636947700758e-117,0.2436,0.0,1.0,True,,,True,True
100,42,0.1344,2.2206991076511930703647714863517256034706664934884586339053e-116,0.2436,0.0,1.0,True,,,True,False
101,42,0.1344,-4.12415548563792998782028990322463326358838063076428032010985e-116,0.2436,0.0,1.0,True,,,True,True
102,42,0.1344,-2.85518456698010537618327762530936149017657120591373252930682e-116,0.2436,7.93106824161140382273132673697044858382380890531592369251894e-118,1.0,True,,,True,True
103,42,0.1344,-1.58621364832228076454626534739408971676476178106318473850379e-116,0.2436,0.0,1.0,True,,,True,True
104,42,0.1344,-3.17242729664456152909253069478817943352952356212636947700758e-117,0.2436,0.0,1.0,True,,,True,False
105,42,0.1344,-1.58621364832228076454626534739408971676476178106318473850379e-116,0.2436,0.0,1.0,True,,,True,False
106,42,0.1344,-1.58621364832228076454626534739408971676476178106318473850379e-116,0.2436,0.0,1.0,True,,,True,False
107,42,0.1344,-1.58621364832228076454626534739408971676476178106318473850379e-116,0.2436,0.0,1.0,True,,,True,False
108,42,0.1344,-1.58621364832228076454626534739408971676476178106318473850379e-116,0.2436,0.0,1.0,True,,,True,True
109,42,0.1344,-3.17242729664456152909253069478817943352952356212636947700758e-117,0.2436,0.0,1.0,True,,,True,False
110,42,0.1344,-4.12415548563792998782028990322463326358838063076428032010985e-116,0.2436,0.0,1.0,True,,,True,True
111,42,0.1344,-1.58621364832228076454626534739408971676476178106318473850379e-116,0.2436,0.0,1.0,True,,,True,False
112,42,0.1344,-1.58621364832228076454626534739408971676476178106318473850379e-116,0.2436,0.0,1.0,True,,,True,False
113,42,0.1344,-1.58621364832228076454626534739408971676476178106318473850379e-116,0.2436,0.0,1.0,True,,,True,False
114,42,0.1344,-2.85518456698010537618327762530936149017657120591373252930682e-116,0.2436,7.93106824161140382273132673697044858382380890531592369251894e-118,1.0,True,,,True,True
115,42,0.1344,-1.58621364832228076454626534739408971676476178106318473850379e-116,0.2436,0.0,1.0,True,,,True,False
116,42,0.1344,-1.58621364832228076454626534739408971676476178106318473850379e-116,0.2436,0.0,1.0,True,,,True,False
117,42,0.1344,-1.58621364832228076454626534739408971676476178106318473850379e-116,0.2436,0.0,1.0,True,,,True,True
118,42,0.1344,-3.17242729664456152909253069478817943352952356212636947700758e-117,0.2436,0.0,1.0,True,,,True,True
119,42,0.1344,9.51728188993368458727759208436453830058857068637910843102273e-117,0.2436,7.93106824161140382273132673697044858382380890531592369251894e-118,1.0,True,,,True,False
120,42,0.1344,-2.85518456698010537618327762530936149017657120591373252930682e-116,0.2436,7.93106824161140382273132673697044858382380890531592369251894e-118,1.0,True,,,True,True
121,42,0.1344,-3.17242729664456152909253069478817943352952356212636947700758e-117,0.2436,0.0,1.0,True,,,True,False
122,42,0.1344,-1.58621364832228076454626534739408971676476178106318473850379e-116,0.2436,0.0,1.0,True,,,True,False
123,42,0.1344,-2.85518456698010537618327762530936149017657120591373252930682e-116,0.2436,7.93106824161140382273132673697044858382380890531592369251894e-118,1.0,True,,,True,True
124,42,0.1344,-3.17242729664456152909253069478817943352952356212636947700758e-117,0.2436,0.0,1.0,True,,,True,False
125,42,0.1344,-3.17242729664456152909253069478817943352952356212636947700758e-117,0.2436,0.0,1.0,True,,,True,True
126,42,0.1344,9.51728188993368458727759208436453830058857068637910843102273e-117,0.2436,7.93106824161140382273132673697044858382380890531592369251894e-118,1.0,True,,,True,False
127,42,0.1344,-1.58621364832228076454626534739408971676476178106318473850379e-116,0.2436,0.0,1.0,True,,,True,False
128,42,0.1344,-1.58621364832228076454626534739408971676476178106318473850379e-116,0.2436,0.0,1.0,True,,,True,True
129,42,0.1344,9.51728188993368458727759208436453830058857068637910843102273e-117,0.2436,7.93106824161140382273132673697044858382380890531592369251894e-118,1.0,True,,,True,False
130,42,0.1344,9.51728188993368458727759208436453830058857068637910843102273e-117,0.2436,7.93106824161140382273132673697044858382380890531592369251894e-118,1.0,True,,,True,False
131,42,0.1344,9.51728188993368458727759208436453830058857068637910843102273e-117,0.2436,7.93106824161140382273132673697044858382380890531592369251894e-118,1.0,True,,,True,True
132,42,0.1344,2.2206991076511930703647714863517256034706664934884586339053e-116,0.2436,0.0,1.0,True,,,True,True
133,42,0.1344,3.48967002630901768200178376426699737688247591833900642470833e-116,0.2436,0.0,1.0,True,,,True,False
134,42,0.1344,9.51728188993368458727759208436453830058857068637910843102273e-117,0.2436,7.93106824161140382273132673697044858382380890531592369251894e-118,1.0,True,,,True,False
135,42,0.1344,9.51728188993368458727759208436453830058857068637910843102273e-117,0.2436,7.93106824161140382273132673697044858382380890531592369251894e-118,1.0,True,,,True,False
136,42,0.1344,9.51728188993368458727759208436453830058857068637910843102273e-117,0.2436,7.93106824161140382273132673697044858382380890531592369251894e-118,1.0,True,,,True,True
137,42,0.1344,2.2206991076511930703647714863517256034706664934884586339053e-116,0.2436,0.0,1.0,True,,,True,True
138,42,0.1344,3.48967002630901768200178376426699737688247591833900642470833e-116,0.2436,0.0,1.0,True,,,True,False
139,42,0.1344,2.2206991076511930703647714863517256034706664934884586339053e-116,0.2436,0.0,1.0,True,,,True,False
140,42,0.1344,9.51728188993368458727759208436453830058857068637910843102273e-117,0.2436,7.93106824161140382273132673697044858382380890531592369251894e-118,1.0,True,,,True,False
141,42,0.1344,9.51728188993368458727759208436453830058857068637910843102273e-117,0.2436,7.93106824161140382273132673697044858382380890531592369251894e-118,1.0,True,,,True,False
142,42,0.1344,-3.17242729664456152909253069478817943352952356212636947700758e-117,0.2436,0.0,1.0,True,,,True,True
143,42,0.1344,9.51728188993368458727759208436453830058857068637910843102273e-117,0.2436,7.93106824161140382273132673697044858382380890531592369251894e-118,1.0,True,,,True,False
144,42,0.1344,-1.58621364832228076454626534739408971676476178106318473850379e-116,0.2436,0.0,1.0,True,,,True,True
145,42,0.1344,-3.17242729664456152909253069478817943352952356212636947700758e-117,0.2436,0.0,1.0,True,,,True,True
146,42,0.1344,2.2206991076511930703647714863517256034706664934884586339053e-116,0.2436,0.0,1.0,True,,,True,False
147,42,0.1344,-1.58621364832228076454626534739408971676476178106318473850379e-116,0.2436,0.0,1.0,True,,,True,False
148,42,0.1344,-1.58621364832228076454626534739408971676476178106318473850379e-116,0.2436,0.0,1.0,True,,,True,False
149,42,0.1344,-2.85518456698010537618327762530936149017657120591373252930682e-116,0.2436,7.93106824161140382273132673697044858382380890531592369251894e-118,1.0,True,,,True,True
150,42,0.1344,9.51728188993368458727759208436453830058857068637910843102273e-117,0.2436,7.93106824161140382273132673697044858382380890531592369251894e-118,1.0,True,,,True,False
151,42,0.1344,-1.58621364832228076454626534739408971676476178106318473850379e-116,0.2436,0.0,1.0,True,,,True,False
152,42,0.1344,-1.58621364832228076454626534739408971676476178106318473850379e-116,0.2436,0.0,1.0,True,,,True,True
153,42,0.1344,9.51728188993368458727759208436453830058857068637910843102273e-117,0.2436,7.93106824161140382273132673697044858382380890531592369251894e-118,1.0,True,,,True,False
154,42,0.1344,-3.17242729664456152909253069478817943352952356212636947700758e-117,0.2436,0.0,1.0,True,,,True,True
155,42,0.1344,9.51728188993368458727759208436453830058857068637910843102273e-117,0.2436,7.93106824161140382273132673697044858382380890531592369251894e-118,1.0,True,,,True,False
156,42,0.1344,-3.17242729664456152909253069478817943352952356212636947700758e-117,0.2436,0.0,1.0,True,,,True,True
157,42,0.1344,2.2206991076511930703647714863517256034706664934884586339053e-116,0.2436,0.0,1.0,True,,,True,False
158,42,0.1344,9.51728188993368458727759208436453830058857068637910843102273e-117,0.2436,7.93106824161140382273132673697044858382380890531592369251894e-118,1.0,True,,,True,True
159,42,0.1344,3.48967002630901768200178376426699737688247591833900642470833e-116,0.2436,0.0,1.0,True,,,True,False
160,42,0.1344,3.48967002630901768200178376426699737688247591833900642470833e-116,0.2436,0.0,1.0,True,,,True,False
161,42,0.1344,3.48967002630901768200178376426699737688247591833900642470833e-116,0.2436,0.0,1.0,True,,,True,False
162,42,0.1344,2.2206991076511930703647714863517256034706664934884586339053e-116,0.2436,0.0,1.0,True,,,True,True
163,42,0.1344,3.48967002630901768200178376426699737688247591833900642470833e-116,0.2436,0.0,1.0,True,,,True,False
164,42,0.1344,2.2206991076511930703647714863517256034706664934884586339053e-116,0.2436,0.0,1.0,True,,,True,True
165,42,0.1344,3.48967002630901768200178376426699737688247591833900642470833e-116,0.2436,0.0,1.0,True,,,True,False
166,42,0.1344,9.51728188993368458727759208436453830058857068637910843102273e-117,0.2436,7.93106824161140382273132673697044858382380890531592369251894e-118,1.0,True,,,True,True
167,42,0.1344,3.48967002630901768200178376426699737688247591833900642470833e-116,0.2436,0.0,1.0,True,,,True,False
168,42,0.1344,2.2206991076511930703647714863517256034706664934884586339053e-116,0.2436,0.0,1.0,True,,,True,True
169,42,0.1344,6.02761186362466690527580832009754092370609476804010200631439e-116,0.2436,-7.93106824161140382273132673697044858382380890531592369251894e-118,1.0,True,,,True,False
170,42,0.1344,3.48967002630901768200178376426699737688247591833900642470833e-116,0.2436,0.0,1.0,True,,,True,False
171,42,0.1344,2.2206991076511930703647714863517256034706664934884586339053e-116,0.2436,0.0,1.0,True,,,True,False
172,42,0.1344,-3.17242729664456152909253069478817943352952356212636947700758e-117,0.2436,0.0,1.0,True,,,True,True
173,42,0.1344,3.48967002630901768200178376426699737688247591833900642470833e-116,0.2436,0.0,1.0,True,,,True,False
174,42,0.1344,9.51728188993368458727759208436453830058857068637910843102273e-117,0.2436,7.93106824161140382273132673697044858382380890531592369251894e-118,1.0,True,,,True,False
175,42,0.1344,9.51728188993368458727759208436453830058857068637910843102273e-117,0.2436,7.93106824161140382273132673697044858382380890531592369251894e-118,1.0,True,,,True,False
176,42,0.1344,9.51728188993368458727759208436453830058857068637910843102273e-117,0.2436,7.93106824161140382273132673697044858382380890531592369251894e-118,1.0,True,,,True,False
177,42,0.1344,9.51728188993368458727759208436453830058857068637910843102273e-117,0.2436,7.93106824161140382273132673697044858382380890531592369251894e-118,1.0,True,,,True,False
178,42,0.1344,9.51728188993368458727759208436453830058857068637910843102273e-117,0.2436,7.93106824161140382273132673697044858382380890531592369251894e-118,1.0,True,,,True,False
179,42,0.1344,-1.58621364832228076454626534739408971676476178106318473850379e-116,0.2436,0.0,1.0,True,,,True,True
180,42,0.1344,2.2206991076511930703647714863517256034706664934884586339053e-116,0.2436,0.0,1.0,True,,,True,False
181,42,0.1344,9.51728188993368458727759208436453830058857068637910843102273e-117,0.2436,7.93106824161140382273132673697044858382380890531592369251894e-118,1.0,True,,,True,True
182,42,0.1344,2.2206991076511930703647714863517256034706664934884586339053e-116,0.2436,0.0,1.0,True,,,True,True
183,42,0.1344,4.75864094496684229363879604218226915029428534318955421551136e-116,0.2436,7.93106824161140382273132673697044858382380890531592369251894e-118,1.0,True,,,True,False
184,42,0.1344,3.48967002630901768200178376426699737688247591833900642470833e-116,0.2436,0.0,1.0,True,,,True,True
185,42,0.1344,4.75864094496684229363879604218226915029428534318955421551136e-116,0.2436,7.93106824161140382273132673697044858382380890531592369251894e-118,1.0,True,,,True,False
186,42,0.1344,3.48967002630901768200178376426699737688247591833900642470833e-116,0.2436,0.0,1.0,True,,,True,True
187,42,0.1344,4.75864094496684229363879604218226915029428534318955421551136e-116,0.2436,7.93106824161140382273132673697044858382380890531592369251894e-118,1.0,True,,,True,True
188,42,0.1344,6.02761186362466690527580832009754092370609476804010200631439e-116,0.2436,-7.93106824161140382273132673697044858382380890531592369251894e-118,1.0,True,,,True,False
189,42,0.1344,3.48967002630901768200178376426699737688247591833900642470833e-116,0.2436,0.0,1.0,True,,,True,True
190,42,0.1344,4.75864094496684229363879604218226915029428534318955421551136e-116,0.2436,7.93106824161140382273132673697044858382380890531592369251894e-118,1.0,True,,,True,False
191,42,0.1344,4.75864094496684229363879604218226915029428534318955421551136e-116,0.2436,7.93106824161140382273132673697044858382380890531592369251894e-118,1.0,True,,,True,True
192,42,0.1344,6.02761186362466690527580832009754092370609476804010200631439e-116,0.2436,-7.93106824161140382273132673697044858382380890531592369251894e-118,1.0,True,,,True,False
193,42,0.1344,4.75864094496684229363879604218226915029428534318955421551136e-116,0.2436,7.93106824161140382273132673697044858382380890531592369251894e-118,1.0,True,,,True,False
194,42,0.1344,4.75864094496684229363879604218226915029428534318955421551136e-116,0.2436,7.93106824161140382273132673697044858382380890531592369251894e-118,1.0,True,,,True,True
195,42,0.1344,6.02761186362466690527580832009754092370609476804010200631439e-116,0.2436,-7.93106824161140382273132673697044858382380890531592369251894e-118,1.0,True,,,True,True
196,42,0.1344,7.29658278228249151691282059801281269711790419289064979711742e-116,0.2436,0.0,1.0,True,,,True,False
197,42,0.1344,4.75864094496684229363879604218226915029428534318955421551136e-116,0.2436,7.93106824161140382273132673697044858382380890531592369251894e-118,1.0,True,,,True,True
198,42,0.1344,7.29658278228249151691282059801281269711790419289064979711742e-116,0.2436,0.0,1.0,True,,,True,False
199,42,0.1344,4.75864094496684229363879604218226915029428534318955421551136e-116,0.2436,7.93106824161140382273132673697044858382380890531592369251894e-118,1.0,True,,,True,True
200,42,0.1344,6.02761186362466690527580832009754092370609476804010200631439e-116,0.2436,-7.93106824161140382273132673697044858382380890531592369251894e-118,1.0,True,,,True,False
201,42,0.1344,6.02761186362466690527580832009754092370609476804010200631439e-116,0.2436,-7.93106824161140382273132673697044858382380890531592369251894e-118,1.0,True,,,True,False
202,42,0.1344,4.75864094496684229363879604218226915029428534318955421551136e-116,0.2436,7.93106824161140382273132673697044858382380890531592369251894e-118,1.0,True,,,True,True
203,42,0.1344,6.02761186362466690527580832009754092370609476804010200631439e-116,0.2436,-7.93106824161140382273132673697044858382380890531592369251894e-118,1.0,True,,,True,True
204,42,0.1344,7.29658278228249151691282059801281269711790419289064979711742e-116,0.2436,0.0,1.0,True,,,True,False
205,42,0.1344,4.75864094496684229363879604218226915029428534318955421551136e-116,0.2436,7.93106824161140382273132673697044858382380890531592369251894e-118,1.0,True,,,True,True
206,42,0.1344,6.02761186362466690527580832009754092370609476804010200631439e-116,0.2436,-7.93106824161140382273132673697044858382380890531592369251894e-118,1.0,True,,,True,True
207,42,0.1344,7.29658278228249151691282059801281269711790419289064979711742e-116,0.2436,0.0,1.0,True,,,True,False
208,42,0.1344,6.02761186362466690527580832009754092370609476804010200631439e-116,0.2436,-7.93106824161140382273132673697044858382380890531592369251894e-118,1.0,True,,,True,False
209,42,0.1344,6.02761186362466690527580832009754092370609476804010200631439e-116,0.2436,-7.93106824161140382273132673697044858382380890531592369251894e-118,1.0,True,,,True,True
210,42,0.1344,7.29658278228249151691282059801281269711790419289064979711742e-116,0.2436,0.0,1.0,True,,,True,False
211,42,0.1344,7.29658278228249151691282059801281269711790419289064979711742e-116,0.2436,0.0,1.0,True,,,True,False
212,42,0.1344,7.29658278228249151691282059801281269711790419289064979711742e-116,0.2436,0.0,1.0,True,,,True,False
213,42,0.1344,4.75864094496684229363879604218226915029428534318955421551136e-116,0.2436,7.93106824161140382273132673697044858382380890531592369251894e-118,1.0,True,,,True,True
214,42,0.1344,7.29658278228249151691282059801281269711790419289064979711742e-116,0.2436,0.0,1.0,True,,,True,False
215,42,0.1344,7.29658278228249151691282059801281269711790419289064979711742e-116,0.2436,0.0,1.0,True,,,True,False
216,42,0.1344,6.02761186362466690527580832009754092370609476804010200631439e-116,0.2436,-7.93106824161140382273132673697044858382380890531592369251894e-118,1.0,True,,,True,False
217,42,0.1344,4.75864094496684229363879604218226915029428534318955421551136e-116,0.2436,7.93106824161140382273132673697044858382380890531592369251894e-118,1.0,True,,,True,True
218,42,0.1344,6.02761186362466690527580832009754092370609476804010200631439e-116,0.2436,-7.93106824161140382273132673697044858382380890531592369251894e-118,1.0,True,,,True,True
219,42,0.1344,7.29658278228249151691282059801281269711790419289064979711742e-116,0.2436,0.0,1.0,True,,,True,False
220,42,0.1344,7.29658278228249151691282059801281269711790419289064979711742e-116,0.2436,0.0,1.0,True,,,True,False
221,42,0.1344,6.02761186362466690527580832009754092370609476804010200631439e-116,0.2436,-7.93106824161140382273132673697044858382380890531592369251894e-118,1.0,True,,,True,False
222,42,0.1344,6.02761186362466690527580832009754092370609476804010200631439e-116,0.2436,-7.93106824161140382273132673697044858382380890531592369251894e-118,1.0,True,,,True,True
223,42,0.1344,8.56555370094031612854983287592808447052971361774119758792045e-116,0.2436,7.93106824161140382273132673697044858382380890531592369251894e-118,1.0,True,,,True,False
224,42,0.1344,6.02761186362466690527580832009754092370609476804010200631439e-116,0.2436,-7.93106824161140382273132673697044858382380890531592369251894e-118,1.0,True,,,True,False
225,42,0.1344,6.02761186362466690527580832009754092370609476804010200631439e-116,0.2436,-7.93106824161140382273132673697044858382380890531592369251894e-118,1.0,True,,,True,True
226,42,0.1344,7.29658278228249151691282059801281269711790419289064979711742e-116,0.2436,0.0,1.0,True,,,True,True
227,42,0.1344,8.56555370094031612854983287592808447052971361774119758792045e-116,0.2436,7.93106824161140382273132673697044858382380890531592369251894e-118,1.0,True,,,True,False
228,42,0.1344,7.29658278228249151691282059801281269711790419289064979711742e-116,0.2436,0.0,1.0,True,,,True,False
229,42,0.1344,6.02761186362466690527580832009754092370609476804010200631439e-116,0.2436,-7.93106824161140382273132673697044858382380890531592369251894e-118,1.0,True,,,True,True
230,42,0.1344,7.29658278228249151691282059801281269711790419289064979711742e-116,0.2436,0.0,1.0,True,,,True,False
231,42,0.1344,6.02761186362466690527580832009754092370609476804010200631439e-116,0.2436,-7.93106824161140382273132673697044858382380890531592369251894e-118,1.0,True,,,True,False
232,42,0.1344,6.02761186362466690527580832009754092370609476804010200631439e-116,0.2436,-7.93106824161140382273132673697044858382380890531592369251894e-118,1.0,True,,,True,False
233,42,0.1344,6.02761186362466690527580832009754092370609476804010200631439e-116,0.2436,-7.93106824161140382273132673697044858382380890531592369251894e-118,1.0,True,,,True,False
234,42,0.1344,6.02761186362466690527580832009754092370609476804010200631439e-116,0.2436,-7.93106824161140382273132673697044858382380890531592369251894e-118,1.0,True,,,True,False
235,42,0.1344,3.48967002630901768200178376426699737688247591833900642470833e-116,0.2436,0.0,1.0,True,,,True,True
236,42,0.1344,4.75864094496684229363879604218226915029428534318955421551136e-116,0.2436,7.93106824161140382273132673697044858382380890531592369251894e-118,1.0,True,,,True,False
237,42,0.1344,3.48967002630901768200178376426699737688247591833900642470833e-116,0.2436,0.0,1.0,True,,,True,True
238,42,0.1344,4.75864094496684229363879604218226915029428534318955421551136e-116,0.2436,7.93106824161140382273132673697044858382380890531592369251894e-118,1.0,True,,,True,True
239,42,0.1344,6.02761186362466690527580832009754092370609476804010200631439e-116,0.2436,-7.93106824161140382273132673697044858382380890531592369251894e-118,1.0,True,,,True,False
240,42,0.1344,4.75864094496684229363879604218226915029428534318955421551136e-116,0.2436,7.93106824161140382273132673697044858382380890531592369251894e-118,1.0,True,,,True,False
241,42,0.1344,4.75864094496684229363879604218226915029428534318955421551136e-116,0.2436,7.93106824161140382273132673697044858382380890531592369251894e-118,1.0,True,,,True,False
242,42,0.1344,4.75864094496684229363879604218226915029428534318955421551136e-116,0.2436,7.93106824161140382273132673697044858382380890531592369251894e-118,1.0,True,,,True,False
243,42,0.1344,3.48967002630901768200178376426699737688247591833900642470833e-116,0.2436,0.0,1.0,True,,,True,True
244,42,0.1344,4.75864094496684229363879604218226915029428534318955421551136e-116,0.2436,7.93106824161140382273132673697044858382380890531592369251894e-118,1.0,True,,,True,False
245,42,0.1344,3.48967002630901768200178376426699737688247591833900642470833e-116,0.2436,0.0,1.0,True,,,True,True
246,42,0.1344,4.75864094496684229363879604218226915029428534318955421551136e-116,0.2436,7.93106824161140382273132673697044858382380890531592369251894e-118,1.0,True,,,True,False
247,42,0.1344,4.75864094496684229363879604218226915029428534318955421551136e-116,0.2436,7.93106824161140382273132673697044858382380890531592369251894e-118,1.0,True,,,True,True
248,42,0.1344,6.02761186362466690527580832009754092370609476804010200631439e-116,0.2436,-7.93106824161140382273132673697044858382380890531592369251894e-118,1.0,True,,,True,False
249,42,0.1344,3.48967002630901768200178376426699737688247591833900642470833e-116,0.2436,0.0,1.0,True,,,True,False
250,42,0.1344,3.48967002630901768200178376426699737688247591833900642470833e-116,0.2436,0.0,1.0,True,,,True,False
251,42,0.1344,2.2206991076511930703647714863517256034706664934884586339053e-116,0.2436,0.0,1.0,True,,,True,True
252,42,0.1344,3.48967002630901768200178376426699737688247591833900642470833e-116,0.2436,0.0,1.0,True,,,True,True
253,42,0.1344,4.75864094496684229363879604218226915029428534318955421551136e-116,0.2436,7.93106824161140382273132673697044858382380890531592369251894e-118,1.0,True,,,True,False
254,42,0.1344,9.51728188993368458727759208436453830058857068637910843102273e-117,0.2436,7.93106824161140382273132673697044858382380890531592369251894e-118,1.0,True,,,True,False
255,42,0.1344,9.51728188993368458727759208436453830058857068637910843102273e-117,0.2436,7.93106824161140382273132673697044858382380890531592369251894e-118,1.0,True,,,True,True
256,42,0.1344,6.02761186362466690527580832009754092370609476804010200631439e-116,0.2436,-7.93106824161140382273132673697044858382380890531592369251894e-118,1.0,True,,,True,False
257,42,0.1344,3.48967002630901768200178376426699737688247591833900642470833e-116,0.2436,0.0,1.0,True,,,True,True
258,42,0.1344,4.75864094496684229363879604218226915029428534318955421551136e-116,0.2436,7.93106824161140382273132673697044858382380890531592369251894e-118,1.0,True,,,True,True
259,42,0.1344,6.02761186362466690527580832009754092370609476804010200631439e-116,0.2436,-7.93106824161140382273132673697044858382380890531592369251894e-118,1.0,True,,,True,False
260,42,0.1344,2.2206991076511930703647714863517256034706664934884586339053e-116,0.2436,0.0,1.0,True,,,True,True
261,42,0.1344,4.75864094496684229363879604218226915029428534318955421551136e-116,0.2436,7.93106824161140382273132673697044858382380890531592369251894e-118,1.0,True,,,True,False
262,42,0.1344,3.48967002630901768200178376426699737688247591833900642470833e-116,0.2436,0.0,1.0,True,,,True,True
263,42,0.1344,6.02761186362466690527580832009754092370609476804010200631439e-116,0.2436,-7.93106824161140382273132673697044858382380890531592369251894e-118,1.0,True,,,True,False
264,42,0.1344,2.2206991076511930703647714863517256034706664934884586339053e-116,0.2436,0.0,1.0,True,,,True,False
265,42,0.1344,2.2206991076511930703647714863517256034706664934884586339053e-116,0.2436,0.0,1.0,True,,,True,True
266,42,0.1344,3.48967002630901768200178376426699737688247591833900642470833e-116,0.2436,0.0,1.0,True,,,True,False
267,42,0.1344,2.2206991076511930703647714863517256034706664934884586339053e-116,0.2436,0.0,1.0,True,,,True,True
268,42,0.1344,3.48967002630901768200178376426699737688247591833900642470833e-116,0.2436,0.0,1.0,True,,,True,False
269,42,0.1344,3.48967002630901768200178376426699737688247591833900642470833e-116,0.2436,0.0,1.0,True,,,True,False
270,42,0.1344,2.2206991076511930703647714863517256034706664934884586339053e-116,0.2436,0.0,1.0,True,,,True,False
271,42,0.1344,2.2206991076511930703647714863517256034706664934884586339053e-116,0.2436,0.0,1.0,True,,,True,False
272,42,0.1344,2.2206991076511930703647714863517256034706664934884586339053e-116,0.2436,0.0,1.0,True,,,True,False
273,42,0.1344,-1.58621364832228076454626534739408971676476178106318473850379e-116,0.2436,0.0,1.0,True,,,True,True
274,42,0.1344,9.51728188993368458727759208436453830058857068637910843102273e-117,0.2436,7.93106824161140382273132673697044858382380890531592369251894e-118,1.0,True,,,True,False
275,42,0.1344,-3.17242729664456152909253069478817943352952356212636947700758e-117,0.2436,0.0,1.0,True,,,True,True
276,42,0.1344,9.51728188993368458727759208436453830058857068637910843102273e-117,0.2436,7.93106824161140382273132673697044858382380890531592369251894e-118,1.0,True,,,True,False
277,42,0.1344,-1.58621364832228076454626534739408971676476178106318473850379e-116,0.2436,0.0,1.0,True,,,True,False
278,42,0.1344,-1.58621364832228076454626534739408971676476178106318473850379e-116,0.2436,0.0,1.0,True,,,True,True
279,42,0.1344,9.51728188993368458727759208436453830058857068637910843102273e-117,0.2436,7.93106824161140382273132673697044858382380890531592369251894e-118,1.0,True,,,True,False
280,42,0.1344,-1.58621364832228076454626534739408971676476178106318473850379e-116,0.2436,0.0,1.0,True,,,True,True
281,42,0.1344,9.51728188993368458727759208436453830058857068637910843102273e-117,0.2436,7.93106824161140382273132673697044858382380890531592369251894e-118,1.0,True,,,True,False
282,42,0.1344,9.51728188993368458727759208436453830058857068637910843102273e-117,0.2436,7.93106824161140382273132673697044858382380890531592369251894e-118,1.0,True,,,True,False
283,42,0.1344,-3.17242729664456152909253069478817943352952356212636947700758e-117,0.2436,0.0,1.0,True,,,True,False
284,42,0.1344,-3.17242729664456152909253069478817943352952356212636947700758e-117,0.2436,0.0,1.0,True,,,True,False
285,42,0.1344,-3.17242729664456152909253069478817943352952356212636947700758e-117,0.2436,0.0,1.0,True,,,True,False
286,42,0.1344,-3.17242729664456152909253069478817943352952356212636947700758e-117,0.2436,0.0,1.0,True,,,True,False
287,42,0.1344,-1.58621364832228076454626534739408971676476178106318473850379e-116,0.2436,0.0,1.0,True,,,True,True
288,42,0.1344,2.2206991076511930703647714863517256034706664934884586339053e-116,0.2436,0.0,1.0,True,,,True,False
289,42,0.1344,9.51728188993368458727759208436453830058857068637910843102273e-117,0.2436,7.93106824161140382273132673697044858382380890531592369251894e-118,1.0,True,,,True,False
290,42,0.1344,9.51728188993368458727759208436453830058857068637910843102273e-117,0.2436,7.93106824161140382273132673697044858382380890531592369251894e-118,1.0,True,,,True,False
291,42,0.1344,9.51728188993368458727759208436453830058857068637910843102273e-117,0.2436,7.93106824161140382273132673697044858382380890531592369251894e-118,1.0,True,,,True,False
292,42,0.1344,9.51728188993368458727759208436453830058857068637910843102273e-117,0.2436,7.93106824161140382273132673697044858382380890531592369251894e-118,1.0,True,,,True,False
293,42,0.1344,-1.58621364832228076454626534739408971676476178106318473850379e-116,0.2436,0.0,1.0,True,,,True,True
294,42,0.1344,3.48967002630901768200178376426699737688247591833900642470833e-116,0.2436,0.0,1.0,True,,,True,False
295,42,0.1344,9.51728188993368458727759208436453830058857068637910843102273e-117,0.2436,7.93106824161140382273132673697044858382380890531592369251894e-118,1.0,True,,,True,False
296,42,0.1344,-3.17242729664456152909253069478817943352952356212636947700758e-117,0.2436,0.0,1.0,True,,,True,False
297,42,0.1344,-2.85518456698010537618327762530936149017657120591373252930682e-116,0.2436,7.93106824161140382273132673697044858382380890531592369251894e-118,1.0,True,,,True,False
298,42,0.1344,-2.85518456698010537618327762530936149017657120591373252930682e-116,0.2436,7.93106824161140382273132673697044858382380890531592369251894e-118,1.0,True,,,True,True
299,42,0.1344,-1.58621364832228076454626534739408971676476178106318473850379e-116,0.2436,0.0,1.0,True,,,True,True
300,42,0.1344,-3.17242729664456152909253069478817943352952356212636947700758e-117,0.2436,0.0,1.0,True,,,True,False
301,42,0.1344,-2.85518456698010537618327762530936149017657120591373252930682e-116,0.2436,7.93106824161140382273132673697044858382380890531592369251894e-118,1.0,True,,,True,True
302,42,0.1344,-1.58621364832228076454626534739408971676476178106318473850379e-116,0.2436,0.0,1.0,True,,,True,False
303,42,0.1344,-1.58621364832228076454626534739408971676476178106318473850379e-116,0.2436,0.0,1.0,True,,,True,False
304,42,0.1344,-1.58621364832228076454626534739408971676476178106318473850379e-116,0.2436,0.0,1.0,True,,,True,True
305,42,0.1344,-3.17242729664456152909253069478817943352952356212636947700758e-117,0.2436,0.0,1.0,True,,,True,True
306,42,0.1344,9.51728188993368458727759208436453830058857068637910843102273e-117,0.2436,7.93106824161140382273132673697044858382380890531592369251894e-118,1.0,True,,,True,False
307,42,0.1344,-3.17242729664456152909253069478817943352952356212636947700758e-117,0.2436,0.0,1.0,True,,,True,False
308,42,0.1344,-1.58621364832228076454626534739408971676476178106318473850379e-116,0.2436,0.0,1.0,True,,,True,True
309,42,0.1344,-3.17242729664456152909253069478817943352952356212636947700758e-117,0.2436,0.0,1.0,True,,,True,False
310,42,0.1344,-1.58621364832228076454626534739408971676476178106318473850379e-116,0.2436,0.0,1.0,True,,,True,True
311,42,0.1344,-3.17242729664456152909253069478817943352952356212636947700758e-117,0.2436,0.0,1.0,True,,,True,True
312,42,0.1344,9.51728188993368458727759208436453830058857068637910843102273e-117,0.2436,7.93106824161140382273132673697044858382380890531592369251894e-118,1.0,True,,,True,False
313,42,0.1344,9.51728188993368458727759208436453830058857068637910843102273e-117,0.2436,7.93106824161140382273132673697044858382380890531592369251894e-118,1.0,True,,,True,False
314,42,0.1344,-1.58621364832228076454626534739408971676476178106318473850379e-116,0.2436,0.0,1.0,True,,,True,False
315,42,0.1344,-2.85518456698010537618327762530936149017657120591373252930682e-116,0.2436,7.93106824161140382273132673697044858382380890531592369251894e-118,1.0,True,,,True,False
316,42,0.1344,-2.85518456698010537618327762530936149017657120591373252930682e-116,0.2436,7.93106824161140382273132673697044858382380890531592369251894e-118,1.0,True,,,True,True
317,42,0.1344,-3.17242729664456152909253069478817943352952356212636947700758e-117,0.2436,0.0,1.0,True,,,True,False
318,42,0.1344,-3.17242729664456152909253069478817943352952356212636947700758e-117,0.2436,0.0,1.0,True,,,True,True
319,42,0.1344,9.51728188993368458727759208436453830058857068637910843102273e-117,0.2436,7.93106824161140382273132673697044858382380890531592369251894e-118,1.0,True,,,True,False
320,42,0.1344,-1.58621364832228076454626534739408971676476178106318473850379e-116,0.2436,0.0,1.0,True,,,True,False
321,42,0.1344,-1.58621364832228076454626534739408971676476178106318473850379e-116,0.2436,0.0,1.0,True,,,True,True
322,42,0.1344,-3.17242729664456152909253069478817943352952356212636947700758e-117,0.2436,0.0,1.0,True,,,True,True
323,42,0.1344,9.51728188993368458727759208436453830058857068637910843102273e-117,0.2436,7.93106824161140382273132673697044858382380890531592369251894e-118,1.0,True,,,True,False
324,42,0.1344,-3.17242729664456152909253069478817943352952356212636947700758e-117,0.2436,0.0,1.0,True,,,True,False
325,42,0.1344,-1.58621364832228076454626534739408971676476178106318473850379e-116,0.2436,0.0,1.0,True,,,True,True
326,42,0.1344,9.51728188993368458727759208436453830058857068637910843102273e-117,0.2436,7.93106824161140382273132673697044858382380890531592369251894e-118,1.0,True,,,True,False
327,42,0.1344,-3.17242729664456152909253069478817943352952356212636947700758e-117,0.2436,0.0,1.0,True,,,True,False
328,42,0.1344,-3.17242729664456152909253069478817943352952356212636947700758e-117,0.2436,0.0,1.0,True,,,True,False
329,42,0.1344,-1.58621364832228076454626534739408971676476178106318473850379e-116,0.2436,0.0,1.0,True,,,True,True
330,42,0.1344,-3.17242729664456152909253069478817943352952356212636947700758e-117,0.2436,0.0,1.0,True,,,True,False
331,42,0.1344,-3.17242729664456152909253069478817943352952356212636947700758e-117,0.2436,0.0,1.0,True,,,True,True
332,42,0.1344,9.51728188993368458727759208436453830058857068637910843102273e-117,0.2436,7.93106824161140382273132673697044858382380890531592369251894e-118,1.0,True,,,True,False
333,42,0.1344,-1.58621364832228076454626534739408971676476178106318473850379e-116,0.2436,0.0,1.0,True,,,True,False
334,42,0.1344,-4.12415548563792998782028990322463326358838063076428032010985e-116,0.2436,0.0,1.0,True,,,True,True
335,42,0.1344,-2.85518456698010537618327762530936149017657120591373252930682e-116,0.2436,7.93106824161140382273132673697044858382380890531592369251894e-118,1.0,True,,,True,True
336,42,0.1344,-1.58621364832228076454626534739408971676476178106318473850379e-116,0.2436,0.0,1.0,True,,,True,True
337,42,0.1344,-3.17242729664456152909253069478817943352952356212636947700758e-117,0.2436,0.0,1.0,True,,,True,False
338,42,0.1344,-3.17242729664456152909253069478817943352952356212636947700758e-117,0.2436,0.0,1.0,True,,,True,False
339,42,0.1344,-1.58621364832228076454626534739408971676476178106318473850379e-116,0.2436,0.0,1.0,True,,,True,True
340,42,0.1344,9.51728188993368458727759208436453830058857068637910843102273e-117,0.2436,7.93106824161140382273132673697044858382380890531592369251894e-118,1.0,True,,,True,False
341,42,0.1344,-1.58621364832228076454626534739408971676476178106318473850379e-116,0.2436,0.0,1.0,True,,,True,True
342,42,0.1344,-3.17242729664456152909253069478817943352952356212636947700758e-117,0.2436,0.0,1.0,True,,,True,False
343,42,0.1344,-1.58621364832228076454626534739408971676476178106318473850379e-116,0.2436,0.0,1.0,True,,,True,True
344,42,0.1344,9.51728188993368458727759208436453830058857068637910843102273e-117,0.2436,7.93106824161140382273132673697044858382380890531592369251894e-118,1.0,True,,,True,False
345,42,0.1344,-3.17242729664456152909253069478817943352952356212636947700758e-117,0.2436,0.0,1.0,True,,,True,True
346,42,0.1344,9.51728188993368458727759208436453830058857068637910843102273e-117,0.2436,7.93106824161140382273132673697044858382380890531592369251894e-118,1.0,True,,,True,False
347,42,0.1344,-3.17242729664456152909253069478817943352952356212636947700758e-117,0.2436,0.0,1.0,True,,,True,False
348,42,0.1344,-1.58621364832228076454626534739408971676476178106318473850379e-116,0.2436,0.0,1.0,True,,,True,False
349,42,0.1344,-1.58621364832228076454626534739408971676476178106318473850379e-116,0.2436,0.0,1.0,True,,,True,True
350,42,0.1344,-3.17242729664456152909253069478817943352952356212636947700758e-117,0.2436,0.0,1.0,True,,,True,False
351,42,0.1344,-3.17242729664456152909253069478817943352952356212636947700758e-117,0.2436,0.0,1.0,True,,,True,True
352,42,0.1344,2.2206991076511930703647714863517256034706664934884586339053e-116,0.2436,0.0,1.0,True,,,True,False
353,42,0.1344,9.51728188993368458727759208436453830058857068637910843102273e-117,0.2436,7.93106824161140382273132673697044858382380890531592369251894e-118,1.0,True,,,True,False
354,42,0.1344,-3.17242729664456152909253069478817943352952356212636947700758e-117,0.2436,0.0,1.0,True,,,True,False
355,42,0.1344,-3.17242729664456152909253069478817943352952356212636947700758e-117,0.2436,0.0,1.0,True,,,True,True
356,42,0.1344,9.51728188993368458727759208436453830058857068637910843102273e-117,0.2436,7.93106824161140382273132673697044858382380890531592369251894e-118,1.0,True,,,True,False
357,42,0.1344,9.51728188993368458727759208436453830058857068637910843102273e-117,0.2436,7.93106824161140382273132673697044858382380890531592369251894e-118,1.0,True,,,True,True
358,42,0.1344,2.2206991076511930703647714863517256034706664934884586339053e-116,0.2436,0.0,1.0,True,,,True,True
359,42,0.1344,3.48967002630901768200178376426699737688247591833900642470833e-116,0.2436,0.0,1.0,True,,,True,False
360,42,0.1344,3.48967002630901768200178376426699737688247591833900642470833e-116,0.2436,0.0,1.0,True,,,True,False
361,42,0.1344,-3.17242729664456152909253069478817943352952356212636947700758e-117,0.2436,0.0,1.0,True,,,True,True
362,42,0.1344,2.2206991076511930703647714863517256034706664934884586339053e-116,0.2436,0.0,1.0,True,,,True,True
363,42,0.1344,3.48967002630901768200178376426699737688247591833900642470833e-116,0.2436,0.0,1.0,True,,,True,False
364,42,0.1344,2.2206991076511930703647714863517256034706664934884586339053e-116,0.2436,0.0,1.0,True,,,True,False
365,42,0.1344,-3.17242729664456152909253069478817943352952356212636947700758e-117,0.2436,0.0,1.0,True,,,True,True
366,42,0.1344,2.2206991076511930703647714863517256034706664934884586339053e-116,0.2436,0.0,1.0,True,,,True,False
367,42,0.1344,9.51728188993368458727759208436453830058857068637910843102273e-117,0.2436,7.93106824161140382273132673697044858382380890531592369251894e-118,1.0,True,,,True,True
368,42,0.1344,3.48967002630901768200178376426699737688247591833900642470833e-116,0.2436,0.0,1.0,True,,,True,False
369,42,0.1344,-1.58621364832228076454626534739408971676476178106318473850379e-116,0.2436,0.0,1.0,True,,,True,False
370,42,0.1344,-2.85518456698010537618327762530936149017657120591373252930682e-116,0.2436,7.93106824161140382273132673697044858382380890531592369251894e-118,1.0,True,,,True,True
371,42,0.1344,9.51728188993368458727759208436453830058857068637910843102273e-117,0.2436,7.93106824161140382273132673697044858382380890531592369251894e-118,1.0,True,,,True,False
372,42,0.1344,-3.17242729664456152909253069478817943352952356212636947700758e-117,0.2436,0.0,1.0,True,,,True,True
373,42,0.1344,9.51728188993368458727759208436453830058857068637910843102273e-117,0.2436,7.93106824161140382273132673697044858382380890531592369251894e-118,1.0,True,,,True,False
374,42,0.1344,-3.17242729664456152909253069478817943352952356212636947700758e-117,0.2436,0.0,1.0,True,,,True,True
375,42,0.1344,9.51728188993368458727759208436453830058857068637910843102273e-117,0.2436,7.93106824161140382273132673697044858382380890531592369251894e-118,1.0,True,,,True,False
376,42,0.1344,9.51728188993368458727759208436453830058857068637910843102273e-117,0.2436,7.93106824161140382273132673697044858382380890531592369251894e-118,1.0,True,,,True,False
377,42,0.1344,9.51728188993368458727759208436453830058857068637910843102273e-117,0.2436,7.93106824161140382273132673697044858382380890531592369251894e-118,1.0,True,,,True,False
378,42,0.1344,9.51728188993368458727759208436453830058857068637910843102273e-117,0.2436,7.93106824161140382273132673697044858382380890531592369251894e-118,1.0,True,,,True,True
379,42,0.1344,3.48967002630901768200178376426699737688247591833900642470833e-116,0.2436,0.0,1.0,True,,,True,False
380,42,0.1344,2.2206991076511930703647714863517256034706664934884586339053e-116,0.2436,0.0,1.0,True,,,True,False
381,42,0.1344,2.2206991076511930703647714863517256034706664934884586339053e-116,0.2436,0.0,1.0,True,,,True,True
382,42,0.1344,3.48967002630901768200178376426699737688247591833900642470833e-116,0.2436,0.0,1.0,True,,,True,False
383,42,0.1344,2.2206991076511930703647714863517256034706664934884586339053e-116,0.2436,0.0,1.0,True,,,True,False
384,42,0.1344,9.51728188993368458727759208436453830058857068637910843102273e-117,0.2436,7.93106824161140382273132673697044858382380890531592369251894e-118,1.0,True,,,True,True
385,42,0.1344,3.48967002630901768200178376426699737688247591833900642470833e-116,0.2436,0.0,1.0,True,,,True,False
386,42,0.1344,9.51728188993368458727759208436453830058857068637910843102273e-117,0.2436,7.93106824161140382273132673697044858382380890531592369251894e-118,1.0,True,,,True,True
387,42,0.1344,2.2206991076511930703647714863517256034706664934884586339053e-116,0.2436,0.0,1.0,True,,,True,False
388,42,0.1344,2.2206991076511930703647714863517256034706664934884586339053e-116,0.2436,0.0,1.0,True,,,True,False
389,42,0.1344,2.2206991076511930703647714863517256034706664934884586339053e-116,0.2436,0.0,1.0,True,,,True,False
390,42,0.1344,2.2206991076511930703647714863517256034706664934884586339053e-116,0.2436,0.0,1.0,True,,,True,False
391,42,0.1344,2.2206991076511930703647714863517256034706664934884586339053e-116,0.2436,0.0,1.0,True,,,True,False
392,42,0.1344,2.2206991076511930703647714863517256034706664934884586339053e-116,0.2436,0.0,1.0,True,,,True,True
393,42,0.1344,3.48967002630901768200178376426699737688247591833900642470833e-116,0.2436,0.0,1.0,True,,,True,False
394,42,0.1344,2.2206991076511930703647714863517256034706664934884586339053e-116,0.2436,0.0,1.0,True,,,True,False
395,42,0.1344,2.2206991076511930703647714863517256034706664934884586339053e-116,0.2436,0.0,1.0,True,,,True,False
396,42,0.1344,2.2206991076511930703647714863517256034706664934884586339053e-116,0.2436,0.0,1.0,True,,,True,False
397,42,0.1344,2.2206991076511930703647714863517256034706664934884586339053e-116,0.2436,0.0,1.0,True,,,True,False
398,42,0.1344,2.2206991076511930703647714863517256034706664934884586339053e-116,0.2436,0.0,1.0,True,,,True,False
399,42,0.1344,2.2206991076511930703647714863517256034706664934884586339053e-116,0.2436,0.0,1.0,True,,,True,False
400,42,0.1344,9.51728188993368458727759208436453830058857068637910843102273e-117,0.2436,7.93106824161140382273132673697044858382380890531592369251894e-118,1.0,True,,,True,False
401,42,0.1344,9.51728188993368458727759208436453830058857068637910843102273e-117,0.2436,7.93106824161140382273132673697044858382380890531592369251894e-118,1.0,True,,,True,False
402,42,0.1344,9.51728188993368458727759208436453830058857068637910843102273e-117,0.2436,7.93106824161140382273132673697044858382380890531592369251894e-118,1.0,True,,,True,False
403,42,0.1344,-3.17242729664456152909253069478817943352952356212636947700758e-117,0.2436,0.0,1.0,True,,,True,True
404,42,0.1344,3.48967002630901768200178376426699737688247591833900642470833e-116,0.2436,0.0,1.0,True,,,True,False
405,42,0.1344,9.51728188993368458727759208436453830058857068637910843102273e-117,0.2436,7.93106824161140382273132673697044858382380890531592369251894e-118,1.0,True,,,True,True
406,42,0.1344,2.2206991076511930703647714863517256034706664934884586339053e-116,0.2436,0.0,1.0,True,,,True,False
407,42,0.1344,2.2206991076511930703647714863517256034706664934884586339053e-116,0.2436,0.0,1.0,True,,,True,False
408,42,0.1344,2.2206991076511930703647714863517256034706664934884586339053e-116,0.2436,0.0,1.0,True,,,True,True
409,42,0.1344,4.75864094496684229363879604218226915029428534318955421551136e-116,0.2436,7.93106824161140382273132673697044858382380890531592369251894e-118,1.0,True,,,True,False
410,42,0.1344,4.75864094496684229363879604218226915029428534318955421551136e-116,0.2436,7.93106824161140382273132673697044858382380890531592369251894e-118,1.0,True,,,True,False
411,42,0.1344,2.2206991076511930703647714863517256034706664934884586339053e-116,0.2436,0.0,1.0,True,,,True,True
412,42,0.1344,4.75864094496684229363879604218226915029428534318955421551136e-116,0.2436,7.93106824161140382273132673697044858382380890531592369251894e-118,1.0,True,,,True,False
413,42,0.1344,9.51728188993368458727759208436453830058857068637910843102273e-117,0.2436,7.93106824161140382273132673697044858382380890531592369251894e-118,1.0,True,,,True,True
414,42,0.1344,3.48967002630901768200178376426699737688247591833900642470833e-116,0.2436,0.0,1.0,True,,,True,True
415,42,0.1344,4.75864094496684229363879604218226915029428534318955421551136e-116,0.2436,7.93106824161140382273132673697044858382380890531592369251894e-118,1.0,True,,,True,False
416,42,0.1344,3.48967002630901768200178376426699737688247591833900642470833e-116,0.2436,0.0,1.0,True,,,True,False
417,42,0.1344,2.2206991076511930703647714863517256034706664934884586339053e-116,0.2436,0.0,1.0,True,,,True,False
418,42,0.1344,2.2206991076511930703647714863517256034706664934884586339053e-116,0.2436,0.0,1.0,True,,,True,True
419,42,0.1344,4.75864094496684229363879604218226915029428534318955421551136e-116,0.2436,7.93106824161140382273132673697044858382380890531592369251894e-118,1.0,True,,,True,True
420,42,0.1344,6.02761186362466690527580832009754092370609476804010200631439e-116,0.2436,-7.93106824161140382273132673697044858382380890531592369251894e-118,1.0,True,,,True,False
421,42,0.1344,6.02761186362466690527580832009754092370609476804010200631439e-116,0.2436,-7.93106824161140382273132673697044858382380890531592369251894e-118,1.0,True,,,True,False
422,42,0.1344,3.48967002630901768200178376426699737688247591833900642470833e-116,0.2436,0.0,1.0,True,,,True,False
423,42,0.1344,9.51728188993368458727759208436453830058857068637910843102273e-117,0.2436,7.93106824161140382273132673697044858382380890531592369251894e-118,1.0,True,,,True,True
424,42,0.1344,4.75864094496684229363879604218226915029428534318955421551136e-116,0.2436,7.93106824161140382273132673697044858382380890531592369251894e-118,1.0,True,,,True,False
425,42,0.1344,9.51728188993368458727759208436453830058857068637910843102273e-117,0.2436,7.93106824161140382273132673697044858382380890531592369251894e-118,1.0,True,,,True,True
426,42,0.1344,3.48967002630901768200178376426699737688247591833900642470833e-116,0.2436,0.0,1.0,True,,,True,False
427,42,0.1344,9.51728188993368458727759208436453830058857068637910843102273e-117,0.2436,7.93106824161140382273132673697044858382380890531592369251894e-118,1.0,True,,,True,True
428,42,0.1344,4.75864094496684229363879604218226915029428534318955421551136e-116,0.2436,7.93106824161140382273132673697044858382380890531592369251894e-118,1.0,True,,,True,False
429,42,0.1344,3.48967002630901768200178376426699737688247591833900642470833e-116,0.2436,0.0,1.0,True,,,True,False
430,42,0.1344,2.2206991076511930703647714863517256034706664934884586339053e-116,0.2436,0.0,1.0,True,,,True,True
431,42,0.1344,4.75864094496684229363879604218226915029428534318955421551136e-116,0.2436,7.93106824161140382273132673697044858382380890531592369251894e-118,1.0,True,,,True,False
432,42,0.1344,3.48967002630901768200178376426699737688247591833900642470833e-116,0.2436,0.0,1.0,True,,,True,False
433,42,0.1344,2.2206991076511930703647714863517256034706664934884586339053e-116,0.2436,0.0,1.0,True,,,True,True
434,42,0.1344,4.75864094496684229363879604218226915029428534318955421551136e-116,0.2436,7.93106824161140382273132673697044858382380890531592369251894e-118,1.0,True,,,True,False
435,42,0.1344,9.51728188993368458727759208436453830058857068637910843102273e-117,0.2436,7.93106824161140382273132673697044858382380890531592369251894e-118,1.0,True,,,True,True
436,42,0.1344,2.2206991076511930703647714863517256034706664934884586339053e-116,0.2436,0.0,1.0,True,,,True,True
437,42,0.1344,3.48967002630901768200178376426699737688247591833900642470833e-116,0.2436,0.0,1.0,True,,,True,True
438,42,0.1344,6.02761186362466690527580832009754092370609476804010200631439e-116,0.2436,-7.93106824161140382273132673697044858382380890531592369251894e-118,1.0,True,,,True,False
439,42,0.1344,6.02761186362466690527580832009754092370609476804010200631439e-116,0.2436,-7.93106824161140382273132673697044858382380890531592369251894e-118,1.0,True,,,True,False
440,42,0.1344,4.75864094496684229363879604218226915029428534318955421551136e-116,0.2436,7.93106824161140382273132673697044858382380890531592369251894e-118,1.0,True,,,True,True
441,42,0.1344,6.02761186362466690527580832009754092370609476804010200631439e-116,0.2436,-7.93106824161140382273132673697044858382380890531592369251894e-118,1.0,True,,,True,False
442,42,0.1344,-3.17242729664456152909253069478817943352952356212636947700758e-117,0.2436,0.0,1.0,True,,,True,True
443,42,0.1344,4.75864094496684229363879604218226915029428534318955421551136e-116,0.2436,7.93106824161140382273132673697044858382380890531592369251894e-118,1.0,True,,,True,False
444,42,0.1344,2.2206991076511930703647714863517256034706664934884586339053e-116,0.2436,0.0,1.0,True,,,True,True
445,42,0.1344,4.75864094496684229363879604218226915029428534318955421551136e-116,0.2436,7.93106824161140382273132673697044858382380890531592369251894e-118,1.0,True,,,True,False
446,42,0.1344,3.48967002630901768200178376426699737688247591833900642470833e-116,0.2436,0.0,1.0,True,,,True,False
447,42,0.1344,9.51728188993368458727759208436453830058857068637910843102273e-117,0.2436,7.93106824161140382273132673697044858382380890531592369251894e-118,1.0,True,,,True,True
448,42,0.1344,6.02761186362466690527580832009754092370609476804010200631439e-116,0.2436,-7.93106824161140382273132673697044858382380890531592369251894e-118,1.0,True,,,True,False
449,42,0.1344,3.48967002630901768200178376426699737688247591833900642470833e-116,0.2436,0.0,1.0,True,,,True,False
450,42,0.1344,3.48967002630901768200178376426699737688247591833900642470833e-116,0.2436,0.0,1.0,True,,,True,False
451,42,0.1344,9.51728188993368458727759208436453830058857068637910843102273e-117,0.2436,7.93106824161140382273132673697044858382380890531592369251894e-118,1.0,True,,,True,True
452,42,0.1344,3.48967002630901768200178376426699737688247591833900642470833e-116,0.2436,0.0,1.0,True,,,True,False
453,42,0.1344,9.51728188993368458727759208436453830058857068637910843102273e-117,0.2436,7.93106824161140382273132673697044858382380890531592369251894e-118,1.0,True,,,True,True
454,42,0.1344,2.2206991076511930703647714863517256034706664934884586339053e-116,0.2436,0.0,1.0,True,,,True,True
455,42,0.1344,3.48967002630901768200178376426699737688247591833900642470833e-116,0.2436,0.0,1.0,True,,,True,False
456,42,0.1344,3.48967002630901768200178376426699737688247591833900642470833e-116,0.2436,0.0,1.0,True,,,True,False
457,42,0.1344,2.2206991076511930703647714863517256034706664934884586339053e-116,0.2436,0.0,1.0,True,,,True,False
458,42,0.1344,9.51728188993368458727759208436453830058857068637910843102273e-117,0.2436,7.93106824161140382273132673697044858382380890531592369251894e-118,1.0,True,,,True,True
459,42,0.1344,4.75864094496684229363879604218226915029428534318955421551136e-116,0.2436,7.93106824161140382273132673697044858382380890531592369251894e-118,1.0,True,,,True,False
460,42,0.1344,3.48967002630901768200178376426699737688247591833900642470833e-116,0.2436,0.0,1.0,True,,,True,False
461,42,0.1344,2.2206991076511930703647714863517256034706664934884586339053e-116,0.2436,0.0,1.0,True,,,True,False
462,42,0.1344,2.2206991076511930703647714863517256034706664934884586339053e-116,0.2436,0.0,1.0,True,,,True,False
463,42,0.1344,-3.17242729664456152909253069478817943352952356212636947700758e-117,0.2436,0.0,1.0,True,,,True,True
464,42,0.1344,2.2206991076511930703647714863517256034706664934884586339053e-116,0.2436,0.0,1.0,True,,,True,True
465,42,0.1344,4.75864094496684229363879604218226915029428534318955421551136e-116,0.2436,7.93106824161140382273132673697044858382380890531592369251894e-118,1.0,True,,,True,False
466,42,0.1344,3.48967002630901768200178376426699737688247591833900642470833e-116,0.2436,0.0,1.0,True,,,True,False
467,42,0.1344,9.51728188993368458727759208436453830058857068637910843102273e-117,0.2436,7.93106824161140382273132673697044858382380890531592369251894e-118,1.0,True,,,True,True
468,42,0.1344,2.2206991076511930703647714863517256034706664934884586339053e-116,0.2436,0.0,1.0,True,,,True,True
469,42,0.1344,4.75864094496684229363879604218226915029428534318955421551136e-116,0.2436,7.93106824161140382273132673697044858382380890531592369251894e-118,1.0,True,,,True,False
470,42,0.1344,2.2206991076511930703647714863517256034706664934884586339053e-116,0.2436,0.0,1.0,True,,,True,False
471,42,0.1344,9.51728188993368458727759208436453830058857068637910843102273e-117,0.2436,7.93106824161140382273132673697044858382380890531592369251894e-118,1.0,True,,,True,True
472,42,0.1344,3.48967002630901768200178376426699737688247591833900642470833e-116,0.2436,0.0,1.0,True,,,True,False
473,42,0.1344,2.2206991076511930703647714863517256034706664934884586339053e-116,0.2436,0.0,1.0,True,,,True,True
474,42,0.1344,3.48967002630901768200178376426699737688247591833900642470833e-116,0.2436,0.0,1.0,True,,,True,False
475,42,0.1344,9.51728188993368458727759208436453830058857068637910843102273e-117,0.2436,7.93106824161140382273132673697044858382380890531592369251894e-118,1.0,True,,,True,False
476,42,0.1344,9.51728188993368458727759208436453830058857068637910843102273e-117,0.2436,7.93106824161140382273132673697044858382380890531592369251894e-118,1.0,True,,,True,False
477,42,0.1344,9.51728188993368458727759208436453830058857068637910843102273e-117,0.2436,7.93106824161140382273132673697044858382380890531592369251894e-118,1.0,True,,,True,False
478,42,0.1344,9.51728188993368458727759208436453830058857068637910843102273e-117,0.2436,7.93106824161140382273132673697044858382380890531592369251894e-118,1.0,True,,,True,False
479,42,0.1344,9.51728188993368458727759208436453830058857068637910843102273e-117,0.2436,7.93106824161140382273132673697044858382380890531592369251894e-118,1.0,True,,,True,False
480,42,0.1344,-3.17242729664456152909253069478817943352952356212636947700758e-117,0.2436,0.0,1.0,True,,,True,False
481,42,0.1344,-1.58621364832228076454626534739408971676476178106318473850379e-116,0.2436,0.0,1.0,True,,,True,True
482,42,0.1344,-3.17242729664456152909253069478817943352952356212636947700758e-117,0.2436,0.0,1.0,True,,,True,True
483,42,0.1344,9.51728188993368458727759208436453830058857068637910843102273e-117,0.2436,7.93106824161140382273132673697044858382380890531592369251894e-118,1.0,True,,,True,False
484,42,0.1344,-1.58621364832228076454626534739408971676476178106318473850379e-116,0.2436,0.0,1.0,True,,,True,True
485,42,0.1344,-3.17242729664456152909253069478817943352952356212636947700758e-117,0.2436,0.0,1.0,True,,,True,False
486,42,0.1344,-1.58621364832228076454626534739408971676476178106318473850379e-116,0.2436,0.0,1.0,True,,,True,True
487,42,0.1344,9.51728188993368458727759208436453830058857068637910843102273e-117,0.2436,7.93106824161140382273132673697044858382380890531592369251894e-118,1.0,True,,,True,False
488,42,0.1344,9.51728188993368458727759208436453830058857068637910843102273e-117,0.2436,7.93106824161140382273132673697044858382380890531592369251894e-118,1.0,True,,,True,False
489,42,0.1344,-3.17242729664456152909253069478817943352952356212636947700758e-117,0.2436,0.0,1.0,True,,,True,True
490,42,0.1344,9.51728188993368458727759208436453830058857068637910843102273e-117,0.2436,7.93106824161140382273132673697044858382380890531592369251894e-118,1.0,True,,,True,False
491,42,0.1344,9.51728188993368458727759208436453830058857068637910843102273e-117,0.2436,7.93106824161140382273132673697044858382380890531592369251894e-118,1.0,True,,,True,True
492,42,0.1344,2.2206991076511930703647714863517256034706664934884586339053e-116,0.2436,0.0,1.0,True,,,True,False
493,42,0.1344,-2.85518456698010537618327762530936149017657120591373252930682e-116,0.2436,7.93106824161140382273132673697044858382380890531592369251894e-118,1.0,True,,,True,True
494,42,0.1344,9.51728188993368458727759208436453830058857068637910843102273e-117,0.2436,7.93106824161140382273132673697044858382380890531592369251894e-118,1.0,True,,,True,False
495,42,0.1344,9.51728188993368458727759208436453830058857068637910843102273e-117,0.2436,7.93106824161140382273132673697044858382380890531592369251894e-118,1.0,True,,,True,False
496,42,0.1344,9.51728188993368458727759208436453830058857068637910843102273e-117,0.2436,7.93106824161140382273132673697044858382380890531592369251894e-118,1.0,True,,,True,True
497,42,0.1344,2.2206991076511930703647714863517256034706664934884586339053e-116,0.2436,0.0,1.0,True,,,True,False
498,42,0.1344,9.51728188993368458727759208436453830058857068637910843102273e-117,0.2436,7.93106824161140382273132673697044858382380890531592369251894e-118,1.0,True,,,True,True
499,42,0.1344,2.2206991076511930703647714863517256034706664934884586339053e-116,0.2436,0.0,1.0,True,,,True,False
